Borough,Month,Crime type,Number of crimes
Barking and Dagenham,2024-01-01,Anti-social behaviour,346
Barking and Dagenham,2024-01-01,Bicycle theft,5
Barking and Dagenham,2024-01-01,Burglary,98
Barking and Dagenham,2024-01-01,Criminal damage and arson,132
Barking and Dagenham,2024-01-01,Drugs,93
Barking and Dagenham,2024-01-01,Other crime,25
Barking and Dagenham,2024-01-01,Other theft,164
Barking and Dagenham,2024-01-01,Possession of weapons,7
Barking and Dagenham,2024-01-01,Public order,88
Barking and Dagenham,2024-01-01,Robbery,50
Barking and Dagenham,2024-01-01,Shoplifting,102
Barking and Dagenham,2024-01-01,Theft from the person,50
Barking and Dagenham,2024-01-01,Vehicle crime,228
Barking and Dagenham,2024-01-01,Violence and sexual offences,631
Barnet,2024-01-01,Anti-social behaviour,598
Barnet,2024-01-01,Bicycle theft,8
Barnet,2024-01-01,Burglary,216
Barnet,2024-01-01,Criminal damage and arson,144
Barnet,2024-01-01,Drugs,81
Barnet,2024-01-01,Other crime,30
Barnet,2024-01-01,Other theft,282
Barnet,2024-01-01,Possession of weapons,5
Barnet,2024-01-01,Public order,128
Barnet,2024-01-01,Robbery,73
Barnet,2024-01-01,Shoplifting,197
Barnet,2024-01-01,Theft from the person,64
Barnet,2024-01-01,Vehicle crime,394
Barnet,2024-01-01,Violence and sexual offences,656
Bexley,2024-01-01,Anti-social behaviour,249
Bexley,2024-01-01,Bicycle theft,7
Bexley,2024-01-01,Burglary,111
Bexley,2024-01-01,Criminal damage and arson,146
Bexley,2024-01-01,Drugs,30
Bexley,2024-01-01,Other crime,26
Bexley,2024-01-01,Other theft,132
Bexley,2024-01-01,Possession of weapons,9
Bexley,2024-01-01,Public order,91
Bexley,2024-01-01,Robbery,33
Bexley,2024-01-01,Shoplifting,90
Bexley,2024-01-01,Theft from the person,19
Bexley,2024-01-01,Vehicle crime,227
Bexley,2024-01-01,Violence and sexual offences,469
Brent,2024-01-01,Anti-social behaviour,756
Brent,2024-01-01,Bicycle theft,14
Brent,2024-01-01,Burglary,181
Brent,2024-01-01,Criminal damage and arson,186
Brent,2024-01-01,Drugs,117
Brent,2024-01-01,Other crime,16
Brent,2024-01-01,Other theft,328
Brent,2024-01-01,Possession of weapons,9
Brent,2024-01-01,Public order,151
Brent,2024-01-01,Robbery,86
Brent,2024-01-01,Shoplifting,210
Brent,2024-01-01,Theft from the person,145
Brent,2024-01-01,Vehicle crime,363
Brent,2024-01-01,Violence and sexual offences,750
Bromley,2024-01-01,Anti-social behaviour,374
Bromley,2024-01-01,Bicycle theft,11
Bromley,2024-01-01,Burglary,116
Bromley,2024-01-01,Criminal damage and arson,200
Bromley,2024-01-01,Drugs,57
Bromley,2024-01-01,Other crime,27
Bromley,2024-01-01,Other theft,146
Bromley,2024-01-01,Possession of weapons,14
Bromley,2024-01-01,Public order,106
Bromley,2024-01-01,Robbery,74
Bromley,2024-01-01,Shoplifting,171
Bromley,2024-01-01,Theft from the person,38
Bromley,2024-01-01,Vehicle crime,370
Bromley,2024-01-01,Violence and sexual offences,560
Camden,2024-01-01,Anti-social behaviour,718
Camden,2024-01-01,Bicycle theft,69
Camden,2024-01-01,Burglary,210
Camden,2024-01-01,Criminal damage and arson,127
Camden,2024-01-01,Drugs,138
Camden,2024-01-01,Other crime,18
Camden,2024-01-01,Other theft,650
Camden,2024-01-01,Possession of weapons,9
Camden,2024-01-01,Public order,139
Camden,2024-01-01,Robbery,139
Camden,2024-01-01,Shoplifting,186
Camden,2024-01-01,Theft from the person,582
Camden,2024-01-01,Vehicle crime,207
Camden,2024-01-01,Violence and sexual offences,657
City of London,2024-01-01,Anti-social behaviour,4
City of London,2024-01-01,Bicycle theft,3
City of London,2024-01-01,Burglary,4
City of London,2024-01-01,Criminal damage and arson,7
City of London,2024-01-01,Other theft,49
City of London,2024-01-01,Public order,5
City of London,2024-01-01,Robbery,2
City of London,2024-01-01,Shoplifting,12
City of London,2024-01-01,Theft from the person,16
City of London,2024-01-01,Vehicle crime,6
City of London,2024-01-01,Violence and sexual offences,11
Croydon,2024-01-01,Anti-social behaviour,583
Croydon,2024-01-01,Bicycle theft,19
Croydon,2024-01-01,Burglary,163
Croydon,2024-01-01,Criminal damage and arson,231
Croydon,2024-01-01,Drugs,126
Croydon,2024-01-01,Other crime,29
Croydon,2024-01-01,Other theft,281
Croydon,2024-01-01,Possession of weapons,28
Croydon,2024-01-01,Public order,202
Croydon,2024-01-01,Robbery,143
Croydon,2024-01-01,Shoplifting,207
Croydon,2024-01-01,Theft from the person,46
Croydon,2024-01-01,Vehicle crime,399
Croydon,2024-01-01,Violence and sexual offences,1026
Ealing,2024-01-01,Anti-social behaviour,792
Ealing,2024-01-01,Bicycle theft,28
Ealing,2024-01-01,Burglary,231
Ealing,2024-01-01,Criminal damage and arson,152
Ealing,2024-01-01,Drugs,87
Ealing,2024-01-01,Other crime,32
Ealing,2024-01-01,Other theft,255
Ealing,2024-01-01,Possession of weapons,8
Ealing,2024-01-01,Public order,152
Ealing,2024-01-01,Robbery,95
Ealing,2024-01-01,Shoplifting,161
Ealing,2024-01-01,Theft from the person,54
Ealing,2024-01-01,Vehicle crime,417
Ealing,2024-01-01,Violence and sexual offences,851
Enfield,2024-01-01,Anti-social behaviour,610
Enfield,2024-01-01,Bicycle theft,12
Enfield,2024-01-01,Burglary,220
Enfield,2024-01-01,Criminal damage and arson,180
Enfield,2024-01-01,Drugs,95
Enfield,2024-01-01,Other crime,26
Enfield,2024-01-01,Other theft,225
Enfield,2024-01-01,Possession of weapons,18
Enfield,2024-01-01,Public order,128
Enfield,2024-01-01,Robbery,96
Enfield,2024-01-01,Shoplifting,149
Enfield,2024-01-01,Theft from the person,73
Enfield,2024-01-01,Vehicle crime,444
Enfield,2024-01-01,Violence and sexual offences,747
Greenwich,2024-01-01,Anti-social behaviour,423
Greenwich,2024-01-01,Bicycle theft,22
Greenwich,2024-01-01,Burglary,179
Greenwich,2024-01-01,Criminal damage and arson,175
Greenwich,2024-01-01,Drugs,78
Greenwich,2024-01-01,Other crime,33
Greenwich,2024-01-01,Other theft,243
Greenwich,2024-01-01,Possession of weapons,23
Greenwich,2024-01-01,Public order,128
Greenwich,2024-01-01,Robbery,75
Greenwich,2024-01-01,Shoplifting,181
Greenwich,2024-01-01,Theft from the person,61
Greenwich,2024-01-01,Vehicle crime,305
Greenwich,2024-01-01,Violence and sexual offences,786
Hackney,2024-01-01,Anti-social behaviour,660
Hackney,2024-01-01,Bicycle theft,97
Hackney,2024-01-01,Burglary,236
Hackney,2024-01-01,Criminal damage and arson,155
Hackney,2024-01-01,Drugs,79
Hackney,2024-01-01,Other crime,23
Hackney,2024-01-01,Other theft,371
Hackney,2024-01-01,Possession of weapons,18
Hackney,2024-01-01,Public order,160
Hackney,2024-01-01,Robbery,152
Hackney,2024-01-01,Shoplifting,146
Hackney,2024-01-01,Theft from the person,338
Hackney,2024-01-01,Vehicle crime,216
Hackney,2024-01-01,Violence and sexual offences,763
Hammersmith and Fulham,2024-01-01,Anti-social behaviour,428
Hammersmith and Fulham,2024-01-01,Bicycle theft,47
Hammersmith and Fulham,2024-01-01,Burglary,121
Hammersmith and Fulham,2024-01-01,Criminal damage and arson,97
Hammersmith and Fulham,2024-01-01,Drugs,74
Hammersmith and Fulham,2024-01-01,Other crime,14
Hammersmith and Fulham,2024-01-01,Other theft,230
Hammersmith and Fulham,2024-01-01,Possession of weapons,6
Hammersmith and Fulham,2024-01-01,Public order,124
Hammersmith and Fulham,2024-01-01,Robbery,72
Hammersmith and Fulham,2024-01-01,Shoplifting,133
Hammersmith and Fulham,2024-01-01,Theft from the person,96
Hammersmith and Fulham,2024-01-01,Vehicle crime,225
Hammersmith and Fulham,2024-01-01,Violence and sexual offences,512
Haringey,2024-01-01,Anti-social behaviour,611
Haringey,2024-01-01,Bicycle theft,21
Haringey,2024-01-01,Burglary,158
Haringey,2024-01-01,Criminal damage and arson,155
Haringey,2024-01-01,Drugs,125
Haringey,2024-01-01,Other crime,28
Haringey,2024-01-01,Other theft,246
Haringey,2024-01-01,Possession of weapons,16
Haringey,2024-01-01,Public order,114
Haringey,2024-01-01,Robbery,92
Haringey,2024-01-01,Shoplifting,73
Haringey,2024-01-01,Theft from the person,201
Haringey,2024-01-01,Vehicle crime,295
Haringey,2024-01-01,Violence and sexual offences,675
Harrow,2024-01-01,Anti-social behaviour,384
Harrow,2024-01-01,Bicycle theft,1
Harrow,2024-01-01,Burglary,112
Harrow,2024-01-01,Criminal damage and arson,93
Harrow,2024-01-01,Drugs,39
Harrow,2024-01-01,Other crime,19
Harrow,2024-01-01,Other theft,142
Harrow,2024-01-01,Possession of weapons,10
Harrow,2024-01-01,Public order,81
Harrow,2024-01-01,Robbery,42
Harrow,2024-01-01,Shoplifting,101
Harrow,2024-01-01,Theft from the person,41
Harrow,2024-01-01,Vehicle crime,179
Harrow,2024-01-01,Violence and sexual offences,396
Havering,2024-01-01,Anti-social behaviour,323
Havering,2024-01-01,Bicycle theft,5
Havering,2024-01-01,Burglary,126
Havering,2024-01-01,Criminal damage and arson,173
Havering,2024-01-01,Drugs,57
Havering,2024-01-01,Other crime,20
Havering,2024-01-01,Other theft,170
Havering,2024-01-01,Possession of weapons,14
Havering,2024-01-01,Public order,84
Havering,2024-01-01,Robbery,60
Havering,2024-01-01,Shoplifting,181
Havering,2024-01-01,Theft from the person,28
Havering,2024-01-01,Vehicle crime,227
Havering,2024-01-01,Violence and sexual offences,566
Hillingdon,2024-01-01,Anti-social behaviour,569
Hillingdon,2024-01-01,Bicycle theft,11
Hillingdon,2024-01-01,Burglary,133
Hillingdon,2024-01-01,Criminal damage and arson,208
Hillingdon,2024-01-01,Drugs,71
Hillingdon,2024-01-01,Other crime,120
Hillingdon,2024-01-01,Other theft,306
Hillingdon,2024-01-01,Possession of weapons,13
Hillingdon,2024-01-01,Public order,140
Hillingdon,2024-01-01,Robbery,54
Hillingdon,2024-01-01,Shoplifting,170
Hillingdon,2024-01-01,Theft from the person,53
Hillingdon,2024-01-01,Vehicle crime,434
Hillingdon,2024-01-01,Violence and sexual offences,820
Hounslow,2024-01-01,Anti-social behaviour,529
Hounslow,2024-01-01,Bicycle theft,30
Hounslow,2024-01-01,Burglary,178
Hounslow,2024-01-01,Criminal damage and arson,158
Hounslow,2024-01-01,Drugs,78
Hounslow,2024-01-01,Other crime,31
Hounslow,2024-01-01,Other theft,209
Hounslow,2024-01-01,Possession of weapons,8
Hounslow,2024-01-01,Public order,132
Hounslow,2024-01-01,Robbery,49
Hounslow,2024-01-01,Shoplifting,152
Hounslow,2024-01-01,Theft from the person,43
Hounslow,2024-01-01,Vehicle crime,315
Hounslow,2024-01-01,Violence and sexual offences,704
Islington,2024-01-01,Anti-social behaviour,591
Islington,2024-01-01,Bicycle theft,47
Islington,2024-01-01,Burglary,152
Islington,2024-01-01,Criminal damage and arson,128
Islington,2024-01-01,Drugs,90
Islington,2024-01-01,Other crime,22
Islington,2024-01-01,Other theft,420
Islington,2024-01-01,Possession of weapons,8
Islington,2024-01-01,Public order,139
Islington,2024-01-01,Robbery,101
Islington,2024-01-01,Shoplifting,165
Islington,2024-01-01,Theft from the person,264
Islington,2024-01-01,Vehicle crime,180
Islington,2024-01-01,Violence and sexual offences,603
Kensington and Chelsea,2024-01-01,Anti-social behaviour,343
Kensington and Chelsea,2024-01-01,Bicycle theft,28
Kensington and Chelsea,2024-01-01,Burglary,121
Kensington and Chelsea,2024-01-01,Criminal damage and arson,103
Kensington and Chelsea,2024-01-01,Drugs,46
Kensington and Chelsea,2024-01-01,Other crime,11
Kensington and Chelsea,2024-01-01,Other theft,312
Kensington and Chelsea,2024-01-01,Possession of weapons,10
Kensington and Chelsea,2024-01-01,Public order,67
Kensington and Chelsea,2024-01-01,Robbery,62
Kensington and Chelsea,2024-01-01,Shoplifting,176
Kensington and Chelsea,2024-01-01,Theft from the person,209
Kensington and Chelsea,2024-01-01,Vehicle crime,275
Kensington and Chelsea,2024-01-01,Violence and sexual offences,368
Kingston upon Thames,2024-01-01,Anti-social behaviour,257
Kingston upon Thames,2024-01-01,Bicycle theft,18
Kingston upon Thames,2024-01-01,Burglary,47
Kingston upon Thames,2024-01-01,Criminal damage and arson,110
Kingston upon Thames,2024-01-01,Drugs,51
Kingston upon Thames,2024-01-01,Other crime,12
Kingston upon Thames,2024-01-01,Other theft,89
Kingston upon Thames,2024-01-01,Possession of weapons,3
Kingston upon Thames,2024-01-01,Public order,49
Kingston upon Thames,2024-01-01,Robbery,8
Kingston upon Thames,2024-01-01,Shoplifting,102
Kingston upon Thames,2024-01-01,Theft from the person,36
Kingston upon Thames,2024-01-01,Vehicle crime,95
Kingston upon Thames,2024-01-01,Violence and sexual offences,310
Lambeth,2024-01-01,Anti-social behaviour,652
Lambeth,2024-01-01,Bicycle theft,51
Lambeth,2024-01-01,Burglary,150
Lambeth,2024-01-01,Criminal damage and arson,184
Lambeth,2024-01-01,Drugs,117
Lambeth,2024-01-01,Other crime,15
Lambeth,2024-01-01,Other theft,449
Lambeth,2024-01-01,Possession of weapons,19
Lambeth,2024-01-01,Public order,175
Lambeth,2024-01-01,Robbery,206
Lambeth,2024-01-01,Shoplifting,144
Lambeth,2024-01-01,Theft from the person,269
Lambeth,2024-01-01,Vehicle crime,261
Lambeth,2024-01-01,Violence and sexual offences,809
Lewisham,2024-01-01,Anti-social behaviour,471
Lewisham,2024-01-01,Bicycle theft,18
Lewisham,2024-01-01,Burglary,187
Lewisham,2024-01-01,Criminal damage and arson,197
Lewisham,2024-01-01,Drugs,103
Lewisham,2024-01-01,Other crime,30
Lewisham,2024-01-01,Other theft,274
Lewisham,2024-01-01,Possession of weapons,18
Lewisham,2024-01-01,Public order,161
Lewisham,2024-01-01,Robbery,76
Lewisham,2024-01-01,Shoplifting,150
Lewisham,2024-01-01,Theft from the person,91
Lewisham,2024-01-01,Vehicle crime,279
Lewisham,2024-01-01,Violence and sexual offences,754
Merton,2024-01-01,Anti-social behaviour,221
Merton,2024-01-01,Bicycle theft,14
Merton,2024-01-01,Burglary,79
Merton,2024-01-01,Criminal damage and arson,85
Merton,2024-01-01,Drugs,40
Merton,2024-01-01,Other crime,16
Merton,2024-01-01,Other theft,123
Merton,2024-01-01,Possession of weapons,9
Merton,2024-01-01,Public order,57
Merton,2024-01-01,Robbery,38
Merton,2024-01-01,Shoplifting,111
Merton,2024-01-01,Theft from the person,19
Merton,2024-01-01,Vehicle crime,138
Merton,2024-01-01,Violence and sexual offences,433
Newham,2024-01-01,Anti-social behaviour,698
Newham,2024-01-01,Bicycle theft,26
Newham,2024-01-01,Burglary,180
Newham,2024-01-01,Criminal damage and arson,165
Newham,2024-01-01,Drugs,97
Newham,2024-01-01,Other crime,40
Newham,2024-01-01,Other theft,493
Newham,2024-01-01,Possession of weapons,14
Newham,2024-01-01,Public order,157
Newham,2024-01-01,Robbery,113
Newham,2024-01-01,Shoplifting,221
Newham,2024-01-01,Theft from the person,299
Newham,2024-01-01,Vehicle crime,376
Newham,2024-01-01,Violence and sexual offences,937
Redbridge,2024-01-01,Anti-social behaviour,456
Redbridge,2024-01-01,Bicycle theft,15
Redbridge,2024-01-01,Burglary,124
Redbridge,2024-01-01,Criminal damage and arson,133
Redbridge,2024-01-01,Drugs,84
Redbridge,2024-01-01,Other crime,29
Redbridge,2024-01-01,Other theft,237
Redbridge,2024-01-01,Possession of weapons,10
Redbridge,2024-01-01,Public order,105
Redbridge,2024-01-01,Robbery,54
Redbridge,2024-01-01,Shoplifting,103
Redbridge,2024-01-01,Theft from the person,96
Redbridge,2024-01-01,Vehicle crime,287
Redbridge,2024-01-01,Violence and sexual offences,679
Richmond upon Thames,2024-01-01,Anti-social behaviour,224
Richmond upon Thames,2024-01-01,Bicycle theft,18
Richmond upon Thames,2024-01-01,Burglary,98
Richmond upon Thames,2024-01-01,Criminal damage and arson,77
Richmond upon Thames,2024-01-01,Drugs,27
Richmond upon Thames,2024-01-01,Other crime,5
Richmond upon Thames,2024-01-01,Other theft,73
Richmond upon Thames,2024-01-01,Possession of weapons,1
Richmond upon Thames,2024-01-01,Public order,50
Richmond upon Thames,2024-01-01,Robbery,29
Richmond upon Thames,2024-01-01,Shoplifting,76
Richmond upon Thames,2024-01-01,Theft from the person,18
Richmond upon Thames,2024-01-01,Vehicle crime,164
Richmond upon Thames,2024-01-01,Violence and sexual offences,262
Southwark,2024-01-01,Anti-social behaviour,669
Southwark,2024-01-01,Bicycle theft,81
Southwark,2024-01-01,Burglary,204
Southwark,2024-01-01,Criminal damage and arson,165
Southwark,2024-01-01,Drugs,100
Southwark,2024-01-01,Other crime,24
Southwark,2024-01-01,Other theft,464
Southwark,2024-01-01,Possession of weapons,20
Southwark,2024-01-01,Public order,157
Southwark,2024-01-01,Robbery,192
Southwark,2024-01-01,Shoplifting,134
Southwark,2024-01-01,Theft from the person,473
Southwark,2024-01-01,Vehicle crime,266
Southwark,2024-01-01,Violence and sexual offences,779
Sutton,2024-01-01,Anti-social behaviour,219
Sutton,2024-01-01,Bicycle theft,6
Sutton,2024-01-01,Burglary,62
Sutton,2024-01-01,Criminal damage and arson,134
Sutton,2024-01-01,Drugs,32
Sutton,2024-01-01,Other crime,13
Sutton,2024-01-01,Other theft,102
Sutton,2024-01-01,Possession of weapons,7
Sutton,2024-01-01,Public order,75
Sutton,2024-01-01,Robbery,25
Sutton,2024-01-01,Shoplifting,93
Sutton,2024-01-01,Theft from the person,27
Sutton,2024-01-01,Vehicle crime,155
Sutton,2024-01-01,Violence and sexual offences,451
Tower Hamlets,2024-01-01,Anti-social behaviour,745
Tower Hamlets,2024-01-01,Bicycle theft,73
Tower Hamlets,2024-01-01,Burglary,239
Tower Hamlets,2024-01-01,Criminal damage and arson,160
Tower Hamlets,2024-01-01,Drugs,111
Tower Hamlets,2024-01-01,Other crime,19
Tower Hamlets,2024-01-01,Other theft,345
Tower Hamlets,2024-01-01,Possession of weapons,15
Tower Hamlets,2024-01-01,Public order,177
Tower Hamlets,2024-01-01,Robbery,108
Tower Hamlets,2024-01-01,Shoplifting,172
Tower Hamlets,2024-01-01,Theft from the person,231
Tower Hamlets,2024-01-01,Vehicle crime,269
Tower Hamlets,2024-01-01,Violence and sexual offences,816
Waltham Forest,2024-01-01,Anti-social behaviour,557
Waltham Forest,2024-01-01,Bicycle theft,28
Waltham Forest,2024-01-01,Burglary,121
Waltham Forest,2024-01-01,Criminal damage and arson,111
Waltham Forest,2024-01-01,Drugs,104
Waltham Forest,2024-01-01,Other crime,13
Waltham Forest,2024-01-01,Other theft,259
Waltham Forest,2024-01-01,Possession of weapons,18
Waltham Forest,2024-01-01,Public order,92
Waltham Forest,2024-01-01,Robbery,70
Waltham Forest,2024-01-01,Shoplifting,126
Waltham Forest,2024-01-01,Theft from the person,127
Waltham Forest,2024-01-01,Vehicle crime,243
Waltham Forest,2024-01-01,Violence and sexual offences,524
Wandsworth,2024-01-01,Anti-social behaviour,530
Wandsworth,2024-01-01,Bicycle theft,53
Wandsworth,2024-01-01,Burglary,187
Wandsworth,2024-01-01,Criminal damage and arson,163
Wandsworth,2024-01-01,Drugs,79
Wandsworth,2024-01-01,Other crime,25
Wandsworth,2024-01-01,Other theft,265
Wandsworth,2024-01-01,Possession of weapons,9
Wandsworth,2024-01-01,Public order,145
Wandsworth,2024-01-01,Robbery,99
Wandsworth,2024-01-01,Shoplifting,155
Wandsworth,2024-01-01,Theft from the person,67
Wandsworth,2024-01-01,Vehicle crime,305
Wandsworth,2024-01-01,Violence and sexual offences,622
Westminster,2024-01-01,Anti-social behaviour,919
Westminster,2024-01-01,Bicycle theft,73
Westminster,2024-01-01,Burglary,282
Westminster,2024-01-01,Criminal damage and arson,181
Westminster,2024-01-01,Drugs,172
Westminster,2024-01-01,Other crime,23
Westminster,2024-01-01,Other theft,1809
Westminster,2024-01-01,Possession of weapons,23
Westminster,2024-01-01,Public order,271
Westminster,2024-01-01,Robbery,317
Westminster,2024-01-01,Shoplifting,479
Westminster,2024-01-01,Theft from the person,2598
Westminster,2024-01-01,Vehicle crime,307
Westminster,2024-01-01,Violence and sexual offences,986
Barking and Dagenham,2024-02-01,Anti-social behaviour,251
Barking and Dagenham,2024-02-01,Bicycle theft,6
Barking and Dagenham,2024-02-01,Burglary,70
Barking and Dagenham,2024-02-01,Criminal damage and arson,125
Barking and Dagenham,2024-02-01,Drugs,68
Barking and Dagenham,2024-02-01,Other crime,23
Barking and Dagenham,2024-02-01,Other theft,137
Barking and Dagenham,2024-02-01,Possession of weapons,13
Barking and Dagenham,2024-02-01,Public order,104
Barking and Dagenham,2024-02-01,Robbery,82
Barking and Dagenham,2024-02-01,Shoplifting,100
Barking and Dagenham,2024-02-01,Theft from the person,63
Barking and Dagenham,2024-02-01,Vehicle crime,188
Barking and Dagenham,2024-02-01,Violence and sexual offences,611
Barnet,2024-02-01,Anti-social behaviour,640
Barnet,2024-02-01,Bicycle theft,11
Barnet,2024-02-01,Burglary,218
Barnet,2024-02-01,Criminal damage and arson,143
Barnet,2024-02-01,Drugs,75
Barnet,2024-02-01,Other crime,30
Barnet,2024-02-01,Other theft,251
Barnet,2024-02-01,Possession of weapons,8
Barnet,2024-02-01,Public order,141
Barnet,2024-02-01,Robbery,89
Barnet,2024-02-01,Shoplifting,242
Barnet,2024-02-01,Theft from the person,66
Barnet,2024-02-01,Vehicle crime,386
Barnet,2024-02-01,Violence and sexual offences,628
Bexley,2024-02-01,Anti-social behaviour,230
Bexley,2024-02-01,Bicycle theft,3
Bexley,2024-02-01,Burglary,81
Bexley,2024-02-01,Criminal damage and arson,170
Bexley,2024-02-01,Drugs,52
Bexley,2024-02-01,Other crime,12
Bexley,2024-02-01,Other theft,112
Bexley,2024-02-01,Possession of weapons,8
Bexley,2024-02-01,Public order,90
Bexley,2024-02-01,Robbery,23
Bexley,2024-02-01,Shoplifting,91
Bexley,2024-02-01,Theft from the person,11
Bexley,2024-02-01,Vehicle crime,168
Bexley,2024-02-01,Violence and sexual offences,440
Brent,2024-02-01,Anti-social behaviour,731
Brent,2024-02-01,Bicycle theft,25
Brent,2024-02-01,Burglary,206
Brent,2024-02-01,Criminal damage and arson,178
Brent,2024-02-01,Drugs,134
Brent,2024-02-01,Other crime,27
Brent,2024-02-01,Other theft,325
Brent,2024-02-01,Possession of weapons,15
Brent,2024-02-01,Public order,166
Brent,2024-02-01,Robbery,69
Brent,2024-02-01,Shoplifting,210
Brent,2024-02-01,Theft from the person,180
Brent,2024-02-01,Vehicle crime,292
Brent,2024-02-01,Violence and sexual offences,803
Bromley,2024-02-01,Anti-social behaviour,388
Bromley,2024-02-01,Bicycle theft,9
Bromley,2024-02-01,Burglary,129
Bromley,2024-02-01,Criminal damage and arson,183
Bromley,2024-02-01,Drugs,54
Bromley,2024-02-01,Other crime,19
Bromley,2024-02-01,Other theft,169
Bromley,2024-02-01,Possession of weapons,8
Bromley,2024-02-01,Public order,106
Bromley,2024-02-01,Robbery,48
Bromley,2024-02-01,Shoplifting,202
Bromley,2024-02-01,Theft from the person,62
Bromley,2024-02-01,Vehicle crime,291
Bromley,2024-02-01,Violence and sexual offences,628
Camden,2024-02-01,Anti-social behaviour,735
Camden,2024-02-01,Bicycle theft,52
Camden,2024-02-01,Burglary,172
Camden,2024-02-01,Criminal damage and arson,139
Camden,2024-02-01,Drugs,121
Camden,2024-02-01,Other crime,11
Camden,2024-02-01,Other theft,826
Camden,2024-02-01,Possession of weapons,9
Camden,2024-02-01,Public order,200
Camden,2024-02-01,Robbery,144
Camden,2024-02-01,Shoplifting,241
Camden,2024-02-01,Theft from the person,793
Camden,2024-02-01,Vehicle crime,248
Camden,2024-02-01,Violence and sexual offences,614
City of London,2024-02-01,Anti-social behaviour,6
City of London,2024-02-01,Bicycle theft,5
City of London,2024-02-01,Burglary,1
City of London,2024-02-01,Criminal damage and arson,2
City of London,2024-02-01,Drugs,1
City of London,2024-02-01,Other crime,1
City of London,2024-02-01,Other theft,45
City of London,2024-02-01,Public order,1
City of London,2024-02-01,Robbery,3
City of London,2024-02-01,Shoplifting,12
City of London,2024-02-01,Theft from the person,17
City of London,2024-02-01,Violence and sexual offences,12
Croydon,2024-02-01,Anti-social behaviour,615
Croydon,2024-02-01,Bicycle theft,9
Croydon,2024-02-01,Burglary,179
Croydon,2024-02-01,Criminal damage and arson,220
Croydon,2024-02-01,Drugs,105
Croydon,2024-02-01,Other crime,37
Croydon,2024-02-01,Other theft,204
Croydon,2024-02-01,Possession of weapons,17
Croydon,2024-02-01,Public order,154
Croydon,2024-02-01,Robbery,129
Croydon,2024-02-01,Shoplifting,211
Croydon,2024-02-01,Theft from the person,62
Croydon,2024-02-01,Vehicle crime,377
Croydon,2024-02-01,Violence and sexual offences,971
Ealing,2024-02-01,Anti-social behaviour,785
Ealing,2024-02-01,Bicycle theft,35
Ealing,2024-02-01,Burglary,192
Ealing,2024-02-01,Criminal damage and arson,142
Ealing,2024-02-01,Drugs,106
Ealing,2024-02-01,Other crime,26
Ealing,2024-02-01,Other theft,279
Ealing,2024-02-01,Possession of weapons,10
Ealing,2024-02-01,Public order,146
Ealing,2024-02-01,Robbery,101
Ealing,2024-02-01,Shoplifting,154
Ealing,2024-02-01,Theft from the person,88
Ealing,2024-02-01,Vehicle crime,360
Ealing,2024-02-01,Violence and sexual offences,895
Enfield,2024-02-01,Anti-social behaviour,556
Enfield,2024-02-01,Bicycle theft,11
Enfield,2024-02-01,Burglary,145
Enfield,2024-02-01,Criminal damage and arson,117
Enfield,2024-02-01,Drugs,93
Enfield,2024-02-01,Other crime,24
Enfield,2024-02-01,Other theft,236
Enfield,2024-02-01,Possession of weapons,26
Enfield,2024-02-01,Public order,121
Enfield,2024-02-01,Robbery,76
Enfield,2024-02-01,Shoplifting,137
Enfield,2024-02-01,Theft from the person,67
Enfield,2024-02-01,Vehicle crime,377
Enfield,2024-02-01,Violence and sexual offences,758
Greenwich,2024-02-01,Anti-social behaviour,472
Greenwich,2024-02-01,Bicycle theft,24
Greenwich,2024-02-01,Burglary,125
Greenwich,2024-02-01,Criminal damage and arson,178
Greenwich,2024-02-01,Drugs,106
Greenwich,2024-02-01,Other crime,31
Greenwich,2024-02-01,Other theft,206
Greenwich,2024-02-01,Possession of weapons,14
Greenwich,2024-02-01,Public order,123
Greenwich,2024-02-01,Robbery,68
Greenwich,2024-02-01,Shoplifting,177
Greenwich,2024-02-01,Theft from the person,45
Greenwich,2024-02-01,Vehicle crime,254
Greenwich,2024-02-01,Violence and sexual offences,749
Hackney,2024-02-01,Anti-social behaviour,654
Hackney,2024-02-01,Bicycle theft,90
Hackney,2024-02-01,Burglary,216
Hackney,2024-02-01,Criminal damage and arson,167
Hackney,2024-02-01,Drugs,92
Hackney,2024-02-01,Other crime,12
Hackney,2024-02-01,Other theft,343
Hackney,2024-02-01,Possession of weapons,13
Hackney,2024-02-01,Public order,163
Hackney,2024-02-01,Robbery,129
Hackney,2024-02-01,Shoplifting,115
Hackney,2024-02-01,Theft from the person,372
Hackney,2024-02-01,Vehicle crime,194
Hackney,2024-02-01,Violence and sexual offences,671
Hammersmith and Fulham,2024-02-01,Anti-social behaviour,468
Hammersmith and Fulham,2024-02-01,Bicycle theft,60
Hammersmith and Fulham,2024-02-01,Burglary,108
Hammersmith and Fulham,2024-02-01,Criminal damage and arson,107
Hammersmith and Fulham,2024-02-01,Drugs,69
Hammersmith and Fulham,2024-02-01,Other crime,20
Hammersmith and Fulham,2024-02-01,Other theft,258
Hammersmith and Fulham,2024-02-01,Possession of weapons,6
Hammersmith and Fulham,2024-02-01,Public order,119
Hammersmith and Fulham,2024-02-01,Robbery,46
Hammersmith and Fulham,2024-02-01,Shoplifting,187
Hammersmith and Fulham,2024-02-01,Theft from the person,101
Hammersmith and Fulham,2024-02-01,Vehicle crime,178
Hammersmith and Fulham,2024-02-01,Violence and sexual offences,491
Haringey,2024-02-01,Anti-social behaviour,640
Haringey,2024-02-01,Bicycle theft,31
Haringey,2024-02-01,Burglary,109
Haringey,2024-02-01,Criminal damage and arson,132
Haringey,2024-02-01,Drugs,118
Haringey,2024-02-01,Other crime,19
Haringey,2024-02-01,Other theft,252
Haringey,2024-02-01,Possession of weapons,16
Haringey,2024-02-01,Public order,161
Haringey,2024-02-01,Robbery,88
Haringey,2024-02-01,Shoplifting,87
Haringey,2024-02-01,Theft from the person,200
Haringey,2024-02-01,Vehicle crime,308
Haringey,2024-02-01,Violence and sexual offences,664
Harrow,2024-02-01,Anti-social behaviour,354
Harrow,2024-02-01,Bicycle theft,9
Harrow,2024-02-01,Burglary,114
Harrow,2024-02-01,Criminal damage and arson,91
Harrow,2024-02-01,Drugs,48
Harrow,2024-02-01,Other crime,17
Harrow,2024-02-01,Other theft,149
Harrow,2024-02-01,Possession of weapons,5
Harrow,2024-02-01,Public order,77
Harrow,2024-02-01,Robbery,36
Harrow,2024-02-01,Shoplifting,108
Harrow,2024-02-01,Theft from the person,61
Harrow,2024-02-01,Vehicle crime,138
Harrow,2024-02-01,Violence and sexual offences,409
Havering,2024-02-01,Anti-social behaviour,362
Havering,2024-02-01,Bicycle theft,4
Havering,2024-02-01,Burglary,107
Havering,2024-02-01,Criminal damage and arson,146
Havering,2024-02-01,Drugs,60
Havering,2024-02-01,Other crime,17
Havering,2024-02-01,Other theft,177
Havering,2024-02-01,Possession of weapons,10
Havering,2024-02-01,Public order,98
Havering,2024-02-01,Robbery,62
Havering,2024-02-01,Shoplifting,193
Havering,2024-02-01,Theft from the person,28
Havering,2024-02-01,Vehicle crime,182
Havering,2024-02-01,Violence and sexual offences,647
Hillingdon,2024-02-01,Anti-social behaviour,555
Hillingdon,2024-02-01,Bicycle theft,12
Hillingdon,2024-02-01,Burglary,137
Hillingdon,2024-02-01,Criminal damage and arson,193
Hillingdon,2024-02-01,Drugs,72
Hillingdon,2024-02-01,Other crime,111
Hillingdon,2024-02-01,Other theft,292
Hillingdon,2024-02-01,Possession of weapons,15
Hillingdon,2024-02-01,Public order,165
Hillingdon,2024-02-01,Robbery,49
Hillingdon,2024-02-01,Shoplifting,202
Hillingdon,2024-02-01,Theft from the person,28
Hillingdon,2024-02-01,Vehicle crime,319
Hillingdon,2024-02-01,Violence and sexual offences,726
Hounslow,2024-02-01,Anti-social behaviour,558
Hounslow,2024-02-01,Bicycle theft,28
Hounslow,2024-02-01,Burglary,184
Hounslow,2024-02-01,Criminal damage and arson,147
Hounslow,2024-02-01,Drugs,55
Hounslow,2024-02-01,Other crime,20
Hounslow,2024-02-01,Other theft,237
Hounslow,2024-02-01,Possession of weapons,13
Hounslow,2024-02-01,Public order,177
Hounslow,2024-02-01,Robbery,70
Hounslow,2024-02-01,Shoplifting,188
Hounslow,2024-02-01,Theft from the person,51
Hounslow,2024-02-01,Vehicle crime,266
Hounslow,2024-02-01,Violence and sexual offences,740
Islington,2024-02-01,Anti-social behaviour,650
Islington,2024-02-01,Bicycle theft,66
Islington,2024-02-01,Burglary,131
Islington,2024-02-01,Criminal damage and arson,117
Islington,2024-02-01,Drugs,111
Islington,2024-02-01,Other crime,16
Islington,2024-02-01,Other theft,450
Islington,2024-02-01,Possession of weapons,13
Islington,2024-02-01,Public order,147
Islington,2024-02-01,Robbery,75
Islington,2024-02-01,Shoplifting,171
Islington,2024-02-01,Theft from the person,269
Islington,2024-02-01,Vehicle crime,162
Islington,2024-02-01,Violence and sexual offences,566
Kensington and Chelsea,2024-02-01,Anti-social behaviour,312
Kensington and Chelsea,2024-02-01,Bicycle theft,22
Kensington and Chelsea,2024-02-01,Burglary,116
Kensington and Chelsea,2024-02-01,Criminal damage and arson,101
Kensington and Chelsea,2024-02-01,Drugs,45
Kensington and Chelsea,2024-02-01,Other crime,12
Kensington and Chelsea,2024-02-01,Other theft,412
Kensington and Chelsea,2024-02-01,Possession of weapons,8
Kensington and Chelsea,2024-02-01,Public order,79
Kensington and Chelsea,2024-02-01,Robbery,55
Kensington and Chelsea,2024-02-01,Shoplifting,155
Kensington and Chelsea,2024-02-01,Theft from the person,237
Kensington and Chelsea,2024-02-01,Vehicle crime,292
Kensington and Chelsea,2024-02-01,Violence and sexual offences,373
Kingston upon Thames,2024-02-01,Anti-social behaviour,244
Kingston upon Thames,2024-02-01,Bicycle theft,21
Kingston upon Thames,2024-02-01,Burglary,43
Kingston upon Thames,2024-02-01,Criminal damage and arson,83
Kingston upon Thames,2024-02-01,Drugs,60
Kingston upon Thames,2024-02-01,Other crime,4
Kingston upon Thames,2024-02-01,Other theft,103
Kingston upon Thames,2024-02-01,Possession of weapons,5
Kingston upon Thames,2024-02-01,Public order,47
Kingston upon Thames,2024-02-01,Robbery,19
Kingston upon Thames,2024-02-01,Shoplifting,114
Kingston upon Thames,2024-02-01,Theft from the person,39
Kingston upon Thames,2024-02-01,Vehicle crime,76
Kingston upon Thames,2024-02-01,Violence and sexual offences,291
Lambeth,2024-02-01,Anti-social behaviour,735
Lambeth,2024-02-01,Bicycle theft,74
Lambeth,2024-02-01,Burglary,147
Lambeth,2024-02-01,Criminal damage and arson,182
Lambeth,2024-02-01,Drugs,92
Lambeth,2024-02-01,Other crime,24
Lambeth,2024-02-01,Other theft,426
Lambeth,2024-02-01,Possession of weapons,20
Lambeth,2024-02-01,Public order,166
Lambeth,2024-02-01,Robbery,168
Lambeth,2024-02-01,Shoplifting,185
Lambeth,2024-02-01,Theft from the person,294
Lambeth,2024-02-01,Vehicle crime,307
Lambeth,2024-02-01,Violence and sexual offences,818
Lewisham,2024-02-01,Anti-social behaviour,465
Lewisham,2024-02-01,Bicycle theft,49
Lewisham,2024-02-01,Burglary,153
Lewisham,2024-02-01,Criminal damage and arson,182
Lewisham,2024-02-01,Drugs,95
Lewisham,2024-02-01,Other crime,24
Lewisham,2024-02-01,Other theft,215
Lewisham,2024-02-01,Possession of weapons,19
Lewisham,2024-02-01,Public order,168
Lewisham,2024-02-01,Robbery,54
Lewisham,2024-02-01,Shoplifting,175
Lewisham,2024-02-01,Theft from the person,85
Lewisham,2024-02-01,Vehicle crime,292
Lewisham,2024-02-01,Violence and sexual offences,752
Merton,2024-02-01,Anti-social behaviour,276
Merton,2024-02-01,Bicycle theft,24
Merton,2024-02-01,Burglary,51
Merton,2024-02-01,Criminal damage and arson,68
Merton,2024-02-01,Drugs,39
Merton,2024-02-01,Other crime,12
Merton,2024-02-01,Other theft,132
Merton,2024-02-01,Possession of weapons,6
Merton,2024-02-01,Public order,74
Merton,2024-02-01,Robbery,43
Merton,2024-02-01,Shoplifting,108
Merton,2024-02-01,Theft from the person,29
Merton,2024-02-01,Vehicle crime,154
Merton,2024-02-01,Violence and sexual offences,361
Newham,2024-02-01,Anti-social behaviour,800
Newham,2024-02-01,Bicycle theft,33
Newham,2024-02-01,Burglary,177
Newham,2024-02-01,Criminal damage and arson,164
Newham,2024-02-01,Drugs,141
Newham,2024-02-01,Other crime,43
Newham,2024-02-01,Other theft,421
Newham,2024-02-01,Possession of weapons,18
Newham,2024-02-01,Public order,169
Newham,2024-02-01,Robbery,134
Newham,2024-02-01,Shoplifting,193
Newham,2024-02-01,Theft from the person,385
Newham,2024-02-01,Vehicle crime,346
Newham,2024-02-01,Violence and sexual offences,878
Redbridge,2024-02-01,Anti-social behaviour,380
Redbridge,2024-02-01,Bicycle theft,12
Redbridge,2024-02-01,Burglary,124
Redbridge,2024-02-01,Criminal damage and arson,119
Redbridge,2024-02-01,Drugs,72
Redbridge,2024-02-01,Other crime,22
Redbridge,2024-02-01,Other theft,220
Redbridge,2024-02-01,Possession of weapons,14
Redbridge,2024-02-01,Public order,120
Redbridge,2024-02-01,Robbery,59
Redbridge,2024-02-01,Shoplifting,114
Redbridge,2024-02-01,Theft from the person,130
Redbridge,2024-02-01,Vehicle crime,251
Redbridge,2024-02-01,Violence and sexual offences,644
Richmond upon Thames,2024-02-01,Anti-social behaviour,239
Richmond upon Thames,2024-02-01,Bicycle theft,27
Richmond upon Thames,2024-02-01,Burglary,106
Richmond upon Thames,2024-02-01,Criminal damage and arson,54
Richmond upon Thames,2024-02-01,Drugs,26
Richmond upon Thames,2024-02-01,Other crime,8
Richmond upon Thames,2024-02-01,Other theft,87
Richmond upon Thames,2024-02-01,Possession of weapons,1
Richmond upon Thames,2024-02-01,Public order,64
Richmond upon Thames,2024-02-01,Robbery,22
Richmond upon Thames,2024-02-01,Shoplifting,78
Richmond upon Thames,2024-02-01,Theft from the person,21
Richmond upon Thames,2024-02-01,Vehicle crime,159
Richmond upon Thames,2024-02-01,Violence and sexual offences,284
Southwark,2024-02-01,Anti-social behaviour,702
Southwark,2024-02-01,Bicycle theft,81
Southwark,2024-02-01,Burglary,141
Southwark,2024-02-01,Criminal damage and arson,151
Southwark,2024-02-01,Drugs,92
Southwark,2024-02-01,Other crime,27
Southwark,2024-02-01,Other theft,474
Southwark,2024-02-01,Possession of weapons,28
Southwark,2024-02-01,Public order,153
Southwark,2024-02-01,Robbery,165
Southwark,2024-02-01,Shoplifting,93
Southwark,2024-02-01,Theft from the person,559
Southwark,2024-02-01,Vehicle crime,253
Southwark,2024-02-01,Violence and sexual offences,686
Sutton,2024-02-01,Anti-social behaviour,204
Sutton,2024-02-01,Bicycle theft,11
Sutton,2024-02-01,Burglary,48
Sutton,2024-02-01,Criminal damage and arson,83
Sutton,2024-02-01,Drugs,32
Sutton,2024-02-01,Other crime,17
Sutton,2024-02-01,Other theft,80
Sutton,2024-02-01,Possession of weapons,7
Sutton,2024-02-01,Public order,65
Sutton,2024-02-01,Robbery,29
Sutton,2024-02-01,Shoplifting,96
Sutton,2024-02-01,Theft from the person,16
Sutton,2024-02-01,Vehicle crime,124
Sutton,2024-02-01,Violence and sexual offences,370
Tower Hamlets,2024-02-01,Anti-social behaviour,799
Tower Hamlets,2024-02-01,Bicycle theft,80
Tower Hamlets,2024-02-01,Burglary,185
Tower Hamlets,2024-02-01,Criminal damage and arson,186
Tower Hamlets,2024-02-01,Drugs,121
Tower Hamlets,2024-02-01,Other crime,24
Tower Hamlets,2024-02-01,Other theft,369
Tower Hamlets,2024-02-01,Possession of weapons,19
Tower Hamlets,2024-02-01,Public order,200
Tower Hamlets,2024-02-01,Robbery,85
Tower Hamlets,2024-02-01,Shoplifting,161
Tower Hamlets,2024-02-01,Theft from the person,248
Tower Hamlets,2024-02-01,Vehicle crime,248
Tower Hamlets,2024-02-01,Violence and sexual offences,860
Waltham Forest,2024-02-01,Anti-social behaviour,627
Waltham Forest,2024-02-01,Bicycle theft,33
Waltham Forest,2024-02-01,Burglary,117
Waltham Forest,2024-02-01,Criminal damage and arson,122
Waltham Forest,2024-02-01,Drugs,87
Waltham Forest,2024-02-01,Other crime,15
Waltham Forest,2024-02-01,Other theft,235
Waltham Forest,2024-02-01,Possession of weapons,15
Waltham Forest,2024-02-01,Public order,105
Waltham Forest,2024-02-01,Robbery,66
Waltham Forest,2024-02-01,Shoplifting,111
Waltham Forest,2024-02-01,Theft from the person,178
Waltham Forest,2024-02-01,Vehicle crime,247
Waltham Forest,2024-02-01,Violence and sexual offences,522
Wandsworth,2024-02-01,Anti-social behaviour,564
Wandsworth,2024-02-01,Bicycle theft,71
Wandsworth,2024-02-01,Burglary,145
Wandsworth,2024-02-01,Criminal damage and arson,138
Wandsworth,2024-02-01,Drugs,97
Wandsworth,2024-02-01,Other crime,37
Wandsworth,2024-02-01,Other theft,246
Wandsworth,2024-02-01,Possession of weapons,18
Wandsworth,2024-02-01,Public order,135
Wandsworth,2024-02-01,Robbery,62
Wandsworth,2024-02-01,Shoplifting,198
Wandsworth,2024-02-01,Theft from the person,76
Wandsworth,2024-02-01,Vehicle crime,240
Wandsworth,2024-02-01,Violence and sexual offences,568
Westminster,2024-02-01,Anti-social behaviour,946
Westminster,2024-02-01,Bicycle theft,77
Westminster,2024-02-01,Burglary,185
Westminster,2024-02-01,Criminal damage and arson,176
Westminster,2024-02-01,Drugs,164
Westminster,2024-02-01,Other crime,19
Westminster,2024-02-01,Other theft,2031
Westminster,2024-02-01,Possession of weapons,19
Westminster,2024-02-01,Public order,239
Westminster,2024-02-01,Robbery,270
Westminster,2024-02-01,Shoplifting,461
Westminster,2024-02-01,Theft from the person,2879
Westminster,2024-02-01,Vehicle crime,364
Westminster,2024-02-01,Violence and sexual offences,950
Barking and Dagenham,2024-03-01,Anti-social behaviour,360
Barking and Dagenham,2024-03-01,Bicycle theft,4
Barking and Dagenham,2024-03-01,Burglary,78
Barking and Dagenham,2024-03-01,Criminal damage and arson,134
Barking and Dagenham,2024-03-01,Drugs,96
Barking and Dagenham,2024-03-01,Other crime,15
Barking and Dagenham,2024-03-01,Other theft,161
Barking and Dagenham,2024-03-01,Possession of weapons,8
Barking and Dagenham,2024-03-01,Public order,97
Barking and Dagenham,2024-03-01,Robbery,108
Barking and Dagenham,2024-03-01,Shoplifting,106
Barking and Dagenham,2024-03-01,Theft from the person,75
Barking and Dagenham,2024-03-01,Vehicle crime,220
Barking and Dagenham,2024-03-01,Violence and sexual offences,626
Barnet,2024-03-01,Anti-social behaviour,676
Barnet,2024-03-01,Bicycle theft,18
Barnet,2024-03-01,Burglary,230
Barnet,2024-03-01,Criminal damage and arson,162
Barnet,2024-03-01,Drugs,77
Barnet,2024-03-01,Other crime,27
Barnet,2024-03-01,Other theft,249
Barnet,2024-03-01,Possession of weapons,14
Barnet,2024-03-01,Public order,141
Barnet,2024-03-01,Robbery,76
Barnet,2024-03-01,Shoplifting,216
Barnet,2024-03-01,Theft from the person,86
Barnet,2024-03-01,Vehicle crime,317
Barnet,2024-03-01,Violence and sexual offences,642
Bexley,2024-03-01,Anti-social behaviour,263
Bexley,2024-03-01,Bicycle theft,8
Bexley,2024-03-01,Burglary,79
Bexley,2024-03-01,Criminal damage and arson,122
Bexley,2024-03-01,Drugs,63
Bexley,2024-03-01,Other crime,21
Bexley,2024-03-01,Other theft,121
Bexley,2024-03-01,Possession of weapons,10
Bexley,2024-03-01,Public order,101
Bexley,2024-03-01,Robbery,36
Bexley,2024-03-01,Shoplifting,222
Bexley,2024-03-01,Theft from the person,12
Bexley,2024-03-01,Vehicle crime,193
Bexley,2024-03-01,Violence and sexual offences,467
Brent,2024-03-01,Anti-social behaviour,765
Brent,2024-03-01,Bicycle theft,20
Brent,2024-03-01,Burglary,208
Brent,2024-03-01,Criminal damage and arson,176
Brent,2024-03-01,Drugs,106
Brent,2024-03-01,Other crime,33
Brent,2024-03-01,Other theft,320
Brent,2024-03-01,Possession of weapons,17
Brent,2024-03-01,Public order,172
Brent,2024-03-01,Robbery,79
Brent,2024-03-01,Shoplifting,267
Brent,2024-03-01,Theft from the person,184
Brent,2024-03-01,Vehicle crime,300
Brent,2024-03-01,Violence and sexual offences,836
Bromley,2024-03-01,Anti-social behaviour,444
Bromley,2024-03-01,Bicycle theft,13
Bromley,2024-03-01,Burglary,125
Bromley,2024-03-01,Criminal damage and arson,173
Bromley,2024-03-01,Drugs,56
Bromley,2024-03-01,Other crime,30
Bromley,2024-03-01,Other theft,154
Bromley,2024-03-01,Possession of weapons,10
Bromley,2024-03-01,Public order,128
Bromley,2024-03-01,Robbery,43
Bromley,2024-03-01,Shoplifting,225
Bromley,2024-03-01,Theft from the person,65
Bromley,2024-03-01,Vehicle crime,312
Bromley,2024-03-01,Violence and sexual offences,642
Camden,2024-03-01,Anti-social behaviour,767
Camden,2024-03-01,Bicycle theft,43
Camden,2024-03-01,Burglary,205
Camden,2024-03-01,Criminal damage and arson,121
Camden,2024-03-01,Drugs,105
Camden,2024-03-01,Other crime,16
Camden,2024-03-01,Other theft,560
Camden,2024-03-01,Possession of weapons,14
Camden,2024-03-01,Public order,146
Camden,2024-03-01,Robbery,135
Camden,2024-03-01,Shoplifting,227
Camden,2024-03-01,Theft from the person,968
Camden,2024-03-01,Vehicle crime,224
Camden,2024-03-01,Violence and sexual offences,611
City of London,2024-03-01,Anti-social behaviour,11
City of London,2024-03-01,Burglary,2
City of London,2024-03-01,Criminal damage and arson,4
City of London,2024-03-01,Drugs,1
City of London,2024-03-01,Other theft,22
City of London,2024-03-01,Public order,5
City of London,2024-03-01,Robbery,4
City of London,2024-03-01,Shoplifting,11
City of London,2024-03-01,Theft from the person,19
City of London,2024-03-01,Violence and sexual offences,12
Croydon,2024-03-01,Anti-social behaviour,709
Croydon,2024-03-01,Bicycle theft,15
Croydon,2024-03-01,Burglary,165
Croydon,2024-03-01,Criminal damage and arson,216
Croydon,2024-03-01,Drugs,121
Croydon,2024-03-01,Other crime,30
Croydon,2024-03-01,Other theft,247
Croydon,2024-03-01,Possession of weapons,28
Croydon,2024-03-01,Public order,187
Croydon,2024-03-01,Robbery,124
Croydon,2024-03-01,Shoplifting,314
Croydon,2024-03-01,Theft from the person,75
Croydon,2024-03-01,Vehicle crime,328
Croydon,2024-03-01,Violence and sexual offences,1059
Ealing,2024-03-01,Anti-social behaviour,803
Ealing,2024-03-01,Bicycle theft,41
Ealing,2024-03-01,Burglary,157
Ealing,2024-03-01,Criminal damage and arson,169
Ealing,2024-03-01,Drugs,91
Ealing,2024-03-01,Other crime,30
Ealing,2024-03-01,Other theft,298
Ealing,2024-03-01,Possession of weapons,12
Ealing,2024-03-01,Public order,150
Ealing,2024-03-01,Robbery,75
Ealing,2024-03-01,Shoplifting,207
Ealing,2024-03-01,Theft from the person,120
Ealing,2024-03-01,Vehicle crime,447
Ealing,2024-03-01,Violence and sexual offences,842
Enfield,2024-03-01,Anti-social behaviour,589
Enfield,2024-03-01,Bicycle theft,11
Enfield,2024-03-01,Burglary,178
Enfield,2024-03-01,Criminal damage and arson,178
Enfield,2024-03-01,Drugs,109
Enfield,2024-03-01,Other crime,22
Enfield,2024-03-01,Other theft,186
Enfield,2024-03-01,Possession of weapons,12
Enfield,2024-03-01,Public order,128
Enfield,2024-03-01,Robbery,84
Enfield,2024-03-01,Shoplifting,156
Enfield,2024-03-01,Theft from the person,85
Enfield,2024-03-01,Vehicle crime,394
Enfield,2024-03-01,Violence and sexual offences,707
Greenwich,2024-03-01,Anti-social behaviour,501
Greenwich,2024-03-01,Bicycle theft,27
Greenwich,2024-03-01,Burglary,118
Greenwich,2024-03-01,Criminal damage and arson,170
Greenwich,2024-03-01,Drugs,95
Greenwich,2024-03-01,Other crime,25
Greenwich,2024-03-01,Other theft,214
Greenwich,2024-03-01,Possession of weapons,17
Greenwich,2024-03-01,Public order,148
Greenwich,2024-03-01,Robbery,77
Greenwich,2024-03-01,Shoplifting,154
Greenwich,2024-03-01,Theft from the person,72
Greenwich,2024-03-01,Vehicle crime,293
Greenwich,2024-03-01,Violence and sexual offences,738
Hackney,2024-03-01,Anti-social behaviour,657
Hackney,2024-03-01,Bicycle theft,110
Hackney,2024-03-01,Burglary,187
Hackney,2024-03-01,Criminal damage and arson,119
Hackney,2024-03-01,Drugs,95
Hackney,2024-03-01,Other crime,17
Hackney,2024-03-01,Other theft,286
Hackney,2024-03-01,Possession of weapons,13
Hackney,2024-03-01,Public order,163
Hackney,2024-03-01,Robbery,115
Hackney,2024-03-01,Shoplifting,120
Hackney,2024-03-01,Theft from the person,377
Hackney,2024-03-01,Vehicle crime,260
Hackney,2024-03-01,Violence and sexual offences,668
Hammersmith and Fulham,2024-03-01,Anti-social behaviour,483
Hammersmith and Fulham,2024-03-01,Bicycle theft,76
Hammersmith and Fulham,2024-03-01,Burglary,113
Hammersmith and Fulham,2024-03-01,Criminal damage and arson,107
Hammersmith and Fulham,2024-03-01,Drugs,61
Hammersmith and Fulham,2024-03-01,Other crime,21
Hammersmith and Fulham,2024-03-01,Other theft,230
Hammersmith and Fulham,2024-03-01,Possession of weapons,7
Hammersmith and Fulham,2024-03-01,Public order,123
Hammersmith and Fulham,2024-03-01,Robbery,43
Hammersmith and Fulham,2024-03-01,Shoplifting,141
Hammersmith and Fulham,2024-03-01,Theft from the person,138
Hammersmith and Fulham,2024-03-01,Vehicle crime,180
Hammersmith and Fulham,2024-03-01,Violence and sexual offences,496
Haringey,2024-03-01,Anti-social behaviour,675
Haringey,2024-03-01,Bicycle theft,39
Haringey,2024-03-01,Burglary,137
Haringey,2024-03-01,Criminal damage and arson,136
Haringey,2024-03-01,Drugs,108
Haringey,2024-03-01,Other crime,11
Haringey,2024-03-01,Other theft,215
Haringey,2024-03-01,Possession of weapons,17
Haringey,2024-03-01,Public order,129
Haringey,2024-03-01,Robbery,124
Haringey,2024-03-01,Shoplifting,94
Haringey,2024-03-01,Theft from the person,213
Haringey,2024-03-01,Vehicle crime,318
Haringey,2024-03-01,Violence and sexual offences,605
Harrow,2024-03-01,Anti-social behaviour,412
Harrow,2024-03-01,Bicycle theft,11
Harrow,2024-03-01,Burglary,97
Harrow,2024-03-01,Criminal damage and arson,74
Harrow,2024-03-01,Drugs,42
Harrow,2024-03-01,Other crime,19
Harrow,2024-03-01,Other theft,135
Harrow,2024-03-01,Possession of weapons,5
Harrow,2024-03-01,Public order,86
Harrow,2024-03-01,Robbery,41
Harrow,2024-03-01,Shoplifting,105
Harrow,2024-03-01,Theft from the person,58
Harrow,2024-03-01,Vehicle crime,195
Harrow,2024-03-01,Violence and sexual offences,455
Havering,2024-03-01,Anti-social behaviour,395
Havering,2024-03-01,Bicycle theft,16
Havering,2024-03-01,Burglary,114
Havering,2024-03-01,Criminal damage and arson,137
Havering,2024-03-01,Drugs,75
Havering,2024-03-01,Other crime,17
Havering,2024-03-01,Other theft,114
Havering,2024-03-01,Possession of weapons,9
Havering,2024-03-01,Public order,115
Havering,2024-03-01,Robbery,40
Havering,2024-03-01,Shoplifting,209
Havering,2024-03-01,Theft from the person,60
Havering,2024-03-01,Vehicle crime,233
Havering,2024-03-01,Violence and sexual offences,488
Hillingdon,2024-03-01,Anti-social behaviour,653
Hillingdon,2024-03-01,Bicycle theft,15
Hillingdon,2024-03-01,Burglary,142
Hillingdon,2024-03-01,Criminal damage and arson,181
Hillingdon,2024-03-01,Drugs,59
Hillingdon,2024-03-01,Other crime,128
Hillingdon,2024-03-01,Other theft,305
Hillingdon,2024-03-01,Possession of weapons,12
Hillingdon,2024-03-01,Public order,142
Hillingdon,2024-03-01,Robbery,51
Hillingdon,2024-03-01,Shoplifting,234
Hillingdon,2024-03-01,Theft from the person,59
Hillingdon,2024-03-01,Vehicle crime,290
Hillingdon,2024-03-01,Violence and sexual offences,678
Hounslow,2024-03-01,Anti-social behaviour,577
Hounslow,2024-03-01,Bicycle theft,37
Hounslow,2024-03-01,Burglary,141
Hounslow,2024-03-01,Criminal damage and arson,149
Hounslow,2024-03-01,Drugs,67
Hounslow,2024-03-01,Other crime,21
Hounslow,2024-03-01,Other theft,195
Hounslow,2024-03-01,Possession of weapons,7
Hounslow,2024-03-01,Public order,140
Hounslow,2024-03-01,Robbery,43
Hounslow,2024-03-01,Shoplifting,219
Hounslow,2024-03-01,Theft from the person,70
Hounslow,2024-03-01,Vehicle crime,255
Hounslow,2024-03-01,Violence and sexual offences,706
Islington,2024-03-01,Anti-social behaviour,673
Islington,2024-03-01,Bicycle theft,86
Islington,2024-03-01,Burglary,158
Islington,2024-03-01,Criminal damage and arson,124
Islington,2024-03-01,Drugs,75
Islington,2024-03-01,Other crime,20
Islington,2024-03-01,Other theft,260
Islington,2024-03-01,Possession of weapons,10
Islington,2024-03-01,Public order,127
Islington,2024-03-01,Robbery,108
Islington,2024-03-01,Shoplifting,172
Islington,2024-03-01,Theft from the person,313
Islington,2024-03-01,Vehicle crime,188
Islington,2024-03-01,Violence and sexual offences,595
Kensington and Chelsea,2024-03-01,Anti-social behaviour,343
Kensington and Chelsea,2024-03-01,Bicycle theft,25
Kensington and Chelsea,2024-03-01,Burglary,102
Kensington and Chelsea,2024-03-01,Criminal damage and arson,81
Kensington and Chelsea,2024-03-01,Drugs,42
Kensington and Chelsea,2024-03-01,Other crime,12
Kensington and Chelsea,2024-03-01,Other theft,305
Kensington and Chelsea,2024-03-01,Possession of weapons,3
Kensington and Chelsea,2024-03-01,Public order,100
Kensington and Chelsea,2024-03-01,Robbery,50
Kensington and Chelsea,2024-03-01,Shoplifting,155
Kensington and Chelsea,2024-03-01,Theft from the person,278
Kensington and Chelsea,2024-03-01,Vehicle crime,232
Kensington and Chelsea,2024-03-01,Violence and sexual offences,367
Kingston upon Thames,2024-03-01,Anti-social behaviour,246
Kingston upon Thames,2024-03-01,Bicycle theft,16
Kingston upon Thames,2024-03-01,Burglary,68
Kingston upon Thames,2024-03-01,Criminal damage and arson,63
Kingston upon Thames,2024-03-01,Drugs,29
Kingston upon Thames,2024-03-01,Other crime,7
Kingston upon Thames,2024-03-01,Other theft,97
Kingston upon Thames,2024-03-01,Possession of weapons,3
Kingston upon Thames,2024-03-01,Public order,53
Kingston upon Thames,2024-03-01,Robbery,28
Kingston upon Thames,2024-03-01,Shoplifting,101
Kingston upon Thames,2024-03-01,Theft from the person,47
Kingston upon Thames,2024-03-01,Vehicle crime,60
Kingston upon Thames,2024-03-01,Violence and sexual offences,278
Lambeth,2024-03-01,Anti-social behaviour,758
Lambeth,2024-03-01,Bicycle theft,73
Lambeth,2024-03-01,Burglary,172
Lambeth,2024-03-01,Criminal damage and arson,206
Lambeth,2024-03-01,Drugs,77
Lambeth,2024-03-01,Other crime,26
Lambeth,2024-03-01,Other theft,355
Lambeth,2024-03-01,Possession of weapons,18
Lambeth,2024-03-01,Public order,173
Lambeth,2024-03-01,Robbery,174
Lambeth,2024-03-01,Shoplifting,228
Lambeth,2024-03-01,Theft from the person,441
Lambeth,2024-03-01,Vehicle crime,392
Lambeth,2024-03-01,Violence and sexual offences,753
Lewisham,2024-03-01,Anti-social behaviour,557
Lewisham,2024-03-01,Bicycle theft,46
Lewisham,2024-03-01,Burglary,165
Lewisham,2024-03-01,Criminal damage and arson,137
Lewisham,2024-03-01,Drugs,95
Lewisham,2024-03-01,Other crime,30
Lewisham,2024-03-01,Other theft,245
Lewisham,2024-03-01,Possession of weapons,23
Lewisham,2024-03-01,Public order,153
Lewisham,2024-03-01,Robbery,58
Lewisham,2024-03-01,Shoplifting,246
Lewisham,2024-03-01,Theft from the person,133
Lewisham,2024-03-01,Vehicle crime,315
Lewisham,2024-03-01,Violence and sexual offences,785
Merton,2024-03-01,Anti-social behaviour,276
Merton,2024-03-01,Bicycle theft,14
Merton,2024-03-01,Burglary,95
Merton,2024-03-01,Criminal damage and arson,89
Merton,2024-03-01,Drugs,40
Merton,2024-03-01,Other crime,12
Merton,2024-03-01,Other theft,115
Merton,2024-03-01,Possession of weapons,6
Merton,2024-03-01,Public order,70
Merton,2024-03-01,Robbery,32
Merton,2024-03-01,Shoplifting,112
Merton,2024-03-01,Theft from the person,35
Merton,2024-03-01,Vehicle crime,95
Merton,2024-03-01,Violence and sexual offences,329
Newham,2024-03-01,Anti-social behaviour,760
Newham,2024-03-01,Bicycle theft,32
Newham,2024-03-01,Burglary,165
Newham,2024-03-01,Criminal damage and arson,161
Newham,2024-03-01,Drugs,139
Newham,2024-03-01,Other crime,31
Newham,2024-03-01,Other theft,396
Newham,2024-03-01,Possession of weapons,22
Newham,2024-03-01,Public order,165
Newham,2024-03-01,Robbery,140
Newham,2024-03-01,Shoplifting,256
Newham,2024-03-01,Theft from the person,457
Newham,2024-03-01,Vehicle crime,426
Newham,2024-03-01,Violence and sexual offences,808
Redbridge,2024-03-01,Anti-social behaviour,482
Redbridge,2024-03-01,Bicycle theft,13
Redbridge,2024-03-01,Burglary,140
Redbridge,2024-03-01,Criminal damage and arson,124
Redbridge,2024-03-01,Drugs,67
Redbridge,2024-03-01,Other crime,21
Redbridge,2024-03-01,Other theft,232
Redbridge,2024-03-01,Possession of weapons,19
Redbridge,2024-03-01,Public order,124
Redbridge,2024-03-01,Robbery,68
Redbridge,2024-03-01,Shoplifting,104
Redbridge,2024-03-01,Theft from the person,137
Redbridge,2024-03-01,Vehicle crime,242
Redbridge,2024-03-01,Violence and sexual offences,709
Richmond upon Thames,2024-03-01,Anti-social behaviour,217
Richmond upon Thames,2024-03-01,Bicycle theft,37
Richmond upon Thames,2024-03-01,Burglary,108
Richmond upon Thames,2024-03-01,Criminal damage and arson,63
Richmond upon Thames,2024-03-01,Drugs,30
Richmond upon Thames,2024-03-01,Other crime,5
Richmond upon Thames,2024-03-01,Other theft,92
Richmond upon Thames,2024-03-01,Possession of weapons,1
Richmond upon Thames,2024-03-01,Public order,73
Richmond upon Thames,2024-03-01,Robbery,24
Richmond upon Thames,2024-03-01,Shoplifting,85
Richmond upon Thames,2024-03-01,Theft from the person,31
Richmond upon Thames,2024-03-01,Vehicle crime,138
Richmond upon Thames,2024-03-01,Violence and sexual offences,233
Southwark,2024-03-01,Anti-social behaviour,698
Southwark,2024-03-01,Bicycle theft,81
Southwark,2024-03-01,Burglary,178
Southwark,2024-03-01,Criminal damage and arson,136
Southwark,2024-03-01,Drugs,91
Southwark,2024-03-01,Other crime,13
Southwark,2024-03-01,Other theft,433
Southwark,2024-03-01,Possession of weapons,21
Southwark,2024-03-01,Public order,142
Southwark,2024-03-01,Robbery,188
Southwark,2024-03-01,Shoplifting,121
Southwark,2024-03-01,Theft from the person,659
Southwark,2024-03-01,Vehicle crime,236
Southwark,2024-03-01,Violence and sexual offences,696
Sutton,2024-03-01,Anti-social behaviour,225
Sutton,2024-03-01,Bicycle theft,11
Sutton,2024-03-01,Burglary,93
Sutton,2024-03-01,Criminal damage and arson,81
Sutton,2024-03-01,Drugs,16
Sutton,2024-03-01,Other crime,14
Sutton,2024-03-01,Other theft,89
Sutton,2024-03-01,Possession of weapons,7
Sutton,2024-03-01,Public order,82
Sutton,2024-03-01,Robbery,33
Sutton,2024-03-01,Shoplifting,88
Sutton,2024-03-01,Theft from the person,24
Sutton,2024-03-01,Vehicle crime,91
Sutton,2024-03-01,Violence and sexual offences,403
Tower Hamlets,2024-03-01,Anti-social behaviour,843
Tower Hamlets,2024-03-01,Bicycle theft,94
Tower Hamlets,2024-03-01,Burglary,183
Tower Hamlets,2024-03-01,Criminal damage and arson,149
Tower Hamlets,2024-03-01,Drugs,124
Tower Hamlets,2024-03-01,Other crime,15
Tower Hamlets,2024-03-01,Other theft,326
Tower Hamlets,2024-03-01,Possession of weapons,17
Tower Hamlets,2024-03-01,Public order,182
Tower Hamlets,2024-03-01,Robbery,112
Tower Hamlets,2024-03-01,Shoplifting,155
Tower Hamlets,2024-03-01,Theft from the person,340
Tower Hamlets,2024-03-01,Vehicle crime,267
Tower Hamlets,2024-03-01,Violence and sexual offences,805
Waltham Forest,2024-03-01,Anti-social behaviour,614
Waltham Forest,2024-03-01,Bicycle theft,45
Waltham Forest,2024-03-01,Burglary,119
Waltham Forest,2024-03-01,Criminal damage and arson,129
Waltham Forest,2024-03-01,Drugs,68
Waltham Forest,2024-03-01,Other crime,15
Waltham Forest,2024-03-01,Other theft,235
Waltham Forest,2024-03-01,Possession of weapons,11
Waltham Forest,2024-03-01,Public order,117
Waltham Forest,2024-03-01,Robbery,81
Waltham Forest,2024-03-01,Shoplifting,133
Waltham Forest,2024-03-01,Theft from the person,203
Waltham Forest,2024-03-01,Vehicle crime,283
Waltham Forest,2024-03-01,Violence and sexual offences,532
Wandsworth,2024-03-01,Anti-social behaviour,531
Wandsworth,2024-03-01,Bicycle theft,63
Wandsworth,2024-03-01,Burglary,147
Wandsworth,2024-03-01,Criminal damage and arson,149
Wandsworth,2024-03-01,Drugs,76
Wandsworth,2024-03-01,Other crime,10
Wandsworth,2024-03-01,Other theft,292
Wandsworth,2024-03-01,Possession of weapons,7
Wandsworth,2024-03-01,Public order,133
Wandsworth,2024-03-01,Robbery,77
Wandsworth,2024-03-01,Shoplifting,211
Wandsworth,2024-03-01,Theft from the person,108
Wandsworth,2024-03-01,Vehicle crime,315
Wandsworth,2024-03-01,Violence and sexual offences,584
Westminster,2024-03-01,Anti-social behaviour,1046
Westminster,2024-03-01,Bicycle theft,72
Westminster,2024-03-01,Burglary,248
Westminster,2024-03-01,Criminal damage and arson,214
Westminster,2024-03-01,Drugs,191
Westminster,2024-03-01,Other crime,26
Westminster,2024-03-01,Other theft,1383
Westminster,2024-03-01,Possession of weapons,16
Westminster,2024-03-01,Public order,263
Westminster,2024-03-01,Robbery,269
Westminster,2024-03-01,Shoplifting,489
Westminster,2024-03-01,Theft from the person,3233
Westminster,2024-03-01,Vehicle crime,353
Westminster,2024-03-01,Violence and sexual offences,884
Barking and Dagenham,2024-04-01,Anti-social behaviour,385
Barking and Dagenham,2024-04-01,Bicycle theft,9
Barking and Dagenham,2024-04-01,Burglary,74
Barking and Dagenham,2024-04-01,Criminal damage and arson,111
Barking and Dagenham,2024-04-01,Drugs,78
Barking and Dagenham,2024-04-01,Other crime,22
Barking and Dagenham,2024-04-01,Other theft,143
Barking and Dagenham,2024-04-01,Possession of weapons,9
Barking and Dagenham,2024-04-01,Public order,111
Barking and Dagenham,2024-04-01,Robbery,68
Barking and Dagenham,2024-04-01,Shoplifting,114
Barking and Dagenham,2024-04-01,Theft from the person,60
Barking and Dagenham,2024-04-01,Vehicle crime,188
Barking and Dagenham,2024-04-01,Violence and sexual offences,544
Barnet,2024-04-01,Anti-social behaviour,651
Barnet,2024-04-01,Bicycle theft,30
Barnet,2024-04-01,Burglary,194
Barnet,2024-04-01,Criminal damage and arson,136
Barnet,2024-04-01,Drugs,62
Barnet,2024-04-01,Other crime,26
Barnet,2024-04-01,Other theft,239
Barnet,2024-04-01,Possession of weapons,15
Barnet,2024-04-01,Public order,130
Barnet,2024-04-01,Robbery,79
Barnet,2024-04-01,Shoplifting,253
Barnet,2024-04-01,Theft from the person,103
Barnet,2024-04-01,Vehicle crime,346
Barnet,2024-04-01,Violence and sexual offences,585
Bexley,2024-04-01,Anti-social behaviour,306
Bexley,2024-04-01,Bicycle theft,16
Bexley,2024-04-01,Burglary,67
Bexley,2024-04-01,Criminal damage and arson,129
Bexley,2024-04-01,Drugs,61
Bexley,2024-04-01,Other crime,23
Bexley,2024-04-01,Other theft,89
Bexley,2024-04-01,Possession of weapons,4
Bexley,2024-04-01,Public order,85
Bexley,2024-04-01,Robbery,25
Bexley,2024-04-01,Shoplifting,206
Bexley,2024-04-01,Theft from the person,19
Bexley,2024-04-01,Vehicle crime,209
Bexley,2024-04-01,Violence and sexual offences,465
Brent,2024-04-01,Anti-social behaviour,729
Brent,2024-04-01,Bicycle theft,30
Brent,2024-04-01,Burglary,135
Brent,2024-04-01,Criminal damage and arson,156
Brent,2024-04-01,Drugs,112
Brent,2024-04-01,Other crime,27
Brent,2024-04-01,Other theft,310
Brent,2024-04-01,Possession of weapons,4
Brent,2024-04-01,Public order,175
Brent,2024-04-01,Robbery,81
Brent,2024-04-01,Shoplifting,230
Brent,2024-04-01,Theft from the person,182
Brent,2024-04-01,Vehicle crime,363
Brent,2024-04-01,Violence and sexual offences,822
Bromley,2024-04-01,Anti-social behaviour,433
Bromley,2024-04-01,Bicycle theft,12
Bromley,2024-04-01,Burglary,106
Bromley,2024-04-01,Criminal damage and arson,150
Bromley,2024-04-01,Drugs,60
Bromley,2024-04-01,Other crime,30
Bromley,2024-04-01,Other theft,168
Bromley,2024-04-01,Possession of weapons,10
Bromley,2024-04-01,Public order,119
Bromley,2024-04-01,Robbery,35
Bromley,2024-04-01,Shoplifting,322
Bromley,2024-04-01,Theft from the person,55
Bromley,2024-04-01,Vehicle crime,341
Bromley,2024-04-01,Violence and sexual offences,530
Camden,2024-04-01,Anti-social behaviour,755
Camden,2024-04-01,Bicycle theft,45
Camden,2024-04-01,Burglary,158
Camden,2024-04-01,Criminal damage and arson,151
Camden,2024-04-01,Drugs,104
Camden,2024-04-01,Other crime,17
Camden,2024-04-01,Other theft,505
Camden,2024-04-01,Possession of weapons,8
Camden,2024-04-01,Public order,162
Camden,2024-04-01,Robbery,130
Camden,2024-04-01,Shoplifting,301
Camden,2024-04-01,Theft from the person,887
Camden,2024-04-01,Vehicle crime,216
Camden,2024-04-01,Violence and sexual offences,543
City of London,2024-04-01,Anti-social behaviour,3
City of London,2024-04-01,Bicycle theft,5
City of London,2024-04-01,Burglary,3
City of London,2024-04-01,Criminal damage and arson,3
City of London,2024-04-01,Drugs,1
City of London,2024-04-01,Other crime,2
City of London,2024-04-01,Other theft,25
City of London,2024-04-01,Public order,1
City of London,2024-04-01,Robbery,3
City of London,2024-04-01,Shoplifting,11
City of London,2024-04-01,Theft from the person,28
City of London,2024-04-01,Vehicle crime,3
City of London,2024-04-01,Violence and sexual offences,7
Croydon,2024-04-01,Anti-social behaviour,728
Croydon,2024-04-01,Bicycle theft,16
Croydon,2024-04-01,Burglary,167
Croydon,2024-04-01,Criminal damage and arson,201
Croydon,2024-04-01,Drugs,111
Croydon,2024-04-01,Other crime,51
Croydon,2024-04-01,Other theft,223
Croydon,2024-04-01,Possession of weapons,22
Croydon,2024-04-01,Public order,178
Croydon,2024-04-01,Robbery,105
Croydon,2024-04-01,Shoplifting,331
Croydon,2024-04-01,Theft from the person,77
Croydon,2024-04-01,Vehicle crime,346
Croydon,2024-04-01,Violence and sexual offences,860
Ealing,2024-04-01,Anti-social behaviour,756
Ealing,2024-04-01,Bicycle theft,31
Ealing,2024-04-01,Burglary,152
Ealing,2024-04-01,Criminal damage and arson,147
Ealing,2024-04-01,Drugs,90
Ealing,2024-04-01,Other crime,31
Ealing,2024-04-01,Other theft,259
Ealing,2024-04-01,Possession of weapons,15
Ealing,2024-04-01,Public order,157
Ealing,2024-04-01,Robbery,68
Ealing,2024-04-01,Shoplifting,176
Ealing,2024-04-01,Theft from the person,105
Ealing,2024-04-01,Vehicle crime,393
Ealing,2024-04-01,Violence and sexual offences,814
Enfield,2024-04-01,Anti-social behaviour,610
Enfield,2024-04-01,Bicycle theft,14
Enfield,2024-04-01,Burglary,157
Enfield,2024-04-01,Criminal damage and arson,162
Enfield,2024-04-01,Drugs,86
Enfield,2024-04-01,Other crime,24
Enfield,2024-04-01,Other theft,244
Enfield,2024-04-01,Possession of weapons,20
Enfield,2024-04-01,Public order,122
Enfield,2024-04-01,Robbery,93
Enfield,2024-04-01,Shoplifting,143
Enfield,2024-04-01,Theft from the person,86
Enfield,2024-04-01,Vehicle crime,426
Enfield,2024-04-01,Violence and sexual offences,721
Greenwich,2024-04-01,Anti-social behaviour,520
Greenwich,2024-04-01,Bicycle theft,28
Greenwich,2024-04-01,Burglary,109
Greenwich,2024-04-01,Criminal damage and arson,154
Greenwich,2024-04-01,Drugs,93
Greenwich,2024-04-01,Other crime,35
Greenwich,2024-04-01,Other theft,219
Greenwich,2024-04-01,Possession of weapons,7
Greenwich,2024-04-01,Public order,133
Greenwich,2024-04-01,Robbery,74
Greenwich,2024-04-01,Shoplifting,200
Greenwich,2024-04-01,Theft from the person,75
Greenwich,2024-04-01,Vehicle crime,230
Greenwich,2024-04-01,Violence and sexual offences,685
Hackney,2024-04-01,Anti-social behaviour,638
Hackney,2024-04-01,Bicycle theft,106
Hackney,2024-04-01,Burglary,178
Hackney,2024-04-01,Criminal damage and arson,136
Hackney,2024-04-01,Drugs,100
Hackney,2024-04-01,Other crime,16
Hackney,2024-04-01,Other theft,312
Hackney,2024-04-01,Possession of weapons,15
Hackney,2024-04-01,Public order,162
Hackney,2024-04-01,Robbery,161
Hackney,2024-04-01,Shoplifting,123
Hackney,2024-04-01,Theft from the person,441
Hackney,2024-04-01,Vehicle crime,212
Hackney,2024-04-01,Violence and sexual offences,673
Hammersmith and Fulham,2024-04-01,Anti-social behaviour,567
Hammersmith and Fulham,2024-04-01,Bicycle theft,59
Hammersmith and Fulham,2024-04-01,Burglary,116
Hammersmith and Fulham,2024-04-01,Criminal damage and arson,104
Hammersmith and Fulham,2024-04-01,Drugs,69
Hammersmith and Fulham,2024-04-01,Other crime,19
Hammersmith and Fulham,2024-04-01,Other theft,212
Hammersmith and Fulham,2024-04-01,Possession of weapons,11
Hammersmith and Fulham,2024-04-01,Public order,106
Hammersmith and Fulham,2024-04-01,Robbery,48
Hammersmith and Fulham,2024-04-01,Shoplifting,178
Hammersmith and Fulham,2024-04-01,Theft from the person,98
Hammersmith and Fulham,2024-04-01,Vehicle crime,168
Hammersmith and Fulham,2024-04-01,Violence and sexual offences,419
Haringey,2024-04-01,Anti-social behaviour,655
Haringey,2024-04-01,Bicycle theft,21
Haringey,2024-04-01,Burglary,146
Haringey,2024-04-01,Criminal damage and arson,133
Haringey,2024-04-01,Drugs,97
Haringey,2024-04-01,Other crime,21
Haringey,2024-04-01,Other theft,244
Haringey,2024-04-01,Possession of weapons,6
Haringey,2024-04-01,Public order,121
Haringey,2024-04-01,Robbery,113
Haringey,2024-04-01,Shoplifting,113
Haringey,2024-04-01,Theft from the person,203
Haringey,2024-04-01,Vehicle crime,323
Haringey,2024-04-01,Violence and sexual offences,628
Harrow,2024-04-01,Anti-social behaviour,427
Harrow,2024-04-01,Bicycle theft,7
Harrow,2024-04-01,Burglary,99
Harrow,2024-04-01,Criminal damage and arson,80
Harrow,2024-04-01,Drugs,43
Harrow,2024-04-01,Other crime,11
Harrow,2024-04-01,Other theft,134
Harrow,2024-04-01,Possession of weapons,8
Harrow,2024-04-01,Public order,78
Harrow,2024-04-01,Robbery,32
Harrow,2024-04-01,Shoplifting,127
Harrow,2024-04-01,Theft from the person,56
Harrow,2024-04-01,Vehicle crime,188
Harrow,2024-04-01,Violence and sexual offences,381
Havering,2024-04-01,Anti-social behaviour,366
Havering,2024-04-01,Bicycle theft,8
Havering,2024-04-01,Burglary,101
Havering,2024-04-01,Criminal damage and arson,119
Havering,2024-04-01,Drugs,76
Havering,2024-04-01,Other crime,21
Havering,2024-04-01,Other theft,147
Havering,2024-04-01,Possession of weapons,8
Havering,2024-04-01,Public order,111
Havering,2024-04-01,Robbery,26
Havering,2024-04-01,Shoplifting,254
Havering,2024-04-01,Theft from the person,44
Havering,2024-04-01,Vehicle crime,252
Havering,2024-04-01,Violence and sexual offences,484
Hillingdon,2024-04-01,Anti-social behaviour,687
Hillingdon,2024-04-01,Bicycle theft,20
Hillingdon,2024-04-01,Burglary,101
Hillingdon,2024-04-01,Criminal damage and arson,163
Hillingdon,2024-04-01,Drugs,65
Hillingdon,2024-04-01,Other crime,146
Hillingdon,2024-04-01,Other theft,277
Hillingdon,2024-04-01,Possession of weapons,7
Hillingdon,2024-04-01,Public order,172
Hillingdon,2024-04-01,Robbery,43
Hillingdon,2024-04-01,Shoplifting,257
Hillingdon,2024-04-01,Theft from the person,48
Hillingdon,2024-04-01,Vehicle crime,300
Hillingdon,2024-04-01,Violence and sexual offences,689
Hounslow,2024-04-01,Anti-social behaviour,558
Hounslow,2024-04-01,Bicycle theft,47
Hounslow,2024-04-01,Burglary,136
Hounslow,2024-04-01,Criminal damage and arson,166
Hounslow,2024-04-01,Drugs,73
Hounslow,2024-04-01,Other crime,32
Hounslow,2024-04-01,Other theft,225
Hounslow,2024-04-01,Possession of weapons,11
Hounslow,2024-04-01,Public order,146
Hounslow,2024-04-01,Robbery,50
Hounslow,2024-04-01,Shoplifting,250
Hounslow,2024-04-01,Theft from the person,71
Hounslow,2024-04-01,Vehicle crime,256
Hounslow,2024-04-01,Violence and sexual offences,670
Islington,2024-04-01,Anti-social behaviour,706
Islington,2024-04-01,Bicycle theft,56
Islington,2024-04-01,Burglary,169
Islington,2024-04-01,Criminal damage and arson,143
Islington,2024-04-01,Drugs,70
Islington,2024-04-01,Other crime,16
Islington,2024-04-01,Other theft,352
Islington,2024-04-01,Possession of weapons,8
Islington,2024-04-01,Public order,138
Islington,2024-04-01,Robbery,119
Islington,2024-04-01,Shoplifting,211
Islington,2024-04-01,Theft from the person,472
Islington,2024-04-01,Vehicle crime,201
Islington,2024-04-01,Violence and sexual offences,587
Kensington and Chelsea,2024-04-01,Anti-social behaviour,401
Kensington and Chelsea,2024-04-01,Bicycle theft,40
Kensington and Chelsea,2024-04-01,Burglary,134
Kensington and Chelsea,2024-04-01,Criminal damage and arson,120
Kensington and Chelsea,2024-04-01,Drugs,38
Kensington and Chelsea,2024-04-01,Other crime,11
Kensington and Chelsea,2024-04-01,Other theft,266
Kensington and Chelsea,2024-04-01,Possession of weapons,6
Kensington and Chelsea,2024-04-01,Public order,90
Kensington and Chelsea,2024-04-01,Robbery,41
Kensington and Chelsea,2024-04-01,Shoplifting,183
Kensington and Chelsea,2024-04-01,Theft from the person,226
Kensington and Chelsea,2024-04-01,Vehicle crime,252
Kensington and Chelsea,2024-04-01,Violence and sexual offences,365
Kingston upon Thames,2024-04-01,Anti-social behaviour,244
Kingston upon Thames,2024-04-01,Bicycle theft,16
Kingston upon Thames,2024-04-01,Burglary,44
Kingston upon Thames,2024-04-01,Criminal damage and arson,68
Kingston upon Thames,2024-04-01,Drugs,29
Kingston upon Thames,2024-04-01,Other crime,4
Kingston upon Thames,2024-04-01,Other theft,114
Kingston upon Thames,2024-04-01,Possession of weapons,4
Kingston upon Thames,2024-04-01,Public order,54
Kingston upon Thames,2024-04-01,Robbery,11
Kingston upon Thames,2024-04-01,Shoplifting,122
Kingston upon Thames,2024-04-01,Theft from the person,65
Kingston upon Thames,2024-04-01,Vehicle crime,74
Kingston upon Thames,2024-04-01,Violence and sexual offences,286
Lambeth,2024-04-01,Anti-social behaviour,694
Lambeth,2024-04-01,Bicycle theft,70
Lambeth,2024-04-01,Burglary,184
Lambeth,2024-04-01,Criminal damage and arson,194
Lambeth,2024-04-01,Drugs,64
Lambeth,2024-04-01,Other crime,23
Lambeth,2024-04-01,Other theft,355
Lambeth,2024-04-01,Possession of weapons,7
Lambeth,2024-04-01,Public order,165
Lambeth,2024-04-01,Robbery,191
Lambeth,2024-04-01,Shoplifting,220
Lambeth,2024-04-01,Theft from the person,421
Lambeth,2024-04-01,Vehicle crime,361
Lambeth,2024-04-01,Violence and sexual offences,784
Lewisham,2024-04-01,Anti-social behaviour,530
Lewisham,2024-04-01,Bicycle theft,53
Lewisham,2024-04-01,Burglary,156
Lewisham,2024-04-01,Criminal damage and arson,157
Lewisham,2024-04-01,Drugs,80
Lewisham,2024-04-01,Other crime,22
Lewisham,2024-04-01,Other theft,229
Lewisham,2024-04-01,Possession of weapons,14
Lewisham,2024-04-01,Public order,152
Lewisham,2024-04-01,Robbery,74
Lewisham,2024-04-01,Shoplifting,260
Lewisham,2024-04-01,Theft from the person,122
Lewisham,2024-04-01,Vehicle crime,297
Lewisham,2024-04-01,Violence and sexual offences,766
Merton,2024-04-01,Anti-social behaviour,321
Merton,2024-04-01,Bicycle theft,7
Merton,2024-04-01,Burglary,76
Merton,2024-04-01,Criminal damage and arson,97
Merton,2024-04-01,Drugs,34
Merton,2024-04-01,Other crime,17
Merton,2024-04-01,Other theft,119
Merton,2024-04-01,Possession of weapons,2
Merton,2024-04-01,Public order,61
Merton,2024-04-01,Robbery,34
Merton,2024-04-01,Shoplifting,145
Merton,2024-04-01,Theft from the person,28
Merton,2024-04-01,Vehicle crime,130
Merton,2024-04-01,Violence and sexual offences,350
Newham,2024-04-01,Anti-social behaviour,796
Newham,2024-04-01,Bicycle theft,25
Newham,2024-04-01,Burglary,157
Newham,2024-04-01,Criminal damage and arson,189
Newham,2024-04-01,Drugs,163
Newham,2024-04-01,Other crime,30
Newham,2024-04-01,Other theft,408
Newham,2024-04-01,Possession of weapons,20
Newham,2024-04-01,Public order,159
Newham,2024-04-01,Robbery,129
Newham,2024-04-01,Shoplifting,368
Newham,2024-04-01,Theft from the person,510
Newham,2024-04-01,Vehicle crime,426
Newham,2024-04-01,Violence and sexual offences,794
Redbridge,2024-04-01,Anti-social behaviour,440
Redbridge,2024-04-01,Bicycle theft,15
Redbridge,2024-04-01,Burglary,105
Redbridge,2024-04-01,Criminal damage and arson,113
Redbridge,2024-04-01,Drugs,65
Redbridge,2024-04-01,Other crime,20
Redbridge,2024-04-01,Other theft,216
Redbridge,2024-04-01,Possession of weapons,8
Redbridge,2024-04-01,Public order,96
Redbridge,2024-04-01,Robbery,51
Redbridge,2024-04-01,Shoplifting,139
Redbridge,2024-04-01,Theft from the person,110
Redbridge,2024-04-01,Vehicle crime,255
Redbridge,2024-04-01,Violence and sexual offences,640
Richmond upon Thames,2024-04-01,Anti-social behaviour,223
Richmond upon Thames,2024-04-01,Bicycle theft,49
Richmond upon Thames,2024-04-01,Burglary,53
Richmond upon Thames,2024-04-01,Criminal damage and arson,63
Richmond upon Thames,2024-04-01,Drugs,33
Richmond upon Thames,2024-04-01,Other crime,12
Richmond upon Thames,2024-04-01,Other theft,80
Richmond upon Thames,2024-04-01,Possession of weapons,3
Richmond upon Thames,2024-04-01,Public order,57
Richmond upon Thames,2024-04-01,Robbery,22
Richmond upon Thames,2024-04-01,Shoplifting,114
Richmond upon Thames,2024-04-01,Theft from the person,10
Richmond upon Thames,2024-04-01,Vehicle crime,146
Richmond upon Thames,2024-04-01,Violence and sexual offences,255
Southwark,2024-04-01,Anti-social behaviour,696
Southwark,2024-04-01,Bicycle theft,96
Southwark,2024-04-01,Burglary,192
Southwark,2024-04-01,Criminal damage and arson,155
Southwark,2024-04-01,Drugs,83
Southwark,2024-04-01,Other crime,18
Southwark,2024-04-01,Other theft,396
Southwark,2024-04-01,Possession of weapons,10
Southwark,2024-04-01,Public order,141
Southwark,2024-04-01,Robbery,158
Southwark,2024-04-01,Shoplifting,174
Southwark,2024-04-01,Theft from the person,705
Southwark,2024-04-01,Vehicle crime,191
Southwark,2024-04-01,Violence and sexual offences,696
Sutton,2024-04-01,Anti-social behaviour,212
Sutton,2024-04-01,Bicycle theft,14
Sutton,2024-04-01,Burglary,75
Sutton,2024-04-01,Criminal damage and arson,72
Sutton,2024-04-01,Drugs,29
Sutton,2024-04-01,Other crime,16
Sutton,2024-04-01,Other theft,72
Sutton,2024-04-01,Possession of weapons,8
Sutton,2024-04-01,Public order,67
Sutton,2024-04-01,Robbery,28
Sutton,2024-04-01,Shoplifting,104
Sutton,2024-04-01,Theft from the person,13
Sutton,2024-04-01,Vehicle crime,88
Sutton,2024-04-01,Violence and sexual offences,353
Tower Hamlets,2024-04-01,Anti-social behaviour,871
Tower Hamlets,2024-04-01,Bicycle theft,85
Tower Hamlets,2024-04-01,Burglary,181
Tower Hamlets,2024-04-01,Criminal damage and arson,167
Tower Hamlets,2024-04-01,Drugs,124
Tower Hamlets,2024-04-01,Other crime,28
Tower Hamlets,2024-04-01,Other theft,315
Tower Hamlets,2024-04-01,Possession of weapons,9
Tower Hamlets,2024-04-01,Public order,180
Tower Hamlets,2024-04-01,Robbery,106
Tower Hamlets,2024-04-01,Shoplifting,189
Tower Hamlets,2024-04-01,Theft from the person,286
Tower Hamlets,2024-04-01,Vehicle crime,238
Tower Hamlets,2024-04-01,Violence and sexual offences,792
Waltham Forest,2024-04-01,Anti-social behaviour,588
Waltham Forest,2024-04-01,Bicycle theft,29
Waltham Forest,2024-04-01,Burglary,122
Waltham Forest,2024-04-01,Criminal damage and arson,147
Waltham Forest,2024-04-01,Drugs,88
Waltham Forest,2024-04-01,Other crime,18
Waltham Forest,2024-04-01,Other theft,225
Waltham Forest,2024-04-01,Possession of weapons,12
Waltham Forest,2024-04-01,Public order,99
Waltham Forest,2024-04-01,Robbery,67
Waltham Forest,2024-04-01,Shoplifting,181
Waltham Forest,2024-04-01,Theft from the person,157
Waltham Forest,2024-04-01,Vehicle crime,332
Waltham Forest,2024-04-01,Violence and sexual offences,517
Wandsworth,2024-04-01,Anti-social behaviour,625
Wandsworth,2024-04-01,Bicycle theft,78
Wandsworth,2024-04-01,Burglary,118
Wandsworth,2024-04-01,Criminal damage and arson,127
Wandsworth,2024-04-01,Drugs,51
Wandsworth,2024-04-01,Other crime,30
Wandsworth,2024-04-01,Other theft,236
Wandsworth,2024-04-01,Possession of weapons,8
Wandsworth,2024-04-01,Public order,143
Wandsworth,2024-04-01,Robbery,50
Wandsworth,2024-04-01,Shoplifting,206
Wandsworth,2024-04-01,Theft from the person,87
Wandsworth,2024-04-01,Vehicle crime,292
Wandsworth,2024-04-01,Violence and sexual offences,536
Westminster,2024-04-01,Anti-social behaviour,1095
Westminster,2024-04-01,Bicycle theft,66
Westminster,2024-04-01,Burglary,249
Westminster,2024-04-01,Criminal damage and arson,208
Westminster,2024-04-01,Drugs,161
Westminster,2024-04-01,Other crime,25
Westminster,2024-04-01,Other theft,1259
Westminster,2024-04-01,Possession of weapons,18
Westminster,2024-04-01,Public order,261
Westminster,2024-04-01,Robbery,241
Westminster,2024-04-01,Shoplifting,530
Westminster,2024-04-01,Theft from the person,2705
Westminster,2024-04-01,Vehicle crime,392
Westminster,2024-04-01,Violence and sexual offences,907
Barking and Dagenham,2024-05-01,Anti-social behaviour,392
Barking and Dagenham,2024-05-01,Bicycle theft,9
Barking and Dagenham,2024-05-01,Burglary,67
Barking and Dagenham,2024-05-01,Criminal damage and arson,106
Barking and Dagenham,2024-05-01,Drugs,79
Barking and Dagenham,2024-05-01,Other crime,33
Barking and Dagenham,2024-05-01,Other theft,158
Barking and Dagenham,2024-05-01,Possession of weapons,10
Barking and Dagenham,2024-05-01,Public order,107
Barking and Dagenham,2024-05-01,Robbery,51
Barking and Dagenham,2024-05-01,Shoplifting,127
Barking and Dagenham,2024-05-01,Theft from the person,69
Barking and Dagenham,2024-05-01,Vehicle crime,180
Barking and Dagenham,2024-05-01,Violence and sexual offences,643
Barnet,2024-05-01,Anti-social behaviour,856
Barnet,2024-05-01,Bicycle theft,21
Barnet,2024-05-01,Burglary,162
Barnet,2024-05-01,Criminal damage and arson,149
Barnet,2024-05-01,Drugs,82
Barnet,2024-05-01,Other crime,23
Barnet,2024-05-01,Other theft,242
Barnet,2024-05-01,Possession of weapons,4
Barnet,2024-05-01,Public order,169
Barnet,2024-05-01,Robbery,84
Barnet,2024-05-01,Shoplifting,236
Barnet,2024-05-01,Theft from the person,79
Barnet,2024-05-01,Vehicle crime,409
Barnet,2024-05-01,Violence and sexual offences,665
Bexley,2024-05-01,Anti-social behaviour,358
Bexley,2024-05-01,Bicycle theft,5
Bexley,2024-05-01,Burglary,53
Bexley,2024-05-01,Criminal damage and arson,138
Bexley,2024-05-01,Drugs,49
Bexley,2024-05-01,Other crime,20
Bexley,2024-05-01,Other theft,86
Bexley,2024-05-01,Possession of weapons,3
Bexley,2024-05-01,Public order,92
Bexley,2024-05-01,Robbery,28
Bexley,2024-05-01,Shoplifting,182
Bexley,2024-05-01,Theft from the person,23
Bexley,2024-05-01,Vehicle crime,172
Bexley,2024-05-01,Violence and sexual offences,456
Brent,2024-05-01,Anti-social behaviour,914
Brent,2024-05-01,Bicycle theft,32
Brent,2024-05-01,Burglary,166
Brent,2024-05-01,Criminal damage and arson,180
Brent,2024-05-01,Drugs,172
Brent,2024-05-01,Other crime,19
Brent,2024-05-01,Other theft,292
Brent,2024-05-01,Possession of weapons,28
Brent,2024-05-01,Public order,203
Brent,2024-05-01,Robbery,102
Brent,2024-05-01,Shoplifting,234
Brent,2024-05-01,Theft from the person,150
Brent,2024-05-01,Vehicle crime,334
Brent,2024-05-01,Violence and sexual offences,858
Bromley,2024-05-01,Anti-social behaviour,508
Bromley,2024-05-01,Bicycle theft,11
Bromley,2024-05-01,Burglary,94
Bromley,2024-05-01,Criminal damage and arson,180
Bromley,2024-05-01,Drugs,71
Bromley,2024-05-01,Other crime,22
Bromley,2024-05-01,Other theft,154
Bromley,2024-05-01,Possession of weapons,8
Bromley,2024-05-01,Public order,147
Bromley,2024-05-01,Robbery,68
Bromley,2024-05-01,Shoplifting,248
Bromley,2024-05-01,Theft from the person,31
Bromley,2024-05-01,Vehicle crime,305
Bromley,2024-05-01,Violence and sexual offences,619
Camden,2024-05-01,Anti-social behaviour,943
Camden,2024-05-01,Bicycle theft,83
Camden,2024-05-01,Burglary,162
Camden,2024-05-01,Criminal damage and arson,157
Camden,2024-05-01,Drugs,122
Camden,2024-05-01,Other crime,28
Camden,2024-05-01,Other theft,508
Camden,2024-05-01,Possession of weapons,13
Camden,2024-05-01,Public order,167
Camden,2024-05-01,Robbery,139
Camden,2024-05-01,Shoplifting,284
Camden,2024-05-01,Theft from the person,691
Camden,2024-05-01,Vehicle crime,270
Camden,2024-05-01,Violence and sexual offences,595
City of London,2024-05-01,Anti-social behaviour,4
City of London,2024-05-01,Bicycle theft,2
City of London,2024-05-01,Burglary,3
City of London,2024-05-01,Criminal damage and arson,1
City of London,2024-05-01,Other theft,36
City of London,2024-05-01,Public order,5
City of London,2024-05-01,Robbery,6
City of London,2024-05-01,Shoplifting,25
City of London,2024-05-01,Theft from the person,29
City of London,2024-05-01,Vehicle crime,3
City of London,2024-05-01,Violence and sexual offences,12
Croydon,2024-05-01,Anti-social behaviour,791
Croydon,2024-05-01,Bicycle theft,20
Croydon,2024-05-01,Burglary,111
Croydon,2024-05-01,Criminal damage and arson,210
Croydon,2024-05-01,Drugs,119
Croydon,2024-05-01,Other crime,38
Croydon,2024-05-01,Other theft,236
Croydon,2024-05-01,Possession of weapons,11
Croydon,2024-05-01,Public order,190
Croydon,2024-05-01,Robbery,127
Croydon,2024-05-01,Shoplifting,401
Croydon,2024-05-01,Theft from the person,62
Croydon,2024-05-01,Vehicle crime,331
Croydon,2024-05-01,Violence and sexual offences,1005
Ealing,2024-05-01,Anti-social behaviour,983
Ealing,2024-05-01,Bicycle theft,40
Ealing,2024-05-01,Burglary,124
Ealing,2024-05-01,Criminal damage and arson,154
Ealing,2024-05-01,Drugs,90
Ealing,2024-05-01,Other crime,45
Ealing,2024-05-01,Other theft,237
Ealing,2024-05-01,Possession of weapons,15
Ealing,2024-05-01,Public order,188
Ealing,2024-05-01,Robbery,92
Ealing,2024-05-01,Shoplifting,205
Ealing,2024-05-01,Theft from the person,89
Ealing,2024-05-01,Vehicle crime,364
Ealing,2024-05-01,Violence and sexual offences,880
Enfield,2024-05-01,Anti-social behaviour,735
Enfield,2024-05-01,Bicycle theft,16
Enfield,2024-05-01,Burglary,159
Enfield,2024-05-01,Criminal damage and arson,181
Enfield,2024-05-01,Drugs,93
Enfield,2024-05-01,Other crime,40
Enfield,2024-05-01,Other theft,210
Enfield,2024-05-01,Possession of weapons,26
Enfield,2024-05-01,Public order,141
Enfield,2024-05-01,Robbery,78
Enfield,2024-05-01,Shoplifting,187
Enfield,2024-05-01,Theft from the person,83
Enfield,2024-05-01,Vehicle crime,426
Enfield,2024-05-01,Violence and sexual offences,858
Greenwich,2024-05-01,Anti-social behaviour,609
Greenwich,2024-05-01,Bicycle theft,31
Greenwich,2024-05-01,Burglary,96
Greenwich,2024-05-01,Criminal damage and arson,165
Greenwich,2024-05-01,Drugs,128
Greenwich,2024-05-01,Other crime,35
Greenwich,2024-05-01,Other theft,223
Greenwich,2024-05-01,Possession of weapons,14
Greenwich,2024-05-01,Public order,194
Greenwich,2024-05-01,Robbery,85
Greenwich,2024-05-01,Shoplifting,219
Greenwich,2024-05-01,Theft from the person,79
Greenwich,2024-05-01,Vehicle crime,283
Greenwich,2024-05-01,Violence and sexual offences,815
Hackney,2024-05-01,Anti-social behaviour,760
Hackney,2024-05-01,Bicycle theft,111
Hackney,2024-05-01,Burglary,195
Hackney,2024-05-01,Criminal damage and arson,152
Hackney,2024-05-01,Drugs,105
Hackney,2024-05-01,Other crime,22
Hackney,2024-05-01,Other theft,326
Hackney,2024-05-01,Possession of weapons,12
Hackney,2024-05-01,Public order,191
Hackney,2024-05-01,Robbery,223
Hackney,2024-05-01,Shoplifting,132
Hackney,2024-05-01,Theft from the person,475
Hackney,2024-05-01,Vehicle crime,244
Hackney,2024-05-01,Violence and sexual offences,749
Hammersmith and Fulham,2024-05-01,Anti-social behaviour,631
Hammersmith and Fulham,2024-05-01,Bicycle theft,61
Hammersmith and Fulham,2024-05-01,Burglary,97
Hammersmith and Fulham,2024-05-01,Criminal damage and arson,112
Hammersmith and Fulham,2024-05-01,Drugs,75
Hammersmith and Fulham,2024-05-01,Other crime,17
Hammersmith and Fulham,2024-05-01,Other theft,209
Hammersmith and Fulham,2024-05-01,Possession of weapons,8
Hammersmith and Fulham,2024-05-01,Public order,128
Hammersmith and Fulham,2024-05-01,Robbery,35
Hammersmith and Fulham,2024-05-01,Shoplifting,225
Hammersmith and Fulham,2024-05-01,Theft from the person,97
Hammersmith and Fulham,2024-05-01,Vehicle crime,159
Hammersmith and Fulham,2024-05-01,Violence and sexual offences,497
Haringey,2024-05-01,Anti-social behaviour,860
Haringey,2024-05-01,Bicycle theft,39
Haringey,2024-05-01,Burglary,140
Haringey,2024-05-01,Criminal damage and arson,148
Haringey,2024-05-01,Drugs,106
Haringey,2024-05-01,Other crime,34
Haringey,2024-05-01,Other theft,224
Haringey,2024-05-01,Possession of weapons,11
Haringey,2024-05-01,Public order,165
Haringey,2024-05-01,Robbery,111
Haringey,2024-05-01,Shoplifting,126
Haringey,2024-05-01,Theft from the person,219
Haringey,2024-05-01,Vehicle crime,375
Haringey,2024-05-01,Violence and sexual offences,727
Harrow,2024-05-01,Anti-social behaviour,495
Harrow,2024-05-01,Bicycle theft,10
Harrow,2024-05-01,Burglary,55
Harrow,2024-05-01,Criminal damage and arson,80
Harrow,2024-05-01,Drugs,50
Harrow,2024-05-01,Other crime,27
Harrow,2024-05-01,Other theft,124
Harrow,2024-05-01,Possession of weapons,6
Harrow,2024-05-01,Public order,85
Harrow,2024-05-01,Robbery,40
Harrow,2024-05-01,Shoplifting,171
Harrow,2024-05-01,Theft from the person,72
Harrow,2024-05-01,Vehicle crime,165
Harrow,2024-05-01,Violence and sexual offences,417
Havering,2024-05-01,Anti-social behaviour,480
Havering,2024-05-01,Bicycle theft,5
Havering,2024-05-01,Burglary,110
Havering,2024-05-01,Criminal damage and arson,109
Havering,2024-05-01,Drugs,77
Havering,2024-05-01,Other crime,26
Havering,2024-05-01,Other theft,149
Havering,2024-05-01,Possession of weapons,9
Havering,2024-05-01,Public order,123
Havering,2024-05-01,Robbery,49
Havering,2024-05-01,Shoplifting,246
Havering,2024-05-01,Theft from the person,43
Havering,2024-05-01,Vehicle crime,215
Havering,2024-05-01,Violence and sexual offences,561
Hillingdon,2024-05-01,Anti-social behaviour,787
Hillingdon,2024-05-01,Bicycle theft,23
Hillingdon,2024-05-01,Burglary,109
Hillingdon,2024-05-01,Criminal damage and arson,157
Hillingdon,2024-05-01,Drugs,62
Hillingdon,2024-05-01,Other crime,123
Hillingdon,2024-05-01,Other theft,277
Hillingdon,2024-05-01,Possession of weapons,14
Hillingdon,2024-05-01,Public order,153
Hillingdon,2024-05-01,Robbery,59
Hillingdon,2024-05-01,Shoplifting,239
Hillingdon,2024-05-01,Theft from the person,53
Hillingdon,2024-05-01,Vehicle crime,301
Hillingdon,2024-05-01,Violence and sexual offences,786
Hounslow,2024-05-01,Anti-social behaviour,650
Hounslow,2024-05-01,Bicycle theft,33
Hounslow,2024-05-01,Burglary,87
Hounslow,2024-05-01,Criminal damage and arson,136
Hounslow,2024-05-01,Drugs,71
Hounslow,2024-05-01,Other crime,36
Hounslow,2024-05-01,Other theft,195
Hounslow,2024-05-01,Possession of weapons,11
Hounslow,2024-05-01,Public order,152
Hounslow,2024-05-01,Robbery,56
Hounslow,2024-05-01,Shoplifting,197
Hounslow,2024-05-01,Theft from the person,55
Hounslow,2024-05-01,Vehicle crime,271
Hounslow,2024-05-01,Violence and sexual offences,718
Islington,2024-05-01,Anti-social behaviour,894
Islington,2024-05-01,Bicycle theft,64
Islington,2024-05-01,Burglary,125
Islington,2024-05-01,Criminal damage and arson,161
Islington,2024-05-01,Drugs,77
Islington,2024-05-01,Other crime,25
Islington,2024-05-01,Other theft,355
Islington,2024-05-01,Possession of weapons,12
Islington,2024-05-01,Public order,160
Islington,2024-05-01,Robbery,110
Islington,2024-05-01,Shoplifting,216
Islington,2024-05-01,Theft from the person,400
Islington,2024-05-01,Vehicle crime,234
Islington,2024-05-01,Violence and sexual offences,650
Kensington and Chelsea,2024-05-01,Anti-social behaviour,448
Kensington and Chelsea,2024-05-01,Bicycle theft,31
Kensington and Chelsea,2024-05-01,Burglary,118
Kensington and Chelsea,2024-05-01,Criminal damage and arson,96
Kensington and Chelsea,2024-05-01,Drugs,58
Kensington and Chelsea,2024-05-01,Other crime,12
Kensington and Chelsea,2024-05-01,Other theft,270
Kensington and Chelsea,2024-05-01,Possession of weapons,8
Kensington and Chelsea,2024-05-01,Public order,96
Kensington and Chelsea,2024-05-01,Robbery,45
Kensington and Chelsea,2024-05-01,Shoplifting,195
Kensington and Chelsea,2024-05-01,Theft from the person,220
Kensington and Chelsea,2024-05-01,Vehicle crime,190
Kensington and Chelsea,2024-05-01,Violence and sexual offences,406
Kingston upon Thames,2024-05-01,Anti-social behaviour,333
Kingston upon Thames,2024-05-01,Bicycle theft,16
Kingston upon Thames,2024-05-01,Burglary,45
Kingston upon Thames,2024-05-01,Criminal damage and arson,63
Kingston upon Thames,2024-05-01,Drugs,26
Kingston upon Thames,2024-05-01,Other crime,4
Kingston upon Thames,2024-05-01,Other theft,94
Kingston upon Thames,2024-05-01,Possession of weapons,5
Kingston upon Thames,2024-05-01,Public order,76
Kingston upon Thames,2024-05-01,Robbery,22
Kingston upon Thames,2024-05-01,Shoplifting,130
Kingston upon Thames,2024-05-01,Theft from the person,25
Kingston upon Thames,2024-05-01,Vehicle crime,82
Kingston upon Thames,2024-05-01,Violence and sexual offences,271
Lambeth,2024-05-01,Anti-social behaviour,929
Lambeth,2024-05-01,Bicycle theft,72
Lambeth,2024-05-01,Burglary,169
Lambeth,2024-05-01,Criminal damage and arson,181
Lambeth,2024-05-01,Drugs,138
Lambeth,2024-05-01,Other crime,25
Lambeth,2024-05-01,Other theft,414
Lambeth,2024-05-01,Possession of weapons,20
Lambeth,2024-05-01,Public order,214
Lambeth,2024-05-01,Robbery,180
Lambeth,2024-05-01,Shoplifting,279
Lambeth,2024-05-01,Theft from the person,420
Lambeth,2024-05-01,Vehicle crime,299
Lambeth,2024-05-01,Violence and sexual offences,895
Lewisham,2024-05-01,Anti-social behaviour,686
Lewisham,2024-05-01,Bicycle theft,51
Lewisham,2024-05-01,Burglary,129
Lewisham,2024-05-01,Criminal damage and arson,158
Lewisham,2024-05-01,Drugs,100
Lewisham,2024-05-01,Other crime,33
Lewisham,2024-05-01,Other theft,210
Lewisham,2024-05-01,Possession of weapons,20
Lewisham,2024-05-01,Public order,171
Lewisham,2024-05-01,Robbery,82
Lewisham,2024-05-01,Shoplifting,216
Lewisham,2024-05-01,Theft from the person,135
Lewisham,2024-05-01,Vehicle crime,293
Lewisham,2024-05-01,Violence and sexual offences,919
Merton,2024-05-01,Anti-social behaviour,366
Merton,2024-05-01,Bicycle theft,21
Merton,2024-05-01,Burglary,58
Merton,2024-05-01,Criminal damage and arson,88
Merton,2024-05-01,Drugs,30
Merton,2024-05-01,Other crime,17
Merton,2024-05-01,Other theft,119
Merton,2024-05-01,Possession of weapons,11
Merton,2024-05-01,Public order,78
Merton,2024-05-01,Robbery,47
Merton,2024-05-01,Shoplifting,125
Merton,2024-05-01,Theft from the person,28
Merton,2024-05-01,Vehicle crime,135
Merton,2024-05-01,Violence and sexual offences,362
Newham,2024-05-01,Anti-social behaviour,971
Newham,2024-05-01,Bicycle theft,49
Newham,2024-05-01,Burglary,156
Newham,2024-05-01,Criminal damage and arson,163
Newham,2024-05-01,Drugs,123
Newham,2024-05-01,Other crime,34
Newham,2024-05-01,Other theft,395
Newham,2024-05-01,Possession of weapons,9
Newham,2024-05-01,Public order,165
Newham,2024-05-01,Robbery,144
Newham,2024-05-01,Shoplifting,281
Newham,2024-05-01,Theft from the person,394
Newham,2024-05-01,Vehicle crime,372
Newham,2024-05-01,Violence and sexual offences,915
Redbridge,2024-05-01,Anti-social behaviour,526
Redbridge,2024-05-01,Bicycle theft,16
Redbridge,2024-05-01,Burglary,114
Redbridge,2024-05-01,Criminal damage and arson,119
Redbridge,2024-05-01,Drugs,61
Redbridge,2024-05-01,Other crime,26
Redbridge,2024-05-01,Other theft,224
Redbridge,2024-05-01,Possession of weapons,12
Redbridge,2024-05-01,Public order,122
Redbridge,2024-05-01,Robbery,62
Redbridge,2024-05-01,Shoplifting,168
Redbridge,2024-05-01,Theft from the person,90
Redbridge,2024-05-01,Vehicle crime,261
Redbridge,2024-05-01,Violence and sexual offences,768
Richmond upon Thames,2024-05-01,Anti-social behaviour,269
Richmond upon Thames,2024-05-01,Bicycle theft,57
Richmond upon Thames,2024-05-01,Burglary,89
Richmond upon Thames,2024-05-01,Criminal damage and arson,76
Richmond upon Thames,2024-05-01,Drugs,37
Richmond upon Thames,2024-05-01,Other crime,11
Richmond upon Thames,2024-05-01,Other theft,105
Richmond upon Thames,2024-05-01,Possession of weapons,4
Richmond upon Thames,2024-05-01,Public order,79
Richmond upon Thames,2024-05-01,Robbery,27
Richmond upon Thames,2024-05-01,Shoplifting,102
Richmond upon Thames,2024-05-01,Theft from the person,17
Richmond upon Thames,2024-05-01,Vehicle crime,138
Richmond upon Thames,2024-05-01,Violence and sexual offences,293
Southwark,2024-05-01,Anti-social behaviour,878
Southwark,2024-05-01,Bicycle theft,114
Southwark,2024-05-01,Burglary,216
Southwark,2024-05-01,Criminal damage and arson,176
Southwark,2024-05-01,Drugs,92
Southwark,2024-05-01,Other crime,25
Southwark,2024-05-01,Other theft,417
Southwark,2024-05-01,Possession of weapons,9
Southwark,2024-05-01,Public order,169
Southwark,2024-05-01,Robbery,181
Southwark,2024-05-01,Shoplifting,145
Southwark,2024-05-01,Theft from the person,559
Southwark,2024-05-01,Vehicle crime,228
Southwark,2024-05-01,Violence and sexual offences,797
Sutton,2024-05-01,Anti-social behaviour,315
Sutton,2024-05-01,Bicycle theft,16
Sutton,2024-05-01,Burglary,72
Sutton,2024-05-01,Criminal damage and arson,82
Sutton,2024-05-01,Drugs,36
Sutton,2024-05-01,Other crime,25
Sutton,2024-05-01,Other theft,83
Sutton,2024-05-01,Possession of weapons,7
Sutton,2024-05-01,Public order,102
Sutton,2024-05-01,Robbery,29
Sutton,2024-05-01,Shoplifting,161
Sutton,2024-05-01,Theft from the person,25
Sutton,2024-05-01,Vehicle crime,112
Sutton,2024-05-01,Violence and sexual offences,410
Tower Hamlets,2024-05-01,Anti-social behaviour,1134
Tower Hamlets,2024-05-01,Bicycle theft,90
Tower Hamlets,2024-05-01,Burglary,167
Tower Hamlets,2024-05-01,Criminal damage and arson,174
Tower Hamlets,2024-05-01,Drugs,153
Tower Hamlets,2024-05-01,Other crime,28
Tower Hamlets,2024-05-01,Other theft,336
Tower Hamlets,2024-05-01,Possession of weapons,16
Tower Hamlets,2024-05-01,Public order,214
Tower Hamlets,2024-05-01,Robbery,140
Tower Hamlets,2024-05-01,Shoplifting,235
Tower Hamlets,2024-05-01,Theft from the person,281
Tower Hamlets,2024-05-01,Vehicle crime,253
Tower Hamlets,2024-05-01,Violence and sexual offences,901
Waltham Forest,2024-05-01,Anti-social behaviour,692
Waltham Forest,2024-05-01,Bicycle theft,65
Waltham Forest,2024-05-01,Burglary,141
Waltham Forest,2024-05-01,Criminal damage and arson,154
Waltham Forest,2024-05-01,Drugs,93
Waltham Forest,2024-05-01,Other crime,17
Waltham Forest,2024-05-01,Other theft,229
Waltham Forest,2024-05-01,Possession of weapons,10
Waltham Forest,2024-05-01,Public order,121
Waltham Forest,2024-05-01,Robbery,79
Waltham Forest,2024-05-01,Shoplifting,182
Waltham Forest,2024-05-01,Theft from the person,161
Waltham Forest,2024-05-01,Vehicle crime,349
Waltham Forest,2024-05-01,Violence and sexual offences,522
Wandsworth,2024-05-01,Anti-social behaviour,696
Wandsworth,2024-05-01,Bicycle theft,83
Wandsworth,2024-05-01,Burglary,136
Wandsworth,2024-05-01,Criminal damage and arson,123
Wandsworth,2024-05-01,Drugs,48
Wandsworth,2024-05-01,Other crime,17
Wandsworth,2024-05-01,Other theft,269
Wandsworth,2024-05-01,Possession of weapons,6
Wandsworth,2024-05-01,Public order,112
Wandsworth,2024-05-01,Robbery,72
Wandsworth,2024-05-01,Shoplifting,167
Wandsworth,2024-05-01,Theft from the person,71
Wandsworth,2024-05-01,Vehicle crime,296
Wandsworth,2024-05-01,Violence and sexual offences,687
Westminster,2024-05-01,Anti-social behaviour,1221
Westminster,2024-05-01,Bicycle theft,87
Westminster,2024-05-01,Burglary,257
Westminster,2024-05-01,Criminal damage and arson,194
Westminster,2024-05-01,Drugs,142
Westminster,2024-05-01,Other crime,22
Westminster,2024-05-01,Other theft,1430
Westminster,2024-05-01,Possession of weapons,22
Westminster,2024-05-01,Public order,297
Westminster,2024-05-01,Robbery,324
Westminster,2024-05-01,Shoplifting,595
Westminster,2024-05-01,Theft from the person,2060
Westminster,2024-05-01,Vehicle crime,330
Westminster,2024-05-01,Violence and sexual offences,952
Barking and Dagenham,2024-06-01,Anti-social behaviour,381
Barking and Dagenham,2024-06-01,Bicycle theft,10
Barking and Dagenham,2024-06-01,Burglary,68
Barking and Dagenham,2024-06-01,Criminal damage and arson,107
Barking and Dagenham,2024-06-01,Drugs,88
Barking and Dagenham,2024-06-01,Other crime,17
Barking and Dagenham,2024-06-01,Other theft,170
Barking and Dagenham,2024-06-01,Possession of weapons,3
Barking and Dagenham,2024-06-01,Public order,93
Barking and Dagenham,2024-06-01,Robbery,65
Barking and Dagenham,2024-06-01,Shoplifting,127
Barking and Dagenham,2024-06-01,Theft from the person,72
Barking and Dagenham,2024-06-01,Vehicle crime,180
Barking and Dagenham,2024-06-01,Violence and sexual offences,584
Barnet,2024-06-01,Anti-social behaviour,834
Barnet,2024-06-01,Bicycle theft,30
Barnet,2024-06-01,Burglary,159
Barnet,2024-06-01,Criminal damage and arson,158
Barnet,2024-06-01,Drugs,88
Barnet,2024-06-01,Other crime,21
Barnet,2024-06-01,Other theft,244
Barnet,2024-06-01,Possession of weapons,7
Barnet,2024-06-01,Public order,186
Barnet,2024-06-01,Robbery,63
Barnet,2024-06-01,Shoplifting,214
Barnet,2024-06-01,Theft from the person,88
Barnet,2024-06-01,Vehicle crime,320
Barnet,2024-06-01,Violence and sexual offences,676
Bexley,2024-06-01,Anti-social behaviour,368
Bexley,2024-06-01,Bicycle theft,6
Bexley,2024-06-01,Burglary,50
Bexley,2024-06-01,Criminal damage and arson,150
Bexley,2024-06-01,Drugs,53
Bexley,2024-06-01,Other crime,20
Bexley,2024-06-01,Other theft,145
Bexley,2024-06-01,Possession of weapons,9
Bexley,2024-06-01,Public order,109
Bexley,2024-06-01,Robbery,29
Bexley,2024-06-01,Shoplifting,143
Bexley,2024-06-01,Theft from the person,23
Bexley,2024-06-01,Vehicle crime,203
Bexley,2024-06-01,Violence and sexual offences,521
Brent,2024-06-01,Anti-social behaviour,995
Brent,2024-06-01,Bicycle theft,33
Brent,2024-06-01,Burglary,151
Brent,2024-06-01,Criminal damage and arson,182
Brent,2024-06-01,Drugs,131
Brent,2024-06-01,Other crime,30
Brent,2024-06-01,Other theft,311
Brent,2024-06-01,Possession of weapons,10
Brent,2024-06-01,Public order,227
Brent,2024-06-01,Robbery,111
Brent,2024-06-01,Shoplifting,242
Brent,2024-06-01,Theft from the person,144
Brent,2024-06-01,Vehicle crime,328
Brent,2024-06-01,Violence and sexual offences,925
Bromley,2024-06-01,Anti-social behaviour,497
Bromley,2024-06-01,Bicycle theft,13
Bromley,2024-06-01,Burglary,94
Bromley,2024-06-01,Criminal damage and arson,143
Bromley,2024-06-01,Drugs,53
Bromley,2024-06-01,Other crime,33
Bromley,2024-06-01,Other theft,185
Bromley,2024-06-01,Possession of weapons,3
Bromley,2024-06-01,Public order,138
Bromley,2024-06-01,Robbery,46
Bromley,2024-06-01,Shoplifting,211
Bromley,2024-06-01,Theft from the person,46
Bromley,2024-06-01,Vehicle crime,319
Bromley,2024-06-01,Violence and sexual offences,613
Camden,2024-06-01,Anti-social behaviour,988
Camden,2024-06-01,Bicycle theft,78
Camden,2024-06-01,Burglary,202
Camden,2024-06-01,Criminal damage and arson,169
Camden,2024-06-01,Drugs,142
Camden,2024-06-01,Other crime,25
Camden,2024-06-01,Other theft,628
Camden,2024-06-01,Possession of weapons,11
Camden,2024-06-01,Public order,175
Camden,2024-06-01,Robbery,162
Camden,2024-06-01,Shoplifting,248
Camden,2024-06-01,Theft from the person,822
Camden,2024-06-01,Vehicle crime,231
Camden,2024-06-01,Violence and sexual offences,675
City of London,2024-06-01,Anti-social behaviour,4
City of London,2024-06-01,Bicycle theft,4
City of London,2024-06-01,Burglary,3
City of London,2024-06-01,Drugs,1
City of London,2024-06-01,Other crime,1
City of London,2024-06-01,Other theft,24
City of London,2024-06-01,Public order,3
City of London,2024-06-01,Robbery,4
City of London,2024-06-01,Shoplifting,12
City of London,2024-06-01,Theft from the person,25
City of London,2024-06-01,Vehicle crime,4
City of London,2024-06-01,Violence and sexual offences,8
Croydon,2024-06-01,Anti-social behaviour,850
Croydon,2024-06-01,Bicycle theft,14
Croydon,2024-06-01,Burglary,156
Croydon,2024-06-01,Criminal damage and arson,219
Croydon,2024-06-01,Drugs,85
Croydon,2024-06-01,Other crime,37
Croydon,2024-06-01,Other theft,239
Croydon,2024-06-01,Possession of weapons,14
Croydon,2024-06-01,Public order,227
Croydon,2024-06-01,Robbery,111
Croydon,2024-06-01,Shoplifting,332
Croydon,2024-06-01,Theft from the person,59
Croydon,2024-06-01,Vehicle crime,273
Croydon,2024-06-01,Violence and sexual offences,1060
Ealing,2024-06-01,Anti-social behaviour,1047
Ealing,2024-06-01,Bicycle theft,50
Ealing,2024-06-01,Burglary,117
Ealing,2024-06-01,Criminal damage and arson,163
Ealing,2024-06-01,Drugs,110
Ealing,2024-06-01,Other crime,31
Ealing,2024-06-01,Other theft,306
Ealing,2024-06-01,Possession of weapons,15
Ealing,2024-06-01,Public order,164
Ealing,2024-06-01,Robbery,95
Ealing,2024-06-01,Shoplifting,203
Ealing,2024-06-01,Theft from the person,117
Ealing,2024-06-01,Vehicle crime,360
Ealing,2024-06-01,Violence and sexual offences,936
Enfield,2024-06-01,Anti-social behaviour,745
Enfield,2024-06-01,Bicycle theft,9
Enfield,2024-06-01,Burglary,110
Enfield,2024-06-01,Criminal damage and arson,161
Enfield,2024-06-01,Drugs,102
Enfield,2024-06-01,Other crime,33
Enfield,2024-06-01,Other theft,239
Enfield,2024-06-01,Possession of weapons,16
Enfield,2024-06-01,Public order,152
Enfield,2024-06-01,Robbery,66
Enfield,2024-06-01,Shoplifting,231
Enfield,2024-06-01,Theft from the person,89
Enfield,2024-06-01,Vehicle crime,362
Enfield,2024-06-01,Violence and sexual offences,828
Greenwich,2024-06-01,Anti-social behaviour,586
Greenwich,2024-06-01,Bicycle theft,41
Greenwich,2024-06-01,Burglary,102
Greenwich,2024-06-01,Criminal damage and arson,161
Greenwich,2024-06-01,Drugs,94
Greenwich,2024-06-01,Other crime,33
Greenwich,2024-06-01,Other theft,268
Greenwich,2024-06-01,Possession of weapons,10
Greenwich,2024-06-01,Public order,175
Greenwich,2024-06-01,Robbery,67
Greenwich,2024-06-01,Shoplifting,230
Greenwich,2024-06-01,Theft from the person,83
Greenwich,2024-06-01,Vehicle crime,224
Greenwich,2024-06-01,Violence and sexual offences,789
Hackney,2024-06-01,Anti-social behaviour,717
Hackney,2024-06-01,Bicycle theft,122
Hackney,2024-06-01,Burglary,130
Hackney,2024-06-01,Criminal damage and arson,153
Hackney,2024-06-01,Drugs,93
Hackney,2024-06-01,Other crime,34
Hackney,2024-06-01,Other theft,306
Hackney,2024-06-01,Possession of weapons,15
Hackney,2024-06-01,Public order,160
Hackney,2024-06-01,Robbery,145
Hackney,2024-06-01,Shoplifting,122
Hackney,2024-06-01,Theft from the person,371
Hackney,2024-06-01,Vehicle crime,204
Hackney,2024-06-01,Violence and sexual offences,695
Hammersmith and Fulham,2024-06-01,Anti-social behaviour,562
Hammersmith and Fulham,2024-06-01,Bicycle theft,67
Hammersmith and Fulham,2024-06-01,Burglary,88
Hammersmith and Fulham,2024-06-01,Criminal damage and arson,108
Hammersmith and Fulham,2024-06-01,Drugs,53
Hammersmith and Fulham,2024-06-01,Other crime,12
Hammersmith and Fulham,2024-06-01,Other theft,227
Hammersmith and Fulham,2024-06-01,Possession of weapons,17
Hammersmith and Fulham,2024-06-01,Public order,124
Hammersmith and Fulham,2024-06-01,Robbery,52
Hammersmith and Fulham,2024-06-01,Shoplifting,172
Hammersmith and Fulham,2024-06-01,Theft from the person,90
Hammersmith and Fulham,2024-06-01,Vehicle crime,163
Hammersmith and Fulham,2024-06-01,Violence and sexual offences,478
Haringey,2024-06-01,Anti-social behaviour,759
Haringey,2024-06-01,Bicycle theft,30
Haringey,2024-06-01,Burglary,130
Haringey,2024-06-01,Criminal damage and arson,131
Haringey,2024-06-01,Drugs,94
Haringey,2024-06-01,Other crime,16
Haringey,2024-06-01,Other theft,248
Haringey,2024-06-01,Possession of weapons,11
Haringey,2024-06-01,Public order,144
Haringey,2024-06-01,Robbery,107
Haringey,2024-06-01,Shoplifting,142
Haringey,2024-06-01,Theft from the person,214
Haringey,2024-06-01,Vehicle crime,344
Haringey,2024-06-01,Violence and sexual offences,629
Harrow,2024-06-01,Anti-social behaviour,509
Harrow,2024-06-01,Bicycle theft,10
Harrow,2024-06-01,Burglary,57
Harrow,2024-06-01,Criminal damage and arson,77
Harrow,2024-06-01,Drugs,44
Harrow,2024-06-01,Other crime,15
Harrow,2024-06-01,Other theft,134
Harrow,2024-06-01,Possession of weapons,3
Harrow,2024-06-01,Public order,95
Harrow,2024-06-01,Robbery,34
Harrow,2024-06-01,Shoplifting,132
Harrow,2024-06-01,Theft from the person,63
Harrow,2024-06-01,Vehicle crime,152
Harrow,2024-06-01,Violence and sexual offences,376
Havering,2024-06-01,Anti-social behaviour,480
Havering,2024-06-01,Bicycle theft,5
Havering,2024-06-01,Burglary,90
Havering,2024-06-01,Criminal damage and arson,124
Havering,2024-06-01,Drugs,57
Havering,2024-06-01,Other crime,21
Havering,2024-06-01,Other theft,148
Havering,2024-06-01,Possession of weapons,8
Havering,2024-06-01,Public order,138
Havering,2024-06-01,Robbery,54
Havering,2024-06-01,Shoplifting,195
Havering,2024-06-01,Theft from the person,39
Havering,2024-06-01,Vehicle crime,214
Havering,2024-06-01,Violence and sexual offences,585
Hillingdon,2024-06-01,Anti-social behaviour,757
Hillingdon,2024-06-01,Bicycle theft,17
Hillingdon,2024-06-01,Burglary,102
Hillingdon,2024-06-01,Criminal damage and arson,203
Hillingdon,2024-06-01,Drugs,58
Hillingdon,2024-06-01,Other crime,141
Hillingdon,2024-06-01,Other theft,310
Hillingdon,2024-06-01,Possession of weapons,8
Hillingdon,2024-06-01,Public order,186
Hillingdon,2024-06-01,Robbery,56
Hillingdon,2024-06-01,Shoplifting,278
Hillingdon,2024-06-01,Theft from the person,59
Hillingdon,2024-06-01,Vehicle crime,327
Hillingdon,2024-06-01,Violence and sexual offences,752
Hounslow,2024-06-01,Anti-social behaviour,664
Hounslow,2024-06-01,Bicycle theft,45
Hounslow,2024-06-01,Burglary,96
Hounslow,2024-06-01,Criminal damage and arson,164
Hounslow,2024-06-01,Drugs,84
Hounslow,2024-06-01,Other crime,33
Hounslow,2024-06-01,Other theft,215
Hounslow,2024-06-01,Possession of weapons,7
Hounslow,2024-06-01,Public order,159
Hounslow,2024-06-01,Robbery,60
Hounslow,2024-06-01,Shoplifting,198
Hounslow,2024-06-01,Theft from the person,73
Hounslow,2024-06-01,Vehicle crime,229
Hounslow,2024-06-01,Violence and sexual offences,743
Islington,2024-06-01,Anti-social behaviour,881
Islington,2024-06-01,Bicycle theft,63
Islington,2024-06-01,Burglary,133
Islington,2024-06-01,Criminal damage and arson,151
Islington,2024-06-01,Drugs,61
Islington,2024-06-01,Other crime,20
Islington,2024-06-01,Other theft,366
Islington,2024-06-01,Possession of weapons,14
Islington,2024-06-01,Public order,151
Islington,2024-06-01,Robbery,97
Islington,2024-06-01,Shoplifting,253
Islington,2024-06-01,Theft from the person,386
Islington,2024-06-01,Vehicle crime,197
Islington,2024-06-01,Violence and sexual offences,672
Kensington and Chelsea,2024-06-01,Anti-social behaviour,455
Kensington and Chelsea,2024-06-01,Bicycle theft,33
Kensington and Chelsea,2024-06-01,Burglary,124
Kensington and Chelsea,2024-06-01,Criminal damage and arson,90
Kensington and Chelsea,2024-06-01,Drugs,47
Kensington and Chelsea,2024-06-01,Other crime,12
Kensington and Chelsea,2024-06-01,Other theft,334
Kensington and Chelsea,2024-06-01,Possession of weapons,6
Kensington and Chelsea,2024-06-01,Public order,92
Kensington and Chelsea,2024-06-01,Robbery,32
Kensington and Chelsea,2024-06-01,Shoplifting,168
Kensington and Chelsea,2024-06-01,Theft from the person,205
Kensington and Chelsea,2024-06-01,Vehicle crime,194
Kensington and Chelsea,2024-06-01,Violence and sexual offences,419
Kingston upon Thames,2024-06-01,Anti-social behaviour,290
Kingston upon Thames,2024-06-01,Bicycle theft,37
Kingston upon Thames,2024-06-01,Burglary,40
Kingston upon Thames,2024-06-01,Criminal damage and arson,92
Kingston upon Thames,2024-06-01,Drugs,53
Kingston upon Thames,2024-06-01,Other crime,12
Kingston upon Thames,2024-06-01,Other theft,100
Kingston upon Thames,2024-06-01,Possession of weapons,2
Kingston upon Thames,2024-06-01,Public order,75
Kingston upon Thames,2024-06-01,Robbery,20
Kingston upon Thames,2024-06-01,Shoplifting,133
Kingston upon Thames,2024-06-01,Theft from the person,58
Kingston upon Thames,2024-06-01,Vehicle crime,79
Kingston upon Thames,2024-06-01,Violence and sexual offences,283
Lambeth,2024-06-01,Anti-social behaviour,934
Lambeth,2024-06-01,Bicycle theft,77
Lambeth,2024-06-01,Burglary,197
Lambeth,2024-06-01,Criminal damage and arson,184
Lambeth,2024-06-01,Drugs,120
Lambeth,2024-06-01,Other crime,31
Lambeth,2024-06-01,Other theft,426
Lambeth,2024-06-01,Possession of weapons,17
Lambeth,2024-06-01,Public order,219
Lambeth,2024-06-01,Robbery,208
Lambeth,2024-06-01,Shoplifting,252
Lambeth,2024-06-01,Theft from the person,391
Lambeth,2024-06-01,Vehicle crime,342
Lambeth,2024-06-01,Violence and sexual offences,906
Lewisham,2024-06-01,Anti-social behaviour,665
Lewisham,2024-06-01,Bicycle theft,49
Lewisham,2024-06-01,Burglary,147
Lewisham,2024-06-01,Criminal damage and arson,176
Lewisham,2024-06-01,Drugs,98
Lewisham,2024-06-01,Other crime,26
Lewisham,2024-06-01,Other theft,254
Lewisham,2024-06-01,Possession of weapons,9
Lewisham,2024-06-01,Public order,169
Lewisham,2024-06-01,Robbery,83
Lewisham,2024-06-01,Shoplifting,297
Lewisham,2024-06-01,Theft from the person,168
Lewisham,2024-06-01,Vehicle crime,295
Lewisham,2024-06-01,Violence and sexual offences,799
Merton,2024-06-01,Anti-social behaviour,357
Merton,2024-06-01,Bicycle theft,27
Merton,2024-06-01,Burglary,77
Merton,2024-06-01,Criminal damage and arson,109
Merton,2024-06-01,Drugs,34
Merton,2024-06-01,Other crime,16
Merton,2024-06-01,Other theft,119
Merton,2024-06-01,Possession of weapons,7
Merton,2024-06-01,Public order,68
Merton,2024-06-01,Robbery,27
Merton,2024-06-01,Shoplifting,112
Merton,2024-06-01,Theft from the person,31
Merton,2024-06-01,Vehicle crime,138
Merton,2024-06-01,Violence and sexual offences,364
Newham,2024-06-01,Anti-social behaviour,969
Newham,2024-06-01,Bicycle theft,58
Newham,2024-06-01,Burglary,147
Newham,2024-06-01,Criminal damage and arson,168
Newham,2024-06-01,Drugs,141
Newham,2024-06-01,Other crime,46
Newham,2024-06-01,Other theft,428
Newham,2024-06-01,Possession of weapons,16
Newham,2024-06-01,Public order,158
Newham,2024-06-01,Robbery,122
Newham,2024-06-01,Shoplifting,301
Newham,2024-06-01,Theft from the person,357
Newham,2024-06-01,Vehicle crime,333
Newham,2024-06-01,Violence and sexual offences,945
Redbridge,2024-06-01,Anti-social behaviour,560
Redbridge,2024-06-01,Bicycle theft,37
Redbridge,2024-06-01,Burglary,121
Redbridge,2024-06-01,Criminal damage and arson,129
Redbridge,2024-06-01,Drugs,56
Redbridge,2024-06-01,Other crime,26
Redbridge,2024-06-01,Other theft,216
Redbridge,2024-06-01,Possession of weapons,15
Redbridge,2024-06-01,Public order,150
Redbridge,2024-06-01,Robbery,49
Redbridge,2024-06-01,Shoplifting,156
Redbridge,2024-06-01,Theft from the person,103
Redbridge,2024-06-01,Vehicle crime,258
Redbridge,2024-06-01,Violence and sexual offences,697
Richmond upon Thames,2024-06-01,Anti-social behaviour,304
Richmond upon Thames,2024-06-01,Bicycle theft,42
Richmond upon Thames,2024-06-01,Burglary,87
Richmond upon Thames,2024-06-01,Criminal damage and arson,88
Richmond upon Thames,2024-06-01,Drugs,58
Richmond upon Thames,2024-06-01,Other crime,8
Richmond upon Thames,2024-06-01,Other theft,109
Richmond upon Thames,2024-06-01,Possession of weapons,5
Richmond upon Thames,2024-06-01,Public order,70
Richmond upon Thames,2024-06-01,Robbery,36
Richmond upon Thames,2024-06-01,Shoplifting,122
Richmond upon Thames,2024-06-01,Theft from the person,36
Richmond upon Thames,2024-06-01,Vehicle crime,149
Richmond upon Thames,2024-06-01,Violence and sexual offences,285
Southwark,2024-06-01,Anti-social behaviour,805
Southwark,2024-06-01,Bicycle theft,105
Southwark,2024-06-01,Burglary,172
Southwark,2024-06-01,Criminal damage and arson,153
Southwark,2024-06-01,Drugs,95
Southwark,2024-06-01,Other crime,35
Southwark,2024-06-01,Other theft,404
Southwark,2024-06-01,Possession of weapons,11
Southwark,2024-06-01,Public order,168
Southwark,2024-06-01,Robbery,154
Southwark,2024-06-01,Shoplifting,171
Southwark,2024-06-01,Theft from the person,570
Southwark,2024-06-01,Vehicle crime,204
Southwark,2024-06-01,Violence and sexual offences,819
Sutton,2024-06-01,Anti-social behaviour,314
Sutton,2024-06-01,Bicycle theft,15
Sutton,2024-06-01,Burglary,50
Sutton,2024-06-01,Criminal damage and arson,71
Sutton,2024-06-01,Drugs,28
Sutton,2024-06-01,Other crime,16
Sutton,2024-06-01,Other theft,99
Sutton,2024-06-01,Possession of weapons,5
Sutton,2024-06-01,Public order,73
Sutton,2024-06-01,Robbery,30
Sutton,2024-06-01,Shoplifting,151
Sutton,2024-06-01,Theft from the person,17
Sutton,2024-06-01,Vehicle crime,77
Sutton,2024-06-01,Violence and sexual offences,386
Tower Hamlets,2024-06-01,Anti-social behaviour,1089
Tower Hamlets,2024-06-01,Bicycle theft,78
Tower Hamlets,2024-06-01,Burglary,173
Tower Hamlets,2024-06-01,Criminal damage and arson,177
Tower Hamlets,2024-06-01,Drugs,158
Tower Hamlets,2024-06-01,Other crime,40
Tower Hamlets,2024-06-01,Other theft,306
Tower Hamlets,2024-06-01,Possession of weapons,15
Tower Hamlets,2024-06-01,Public order,218
Tower Hamlets,2024-06-01,Robbery,109
Tower Hamlets,2024-06-01,Shoplifting,198
Tower Hamlets,2024-06-01,Theft from the person,224
Tower Hamlets,2024-06-01,Vehicle crime,259
Tower Hamlets,2024-06-01,Violence and sexual offences,870
Waltham Forest,2024-06-01,Anti-social behaviour,745
Waltham Forest,2024-06-01,Bicycle theft,54
Waltham Forest,2024-06-01,Burglary,118
Waltham Forest,2024-06-01,Criminal damage and arson,152
Waltham Forest,2024-06-01,Drugs,105
Waltham Forest,2024-06-01,Other crime,29
Waltham Forest,2024-06-01,Other theft,224
Waltham Forest,2024-06-01,Possession of weapons,17
Waltham Forest,2024-06-01,Public order,130
Waltham Forest,2024-06-01,Robbery,67
Waltham Forest,2024-06-01,Shoplifting,170
Waltham Forest,2024-06-01,Theft from the person,182
Waltham Forest,2024-06-01,Vehicle crime,282
Waltham Forest,2024-06-01,Violence and sexual offences,550
Wandsworth,2024-06-01,Anti-social behaviour,667
Wandsworth,2024-06-01,Bicycle theft,82
Wandsworth,2024-06-01,Burglary,125
Wandsworth,2024-06-01,Criminal damage and arson,118
Wandsworth,2024-06-01,Drugs,49
Wandsworth,2024-06-01,Other crime,22
Wandsworth,2024-06-01,Other theft,266
Wandsworth,2024-06-01,Possession of weapons,9
Wandsworth,2024-06-01,Public order,148
Wandsworth,2024-06-01,Robbery,76
Wandsworth,2024-06-01,Shoplifting,198
Wandsworth,2024-06-01,Theft from the person,89
Wandsworth,2024-06-01,Vehicle crime,252
Wandsworth,2024-06-01,Violence and sexual offences,649
Westminster,2024-06-01,Anti-social behaviour,1192
Westminster,2024-06-01,Bicycle theft,90
Westminster,2024-06-01,Burglary,250
Westminster,2024-06-01,Criminal damage and arson,152
Westminster,2024-06-01,Drugs,181
Westminster,2024-06-01,Other crime,29
Westminster,2024-06-01,Other theft,1559
Westminster,2024-06-01,Possession of weapons,20
Westminster,2024-06-01,Public order,309
Westminster,2024-06-01,Robbery,306
Westminster,2024-06-01,Shoplifting,595
Westminster,2024-06-01,Theft from the person,2205
Westminster,2024-06-01,Vehicle crime,334
Westminster,2024-06-01,Violence and sexual offences,958
Barking and Dagenham,2024-07-01,Anti-social behaviour,425
Barking and Dagenham,2024-07-01,Bicycle theft,4
Barking and Dagenham,2024-07-01,Burglary,58
Barking and Dagenham,2024-07-01,Criminal damage and arson,138
Barking and Dagenham,2024-07-01,Drugs,72
Barking and Dagenham,2024-07-01,Other crime,30
Barking and Dagenham,2024-07-01,Other theft,155
Barking and Dagenham,2024-07-01,Possession of weapons,4
Barking and Dagenham,2024-07-01,Public order,107
Barking and Dagenham,2024-07-01,Robbery,52
Barking and Dagenham,2024-07-01,Shoplifting,191
Barking and Dagenham,2024-07-01,Theft from the person,51
Barking and Dagenham,2024-07-01,Vehicle crime,178
Barking and Dagenham,2024-07-01,Violence and sexual offences,607
Barnet,2024-07-01,Anti-social behaviour,847
Barnet,2024-07-01,Bicycle theft,19
Barnet,2024-07-01,Burglary,171
Barnet,2024-07-01,Criminal damage and arson,167
Barnet,2024-07-01,Drugs,94
Barnet,2024-07-01,Other crime,31
Barnet,2024-07-01,Other theft,229
Barnet,2024-07-01,Possession of weapons,5
Barnet,2024-07-01,Public order,164
Barnet,2024-07-01,Robbery,61
Barnet,2024-07-01,Shoplifting,271
Barnet,2024-07-01,Theft from the person,108
Barnet,2024-07-01,Vehicle crime,377
Barnet,2024-07-01,Violence and sexual offences,704
Bexley,2024-07-01,Anti-social behaviour,429
Bexley,2024-07-01,Bicycle theft,6
Bexley,2024-07-01,Burglary,45
Bexley,2024-07-01,Criminal damage and arson,201
Bexley,2024-07-01,Drugs,59
Bexley,2024-07-01,Other crime,19
Bexley,2024-07-01,Other theft,116
Bexley,2024-07-01,Possession of weapons,4
Bexley,2024-07-01,Public order,108
Bexley,2024-07-01,Robbery,17
Bexley,2024-07-01,Shoplifting,134
Bexley,2024-07-01,Theft from the person,26
Bexley,2024-07-01,Vehicle crime,242
Bexley,2024-07-01,Violence and sexual offences,496
Brent,2024-07-01,Anti-social behaviour,944
Brent,2024-07-01,Bicycle theft,39
Brent,2024-07-01,Burglary,176
Brent,2024-07-01,Criminal damage and arson,184
Brent,2024-07-01,Drugs,94
Brent,2024-07-01,Other crime,20
Brent,2024-07-01,Other theft,285
Brent,2024-07-01,Possession of weapons,19
Brent,2024-07-01,Public order,191
Brent,2024-07-01,Robbery,102
Brent,2024-07-01,Shoplifting,317
Brent,2024-07-01,Theft from the person,158
Brent,2024-07-01,Vehicle crime,310
Brent,2024-07-01,Violence and sexual offences,918
Bromley,2024-07-01,Anti-social behaviour,542
Bromley,2024-07-01,Bicycle theft,12
Bromley,2024-07-01,Burglary,94
Bromley,2024-07-01,Criminal damage and arson,183
Bromley,2024-07-01,Drugs,68
Bromley,2024-07-01,Other crime,26
Bromley,2024-07-01,Other theft,210
Bromley,2024-07-01,Possession of weapons,6
Bromley,2024-07-01,Public order,133
Bromley,2024-07-01,Robbery,48
Bromley,2024-07-01,Shoplifting,254
Bromley,2024-07-01,Theft from the person,68
Bromley,2024-07-01,Vehicle crime,326
Bromley,2024-07-01,Violence and sexual offences,660
Camden,2024-07-01,Anti-social behaviour,947
Camden,2024-07-01,Bicycle theft,81
Camden,2024-07-01,Burglary,185
Camden,2024-07-01,Criminal damage and arson,147
Camden,2024-07-01,Drugs,106
Camden,2024-07-01,Other crime,23
Camden,2024-07-01,Other theft,587
Camden,2024-07-01,Possession of weapons,11
Camden,2024-07-01,Public order,178
Camden,2024-07-01,Robbery,159
Camden,2024-07-01,Shoplifting,361
Camden,2024-07-01,Theft from the person,896
Camden,2024-07-01,Vehicle crime,264
Camden,2024-07-01,Violence and sexual offences,616
City of London,2024-07-01,Bicycle theft,5
City of London,2024-07-01,Burglary,2
City of London,2024-07-01,Criminal damage and arson,4
City of London,2024-07-01,Drugs,1
City of London,2024-07-01,Other theft,21
City of London,2024-07-01,Public order,11
City of London,2024-07-01,Robbery,3
City of London,2024-07-01,Shoplifting,7
City of London,2024-07-01,Theft from the person,31
City of London,2024-07-01,Vehicle crime,6
City of London,2024-07-01,Violence and sexual offences,16
Croydon,2024-07-01,Anti-social behaviour,902
Croydon,2024-07-01,Bicycle theft,16
Croydon,2024-07-01,Burglary,139
Croydon,2024-07-01,Criminal damage and arson,272
Croydon,2024-07-01,Drugs,151
Croydon,2024-07-01,Other crime,45
Croydon,2024-07-01,Other theft,232
Croydon,2024-07-01,Possession of weapons,26
Croydon,2024-07-01,Public order,196
Croydon,2024-07-01,Robbery,88
Croydon,2024-07-01,Shoplifting,328
Croydon,2024-07-01,Theft from the person,55
Croydon,2024-07-01,Vehicle crime,305
Croydon,2024-07-01,Violence and sexual offences,1103
Ealing,2024-07-01,Anti-social behaviour,1030
Ealing,2024-07-01,Bicycle theft,30
Ealing,2024-07-01,Burglary,125
Ealing,2024-07-01,Criminal damage and arson,184
Ealing,2024-07-01,Drugs,83
Ealing,2024-07-01,Other crime,36
Ealing,2024-07-01,Other theft,257
Ealing,2024-07-01,Possession of weapons,14
Ealing,2024-07-01,Public order,210
Ealing,2024-07-01,Robbery,93
Ealing,2024-07-01,Shoplifting,265
Ealing,2024-07-01,Theft from the person,101
Ealing,2024-07-01,Vehicle crime,359
Ealing,2024-07-01,Violence and sexual offences,911
Enfield,2024-07-01,Anti-social behaviour,723
Enfield,2024-07-01,Bicycle theft,18
Enfield,2024-07-01,Burglary,175
Enfield,2024-07-01,Criminal damage and arson,176
Enfield,2024-07-01,Drugs,92
Enfield,2024-07-01,Other crime,33
Enfield,2024-07-01,Other theft,217
Enfield,2024-07-01,Possession of weapons,14
Enfield,2024-07-01,Public order,140
Enfield,2024-07-01,Robbery,65
Enfield,2024-07-01,Shoplifting,265
Enfield,2024-07-01,Theft from the person,77
Enfield,2024-07-01,Vehicle crime,392
Enfield,2024-07-01,Violence and sexual offences,768
Greenwich,2024-07-01,Anti-social behaviour,575
Greenwich,2024-07-01,Bicycle theft,43
Greenwich,2024-07-01,Burglary,97
Greenwich,2024-07-01,Criminal damage and arson,176
Greenwich,2024-07-01,Drugs,112
Greenwich,2024-07-01,Other crime,32
Greenwich,2024-07-01,Other theft,229
Greenwich,2024-07-01,Possession of weapons,13
Greenwich,2024-07-01,Public order,168
Greenwich,2024-07-01,Robbery,64
Greenwich,2024-07-01,Shoplifting,259
Greenwich,2024-07-01,Theft from the person,63
Greenwich,2024-07-01,Vehicle crime,229
Greenwich,2024-07-01,Violence and sexual offences,781
Hackney,2024-07-01,Anti-social behaviour,788
Hackney,2024-07-01,Bicycle theft,129
Hackney,2024-07-01,Burglary,137
Hackney,2024-07-01,Criminal damage and arson,155
Hackney,2024-07-01,Drugs,115
Hackney,2024-07-01,Other crime,19
Hackney,2024-07-01,Other theft,339
Hackney,2024-07-01,Possession of weapons,12
Hackney,2024-07-01,Public order,200
Hackney,2024-07-01,Robbery,116
Hackney,2024-07-01,Shoplifting,146
Hackney,2024-07-01,Theft from the person,317
Hackney,2024-07-01,Vehicle crime,221
Hackney,2024-07-01,Violence and sexual offences,723
Hammersmith and Fulham,2024-07-01,Anti-social behaviour,542
Hammersmith and Fulham,2024-07-01,Bicycle theft,71
Hammersmith and Fulham,2024-07-01,Burglary,126
Hammersmith and Fulham,2024-07-01,Criminal damage and arson,82
Hammersmith and Fulham,2024-07-01,Drugs,74
Hammersmith and Fulham,2024-07-01,Other crime,16
Hammersmith and Fulham,2024-07-01,Other theft,195
Hammersmith and Fulham,2024-07-01,Possession of weapons,11
Hammersmith and Fulham,2024-07-01,Public order,144
Hammersmith and Fulham,2024-07-01,Robbery,33
Hammersmith and Fulham,2024-07-01,Shoplifting,204
Hammersmith and Fulham,2024-07-01,Theft from the person,118
Hammersmith and Fulham,2024-07-01,Vehicle crime,133
Hammersmith and Fulham,2024-07-01,Violence and sexual offences,497
Haringey,2024-07-01,Anti-social behaviour,802
Haringey,2024-07-01,Bicycle theft,29
Haringey,2024-07-01,Burglary,126
Haringey,2024-07-01,Criminal damage and arson,162
Haringey,2024-07-01,Drugs,141
Haringey,2024-07-01,Other crime,21
Haringey,2024-07-01,Other theft,262
Haringey,2024-07-01,Possession of weapons,11
Haringey,2024-07-01,Public order,170
Haringey,2024-07-01,Robbery,113
Haringey,2024-07-01,Shoplifting,186
Haringey,2024-07-01,Theft from the person,232
Haringey,2024-07-01,Vehicle crime,285
Haringey,2024-07-01,Violence and sexual offences,714
Harrow,2024-07-01,Anti-social behaviour,488
Harrow,2024-07-01,Bicycle theft,8
Harrow,2024-07-01,Burglary,91
Harrow,2024-07-01,Criminal damage and arson,87
Harrow,2024-07-01,Drugs,32
Harrow,2024-07-01,Other crime,18
Harrow,2024-07-01,Other theft,146
Harrow,2024-07-01,Possession of weapons,3
Harrow,2024-07-01,Public order,93
Harrow,2024-07-01,Robbery,36
Harrow,2024-07-01,Shoplifting,159
Harrow,2024-07-01,Theft from the person,56
Harrow,2024-07-01,Vehicle crime,162
Harrow,2024-07-01,Violence and sexual offences,439
Havering,2024-07-01,Anti-social behaviour,475
Havering,2024-07-01,Bicycle theft,20
Havering,2024-07-01,Burglary,82
Havering,2024-07-01,Criminal damage and arson,161
Havering,2024-07-01,Drugs,83
Havering,2024-07-01,Other crime,26
Havering,2024-07-01,Other theft,169
Havering,2024-07-01,Possession of weapons,7
Havering,2024-07-01,Public order,132
Havering,2024-07-01,Robbery,45
Havering,2024-07-01,Shoplifting,239
Havering,2024-07-01,Theft from the person,56
Havering,2024-07-01,Vehicle crime,209
Havering,2024-07-01,Violence and sexual offences,580
Hillingdon,2024-07-01,Anti-social behaviour,769
Hillingdon,2024-07-01,Bicycle theft,22
Hillingdon,2024-07-01,Burglary,117
Hillingdon,2024-07-01,Criminal damage and arson,291
Hillingdon,2024-07-01,Drugs,70
Hillingdon,2024-07-01,Other crime,152
Hillingdon,2024-07-01,Other theft,318
Hillingdon,2024-07-01,Possession of weapons,7
Hillingdon,2024-07-01,Public order,187
Hillingdon,2024-07-01,Robbery,69
Hillingdon,2024-07-01,Shoplifting,255
Hillingdon,2024-07-01,Theft from the person,69
Hillingdon,2024-07-01,Vehicle crime,341
Hillingdon,2024-07-01,Violence and sexual offences,800
Hounslow,2024-07-01,Anti-social behaviour,683
Hounslow,2024-07-01,Bicycle theft,35
Hounslow,2024-07-01,Burglary,95
Hounslow,2024-07-01,Criminal damage and arson,199
Hounslow,2024-07-01,Drugs,97
Hounslow,2024-07-01,Other crime,30
Hounslow,2024-07-01,Other theft,236
Hounslow,2024-07-01,Possession of weapons,8
Hounslow,2024-07-01,Public order,177
Hounslow,2024-07-01,Robbery,59
Hounslow,2024-07-01,Shoplifting,259
Hounslow,2024-07-01,Theft from the person,118
Hounslow,2024-07-01,Vehicle crime,261
Hounslow,2024-07-01,Violence and sexual offences,859
Islington,2024-07-01,Anti-social behaviour,939
Islington,2024-07-01,Bicycle theft,76
Islington,2024-07-01,Burglary,161
Islington,2024-07-01,Criminal damage and arson,140
Islington,2024-07-01,Drugs,92
Islington,2024-07-01,Other crime,37
Islington,2024-07-01,Other theft,343
Islington,2024-07-01,Possession of weapons,15
Islington,2024-07-01,Public order,188
Islington,2024-07-01,Robbery,93
Islington,2024-07-01,Shoplifting,310
Islington,2024-07-01,Theft from the person,364
Islington,2024-07-01,Vehicle crime,190
Islington,2024-07-01,Violence and sexual offences,624
Kensington and Chelsea,2024-07-01,Anti-social behaviour,394
Kensington and Chelsea,2024-07-01,Bicycle theft,37
Kensington and Chelsea,2024-07-01,Burglary,125
Kensington and Chelsea,2024-07-01,Criminal damage and arson,83
Kensington and Chelsea,2024-07-01,Drugs,34
Kensington and Chelsea,2024-07-01,Other crime,16
Kensington and Chelsea,2024-07-01,Other theft,277
Kensington and Chelsea,2024-07-01,Possession of weapons,7
Kensington and Chelsea,2024-07-01,Public order,108
Kensington and Chelsea,2024-07-01,Robbery,62
Kensington and Chelsea,2024-07-01,Shoplifting,246
Kensington and Chelsea,2024-07-01,Theft from the person,154
Kensington and Chelsea,2024-07-01,Vehicle crime,142
Kensington and Chelsea,2024-07-01,Violence and sexual offences,412
Kingston upon Thames,2024-07-01,Anti-social behaviour,304
Kingston upon Thames,2024-07-01,Bicycle theft,32
Kingston upon Thames,2024-07-01,Burglary,48
Kingston upon Thames,2024-07-01,Criminal damage and arson,116
Kingston upon Thames,2024-07-01,Drugs,38
Kingston upon Thames,2024-07-01,Other crime,12
Kingston upon Thames,2024-07-01,Other theft,124
Kingston upon Thames,2024-07-01,Possession of weapons,4
Kingston upon Thames,2024-07-01,Public order,81
Kingston upon Thames,2024-07-01,Robbery,13
Kingston upon Thames,2024-07-01,Shoplifting,162
Kingston upon Thames,2024-07-01,Theft from the person,36
Kingston upon Thames,2024-07-01,Vehicle crime,73
Kingston upon Thames,2024-07-01,Violence and sexual offences,317
Lambeth,2024-07-01,Anti-social behaviour,957
Lambeth,2024-07-01,Bicycle theft,85
Lambeth,2024-07-01,Burglary,174
Lambeth,2024-07-01,Criminal damage and arson,195
Lambeth,2024-07-01,Drugs,114
Lambeth,2024-07-01,Other crime,28
Lambeth,2024-07-01,Other theft,424
Lambeth,2024-07-01,Possession of weapons,12
Lambeth,2024-07-01,Public order,206
Lambeth,2024-07-01,Robbery,207
Lambeth,2024-07-01,Shoplifting,304
Lambeth,2024-07-01,Theft from the person,375
Lambeth,2024-07-01,Vehicle crime,301
Lambeth,2024-07-01,Violence and sexual offences,887
Lewisham,2024-07-01,Anti-social behaviour,759
Lewisham,2024-07-01,Bicycle theft,42
Lewisham,2024-07-01,Burglary,140
Lewisham,2024-07-01,Criminal damage and arson,186
Lewisham,2024-07-01,Drugs,93
Lewisham,2024-07-01,Other crime,31
Lewisham,2024-07-01,Other theft,238
Lewisham,2024-07-01,Possession of weapons,16
Lewisham,2024-07-01,Public order,204
Lewisham,2024-07-01,Robbery,111
Lewisham,2024-07-01,Shoplifting,367
Lewisham,2024-07-01,Theft from the person,178
Lewisham,2024-07-01,Vehicle crime,267
Lewisham,2024-07-01,Violence and sexual offences,870
Merton,2024-07-01,Anti-social behaviour,405
Merton,2024-07-01,Bicycle theft,22
Merton,2024-07-01,Burglary,63
Merton,2024-07-01,Criminal damage and arson,108
Merton,2024-07-01,Drugs,57
Merton,2024-07-01,Other crime,15
Merton,2024-07-01,Other theft,125
Merton,2024-07-01,Possession of weapons,9
Merton,2024-07-01,Public order,78
Merton,2024-07-01,Robbery,26
Merton,2024-07-01,Shoplifting,127
Merton,2024-07-01,Theft from the person,33
Merton,2024-07-01,Vehicle crime,153
Merton,2024-07-01,Violence and sexual offences,445
Newham,2024-07-01,Anti-social behaviour,962
Newham,2024-07-01,Bicycle theft,66
Newham,2024-07-01,Burglary,162
Newham,2024-07-01,Criminal damage and arson,181
Newham,2024-07-01,Drugs,141
Newham,2024-07-01,Other crime,41
Newham,2024-07-01,Other theft,412
Newham,2024-07-01,Possession of weapons,12
Newham,2024-07-01,Public order,197
Newham,2024-07-01,Robbery,119
Newham,2024-07-01,Shoplifting,334
Newham,2024-07-01,Theft from the person,305
Newham,2024-07-01,Vehicle crime,327
Newham,2024-07-01,Violence and sexual offences,965
Redbridge,2024-07-01,Anti-social behaviour,569
Redbridge,2024-07-01,Bicycle theft,18
Redbridge,2024-07-01,Burglary,132
Redbridge,2024-07-01,Criminal damage and arson,144
Redbridge,2024-07-01,Drugs,59
Redbridge,2024-07-01,Other crime,29
Redbridge,2024-07-01,Other theft,225
Redbridge,2024-07-01,Possession of weapons,8
Redbridge,2024-07-01,Public order,127
Redbridge,2024-07-01,Robbery,54
Redbridge,2024-07-01,Shoplifting,173
Redbridge,2024-07-01,Theft from the person,79
Redbridge,2024-07-01,Vehicle crime,269
Redbridge,2024-07-01,Violence and sexual offences,768
Richmond upon Thames,2024-07-01,Anti-social behaviour,291
Richmond upon Thames,2024-07-01,Bicycle theft,31
Richmond upon Thames,2024-07-01,Burglary,59
Richmond upon Thames,2024-07-01,Criminal damage and arson,105
Richmond upon Thames,2024-07-01,Drugs,62
Richmond upon Thames,2024-07-01,Other crime,10
Richmond upon Thames,2024-07-01,Other theft,96
Richmond upon Thames,2024-07-01,Possession of weapons,4
Richmond upon Thames,2024-07-01,Public order,77
Richmond upon Thames,2024-07-01,Robbery,21
Richmond upon Thames,2024-07-01,Shoplifting,124
Richmond upon Thames,2024-07-01,Theft from the person,16
Richmond upon Thames,2024-07-01,Vehicle crime,181
Richmond upon Thames,2024-07-01,Violence and sexual offences,290
Southwark,2024-07-01,Anti-social behaviour,902
Southwark,2024-07-01,Bicycle theft,107
Southwark,2024-07-01,Burglary,193
Southwark,2024-07-01,Criminal damage and arson,148
Southwark,2024-07-01,Drugs,109
Southwark,2024-07-01,Other crime,25
Southwark,2024-07-01,Other theft,384
Southwark,2024-07-01,Possession of weapons,14
Southwark,2024-07-01,Public order,175
Southwark,2024-07-01,Robbery,140
Southwark,2024-07-01,Shoplifting,238
Southwark,2024-07-01,Theft from the person,596
Southwark,2024-07-01,Vehicle crime,204
Southwark,2024-07-01,Violence and sexual offences,782
Sutton,2024-07-01,Anti-social behaviour,311
Sutton,2024-07-01,Bicycle theft,7
Sutton,2024-07-01,Burglary,55
Sutton,2024-07-01,Criminal damage and arson,110
Sutton,2024-07-01,Drugs,44
Sutton,2024-07-01,Other crime,17
Sutton,2024-07-01,Other theft,89
Sutton,2024-07-01,Possession of weapons,7
Sutton,2024-07-01,Public order,103
Sutton,2024-07-01,Robbery,30
Sutton,2024-07-01,Shoplifting,160
Sutton,2024-07-01,Theft from the person,25
Sutton,2024-07-01,Vehicle crime,101
Sutton,2024-07-01,Violence and sexual offences,476
Tower Hamlets,2024-07-01,Anti-social behaviour,1107
Tower Hamlets,2024-07-01,Bicycle theft,127
Tower Hamlets,2024-07-01,Burglary,187
Tower Hamlets,2024-07-01,Criminal damage and arson,196
Tower Hamlets,2024-07-01,Drugs,167
Tower Hamlets,2024-07-01,Other crime,37
Tower Hamlets,2024-07-01,Other theft,334
Tower Hamlets,2024-07-01,Possession of weapons,16
Tower Hamlets,2024-07-01,Public order,234
Tower Hamlets,2024-07-01,Robbery,101
Tower Hamlets,2024-07-01,Shoplifting,210
Tower Hamlets,2024-07-01,Theft from the person,284
Tower Hamlets,2024-07-01,Vehicle crime,270
Tower Hamlets,2024-07-01,Violence and sexual offences,946
Waltham Forest,2024-07-01,Anti-social behaviour,720
Waltham Forest,2024-07-01,Bicycle theft,48
Waltham Forest,2024-07-01,Burglary,170
Waltham Forest,2024-07-01,Criminal damage and arson,163
Waltham Forest,2024-07-01,Drugs,101
Waltham Forest,2024-07-01,Other crime,27
Waltham Forest,2024-07-01,Other theft,222
Waltham Forest,2024-07-01,Possession of weapons,18
Waltham Forest,2024-07-01,Public order,133
Waltham Forest,2024-07-01,Robbery,65
Waltham Forest,2024-07-01,Shoplifting,167
Waltham Forest,2024-07-01,Theft from the person,158
Waltham Forest,2024-07-01,Vehicle crime,260
Waltham Forest,2024-07-01,Violence and sexual offences,593
Wandsworth,2024-07-01,Anti-social behaviour,764
Wandsworth,2024-07-01,Bicycle theft,72
Wandsworth,2024-07-01,Burglary,155
Wandsworth,2024-07-01,Criminal damage and arson,142
Wandsworth,2024-07-01,Drugs,65
Wandsworth,2024-07-01,Other crime,25
Wandsworth,2024-07-01,Other theft,276
Wandsworth,2024-07-01,Possession of weapons,7
Wandsworth,2024-07-01,Public order,166
Wandsworth,2024-07-01,Robbery,80
Wandsworth,2024-07-01,Shoplifting,238
Wandsworth,2024-07-01,Theft from the person,93
Wandsworth,2024-07-01,Vehicle crime,278
Wandsworth,2024-07-01,Violence and sexual offences,671
Westminster,2024-07-01,Anti-social behaviour,1203
Westminster,2024-07-01,Bicycle theft,94
Westminster,2024-07-01,Burglary,304
Westminster,2024-07-01,Criminal damage and arson,200
Westminster,2024-07-01,Drugs,180
Westminster,2024-07-01,Other crime,23
Westminster,2024-07-01,Other theft,1529
Westminster,2024-07-01,Possession of weapons,19
Westminster,2024-07-01,Public order,330
Westminster,2024-07-01,Robbery,299
Westminster,2024-07-01,Shoplifting,599
Westminster,2024-07-01,Theft from the person,2121
Westminster,2024-07-01,Vehicle crime,270
Westminster,2024-07-01,Violence and sexual offences,1028
Barking and Dagenham,2024-08-01,Anti-social behaviour,427
Barking and Dagenham,2024-08-01,Bicycle theft,10
Barking and Dagenham,2024-08-01,Burglary,66
Barking and Dagenham,2024-08-01,Criminal damage and arson,121
Barking and Dagenham,2024-08-01,Drugs,68
Barking and Dagenham,2024-08-01,Other crime,29
Barking and Dagenham,2024-08-01,Other theft,127
Barking and Dagenham,2024-08-01,Possession of weapons,6
Barking and Dagenham,2024-08-01,Public order,114
Barking and Dagenham,2024-08-01,Robbery,49
Barking and Dagenham,2024-08-01,Shoplifting,162
Barking and Dagenham,2024-08-01,Theft from the person,43
Barking and Dagenham,2024-08-01,Vehicle crime,156
Barking and Dagenham,2024-08-01,Violence and sexual offences,617
Barnet,2024-08-01,Anti-social behaviour,749
Barnet,2024-08-01,Bicycle theft,16
Barnet,2024-08-01,Burglary,163
Barnet,2024-08-01,Criminal damage and arson,141
Barnet,2024-08-01,Drugs,74
Barnet,2024-08-01,Other crime,23
Barnet,2024-08-01,Other theft,215
Barnet,2024-08-01,Possession of weapons,7
Barnet,2024-08-01,Public order,162
Barnet,2024-08-01,Robbery,74
Barnet,2024-08-01,Shoplifting,246
Barnet,2024-08-01,Theft from the person,63
Barnet,2024-08-01,Vehicle crime,366
Barnet,2024-08-01,Violence and sexual offences,663
Bexley,2024-08-01,Anti-social behaviour,401
Bexley,2024-08-01,Bicycle theft,9
Bexley,2024-08-01,Burglary,48
Bexley,2024-08-01,Criminal damage and arson,181
Bexley,2024-08-01,Drugs,61
Bexley,2024-08-01,Other crime,16
Bexley,2024-08-01,Other theft,106
Bexley,2024-08-01,Possession of weapons,10
Bexley,2024-08-01,Public order,109
Bexley,2024-08-01,Robbery,34
Bexley,2024-08-01,Shoplifting,206
Bexley,2024-08-01,Theft from the person,21
Bexley,2024-08-01,Vehicle crime,190
Bexley,2024-08-01,Violence and sexual offences,430
Brent,2024-08-01,Anti-social behaviour,980
Brent,2024-08-01,Bicycle theft,46
Brent,2024-08-01,Burglary,142
Brent,2024-08-01,Criminal damage and arson,164
Brent,2024-08-01,Drugs,120
Brent,2024-08-01,Other crime,35
Brent,2024-08-01,Other theft,243
Brent,2024-08-01,Possession of weapons,9
Brent,2024-08-01,Public order,166
Brent,2024-08-01,Robbery,85
Brent,2024-08-01,Shoplifting,324
Brent,2024-08-01,Theft from the person,126
Brent,2024-08-01,Vehicle crime,337
Brent,2024-08-01,Violence and sexual offences,844
Bromley,2024-08-01,Anti-social behaviour,500
Bromley,2024-08-01,Bicycle theft,11
Bromley,2024-08-01,Burglary,89
Bromley,2024-08-01,Criminal damage and arson,210
Bromley,2024-08-01,Drugs,85
Bromley,2024-08-01,Other crime,28
Bromley,2024-08-01,Other theft,177
Bromley,2024-08-01,Possession of weapons,10
Bromley,2024-08-01,Public order,165
Bromley,2024-08-01,Robbery,40
Bromley,2024-08-01,Shoplifting,324
Bromley,2024-08-01,Theft from the person,48
Bromley,2024-08-01,Vehicle crime,256
Bromley,2024-08-01,Violence and sexual offences,608
Camden,2024-08-01,Anti-social behaviour,899
Camden,2024-08-01,Bicycle theft,80
Camden,2024-08-01,Burglary,195
Camden,2024-08-01,Criminal damage and arson,146
Camden,2024-08-01,Drugs,73
Camden,2024-08-01,Other crime,19
Camden,2024-08-01,Other theft,549
Camden,2024-08-01,Possession of weapons,5
Camden,2024-08-01,Public order,190
Camden,2024-08-01,Robbery,146
Camden,2024-08-01,Shoplifting,356
Camden,2024-08-01,Theft from the person,577
Camden,2024-08-01,Vehicle crime,270
Camden,2024-08-01,Violence and sexual offences,553
City of London,2024-08-01,Anti-social behaviour,6
City of London,2024-08-01,Bicycle theft,4
City of London,2024-08-01,Burglary,4
City of London,2024-08-01,Criminal damage and arson,1
City of London,2024-08-01,Drugs,1
City of London,2024-08-01,Other theft,30
City of London,2024-08-01,Public order,2
City of London,2024-08-01,Robbery,1
City of London,2024-08-01,Shoplifting,16
City of London,2024-08-01,Theft from the person,36
City of London,2024-08-01,Vehicle crime,4
City of London,2024-08-01,Violence and sexual offences,19
Croydon,2024-08-01,Anti-social behaviour,892
Croydon,2024-08-01,Bicycle theft,14
Croydon,2024-08-01,Burglary,164
Croydon,2024-08-01,Criminal damage and arson,251
Croydon,2024-08-01,Drugs,164
Croydon,2024-08-01,Other crime,41
Croydon,2024-08-01,Other theft,276
Croydon,2024-08-01,Possession of weapons,16
Croydon,2024-08-01,Public order,233
Croydon,2024-08-01,Robbery,92
Croydon,2024-08-01,Shoplifting,468
Croydon,2024-08-01,Theft from the person,60
Croydon,2024-08-01,Vehicle crime,328
Croydon,2024-08-01,Violence and sexual offences,1018
Ealing,2024-08-01,Anti-social behaviour,1004
Ealing,2024-08-01,Bicycle theft,64
Ealing,2024-08-01,Burglary,102
Ealing,2024-08-01,Criminal damage and arson,199
Ealing,2024-08-01,Drugs,79
Ealing,2024-08-01,Other crime,20
Ealing,2024-08-01,Other theft,249
Ealing,2024-08-01,Possession of weapons,16
Ealing,2024-08-01,Public order,193
Ealing,2024-08-01,Robbery,80
Ealing,2024-08-01,Shoplifting,184
Ealing,2024-08-01,Theft from the person,109
Ealing,2024-08-01,Vehicle crime,315
Ealing,2024-08-01,Violence and sexual offences,819
Enfield,2024-08-01,Anti-social behaviour,768
Enfield,2024-08-01,Bicycle theft,23
Enfield,2024-08-01,Burglary,144
Enfield,2024-08-01,Criminal damage and arson,158
Enfield,2024-08-01,Drugs,86
Enfield,2024-08-01,Other crime,37
Enfield,2024-08-01,Other theft,235
Enfield,2024-08-01,Possession of weapons,13
Enfield,2024-08-01,Public order,143
Enfield,2024-08-01,Robbery,60
Enfield,2024-08-01,Shoplifting,386
Enfield,2024-08-01,Theft from the person,76
Enfield,2024-08-01,Vehicle crime,369
Enfield,2024-08-01,Violence and sexual offences,673
Greenwich,2024-08-01,Anti-social behaviour,652
Greenwich,2024-08-01,Bicycle theft,36
Greenwich,2024-08-01,Burglary,108
Greenwich,2024-08-01,Criminal damage and arson,187
Greenwich,2024-08-01,Drugs,106
Greenwich,2024-08-01,Other crime,30
Greenwich,2024-08-01,Other theft,203
Greenwich,2024-08-01,Possession of weapons,12
Greenwich,2024-08-01,Public order,152
Greenwich,2024-08-01,Robbery,72
Greenwich,2024-08-01,Shoplifting,250
Greenwich,2024-08-01,Theft from the person,107
Greenwich,2024-08-01,Vehicle crime,251
Greenwich,2024-08-01,Violence and sexual offences,748
Hackney,2024-08-01,Anti-social behaviour,766
Hackney,2024-08-01,Bicycle theft,143
Hackney,2024-08-01,Burglary,164
Hackney,2024-08-01,Criminal damage and arson,147
Hackney,2024-08-01,Drugs,119
Hackney,2024-08-01,Other crime,20
Hackney,2024-08-01,Other theft,283
Hackney,2024-08-01,Possession of weapons,7
Hackney,2024-08-01,Public order,193
Hackney,2024-08-01,Robbery,119
Hackney,2024-08-01,Shoplifting,215
Hackney,2024-08-01,Theft from the person,441
Hackney,2024-08-01,Vehicle crime,205
Hackney,2024-08-01,Violence and sexual offences,720
Hammersmith and Fulham,2024-08-01,Anti-social behaviour,518
Hammersmith and Fulham,2024-08-01,Bicycle theft,68
Hammersmith and Fulham,2024-08-01,Burglary,111
Hammersmith and Fulham,2024-08-01,Criminal damage and arson,120
Hammersmith and Fulham,2024-08-01,Drugs,101
Hammersmith and Fulham,2024-08-01,Other crime,30
Hammersmith and Fulham,2024-08-01,Other theft,187
Hammersmith and Fulham,2024-08-01,Possession of weapons,10
Hammersmith and Fulham,2024-08-01,Public order,146
Hammersmith and Fulham,2024-08-01,Robbery,52
Hammersmith and Fulham,2024-08-01,Shoplifting,176
Hammersmith and Fulham,2024-08-01,Theft from the person,92
Hammersmith and Fulham,2024-08-01,Vehicle crime,169
Hammersmith and Fulham,2024-08-01,Violence and sexual offences,527
Haringey,2024-08-01,Anti-social behaviour,787
Haringey,2024-08-01,Bicycle theft,22
Haringey,2024-08-01,Burglary,124
Haringey,2024-08-01,Criminal damage and arson,145
Haringey,2024-08-01,Drugs,70
Haringey,2024-08-01,Other crime,31
Haringey,2024-08-01,Other theft,253
Haringey,2024-08-01,Possession of weapons,9
Haringey,2024-08-01,Public order,142
Haringey,2024-08-01,Robbery,100
Haringey,2024-08-01,Shoplifting,211
Haringey,2024-08-01,Theft from the person,211
Haringey,2024-08-01,Vehicle crime,279
Haringey,2024-08-01,Violence and sexual offences,692
Harrow,2024-08-01,Anti-social behaviour,506
Harrow,2024-08-01,Bicycle theft,21
Harrow,2024-08-01,Burglary,61
Harrow,2024-08-01,Criminal damage and arson,66
Harrow,2024-08-01,Drugs,36
Harrow,2024-08-01,Other crime,20
Harrow,2024-08-01,Other theft,136
Harrow,2024-08-01,Possession of weapons,2
Harrow,2024-08-01,Public order,87
Harrow,2024-08-01,Robbery,48
Harrow,2024-08-01,Shoplifting,186
Harrow,2024-08-01,Theft from the person,58
Harrow,2024-08-01,Vehicle crime,169
Harrow,2024-08-01,Violence and sexual offences,435
Havering,2024-08-01,Anti-social behaviour,510
Havering,2024-08-01,Bicycle theft,15
Havering,2024-08-01,Burglary,101
Havering,2024-08-01,Criminal damage and arson,163
Havering,2024-08-01,Drugs,63
Havering,2024-08-01,Other crime,33
Havering,2024-08-01,Other theft,172
Havering,2024-08-01,Possession of weapons,11
Havering,2024-08-01,Public order,110
Havering,2024-08-01,Robbery,34
Havering,2024-08-01,Shoplifting,158
Havering,2024-08-01,Theft from the person,25
Havering,2024-08-01,Vehicle crime,224
Havering,2024-08-01,Violence and sexual offences,572
Hillingdon,2024-08-01,Anti-social behaviour,810
Hillingdon,2024-08-01,Bicycle theft,20
Hillingdon,2024-08-01,Burglary,132
Hillingdon,2024-08-01,Criminal damage and arson,264
Hillingdon,2024-08-01,Drugs,76
Hillingdon,2024-08-01,Other crime,161
Hillingdon,2024-08-01,Other theft,311
Hillingdon,2024-08-01,Possession of weapons,9
Hillingdon,2024-08-01,Public order,175
Hillingdon,2024-08-01,Robbery,77
Hillingdon,2024-08-01,Shoplifting,274
Hillingdon,2024-08-01,Theft from the person,67
Hillingdon,2024-08-01,Vehicle crime,247
Hillingdon,2024-08-01,Violence and sexual offences,770
Hounslow,2024-08-01,Anti-social behaviour,634
Hounslow,2024-08-01,Bicycle theft,42
Hounslow,2024-08-01,Burglary,89
Hounslow,2024-08-01,Criminal damage and arson,171
Hounslow,2024-08-01,Drugs,83
Hounslow,2024-08-01,Other crime,35
Hounslow,2024-08-01,Other theft,193
Hounslow,2024-08-01,Possession of weapons,11
Hounslow,2024-08-01,Public order,158
Hounslow,2024-08-01,Robbery,62
Hounslow,2024-08-01,Shoplifting,277
Hounslow,2024-08-01,Theft from the person,82
Hounslow,2024-08-01,Vehicle crime,258
Hounslow,2024-08-01,Violence and sexual offences,666
Islington,2024-08-01,Anti-social behaviour,961
Islington,2024-08-01,Bicycle theft,83
Islington,2024-08-01,Burglary,166
Islington,2024-08-01,Criminal damage and arson,148
Islington,2024-08-01,Drugs,72
Islington,2024-08-01,Other crime,24
Islington,2024-08-01,Other theft,310
Islington,2024-08-01,Possession of weapons,12
Islington,2024-08-01,Public order,175
Islington,2024-08-01,Robbery,98
Islington,2024-08-01,Shoplifting,342
Islington,2024-08-01,Theft from the person,289
Islington,2024-08-01,Vehicle crime,213
Islington,2024-08-01,Violence and sexual offences,618
Kensington and Chelsea,2024-08-01,Anti-social behaviour,474
Kensington and Chelsea,2024-08-01,Bicycle theft,43
Kensington and Chelsea,2024-08-01,Burglary,115
Kensington and Chelsea,2024-08-01,Criminal damage and arson,108
Kensington and Chelsea,2024-08-01,Drugs,272
Kensington and Chelsea,2024-08-01,Other crime,24
Kensington and Chelsea,2024-08-01,Other theft,349
Kensington and Chelsea,2024-08-01,Possession of weapons,37
Kensington and Chelsea,2024-08-01,Public order,118
Kensington and Chelsea,2024-08-01,Robbery,63
Kensington and Chelsea,2024-08-01,Shoplifting,187
Kensington and Chelsea,2024-08-01,Theft from the person,314
Kensington and Chelsea,2024-08-01,Vehicle crime,146
Kensington and Chelsea,2024-08-01,Violence and sexual offences,558
Kingston upon Thames,2024-08-01,Anti-social behaviour,281
Kingston upon Thames,2024-08-01,Bicycle theft,37
Kingston upon Thames,2024-08-01,Burglary,39
Kingston upon Thames,2024-08-01,Criminal damage and arson,108
Kingston upon Thames,2024-08-01,Drugs,37
Kingston upon Thames,2024-08-01,Other crime,6
Kingston upon Thames,2024-08-01,Other theft,104
Kingston upon Thames,2024-08-01,Possession of weapons,4
Kingston upon Thames,2024-08-01,Public order,80
Kingston upon Thames,2024-08-01,Robbery,13
Kingston upon Thames,2024-08-01,Shoplifting,146
Kingston upon Thames,2024-08-01,Theft from the person,49
Kingston upon Thames,2024-08-01,Vehicle crime,108
Kingston upon Thames,2024-08-01,Violence and sexual offences,246
Lambeth,2024-08-01,Anti-social behaviour,950
Lambeth,2024-08-01,Bicycle theft,93
Lambeth,2024-08-01,Burglary,181
Lambeth,2024-08-01,Criminal damage and arson,217
Lambeth,2024-08-01,Drugs,99
Lambeth,2024-08-01,Other crime,21
Lambeth,2024-08-01,Other theft,343
Lambeth,2024-08-01,Possession of weapons,25
Lambeth,2024-08-01,Public order,224
Lambeth,2024-08-01,Robbery,207
Lambeth,2024-08-01,Shoplifting,263
Lambeth,2024-08-01,Theft from the person,481
Lambeth,2024-08-01,Vehicle crime,331
Lambeth,2024-08-01,Violence and sexual offences,792
Lewisham,2024-08-01,Anti-social behaviour,710
Lewisham,2024-08-01,Bicycle theft,40
Lewisham,2024-08-01,Burglary,154
Lewisham,2024-08-01,Criminal damage and arson,162
Lewisham,2024-08-01,Drugs,113
Lewisham,2024-08-01,Other crime,23
Lewisham,2024-08-01,Other theft,234
Lewisham,2024-08-01,Possession of weapons,14
Lewisham,2024-08-01,Public order,212
Lewisham,2024-08-01,Robbery,83
Lewisham,2024-08-01,Shoplifting,194
Lewisham,2024-08-01,Theft from the person,168
Lewisham,2024-08-01,Vehicle crime,251
Lewisham,2024-08-01,Violence and sexual offences,798
Merton,2024-08-01,Anti-social behaviour,380
Merton,2024-08-01,Bicycle theft,27
Merton,2024-08-01,Burglary,92
Merton,2024-08-01,Criminal damage and arson,98
Merton,2024-08-01,Drugs,31
Merton,2024-08-01,Other crime,13
Merton,2024-08-01,Other theft,112
Merton,2024-08-01,Possession of weapons,1
Merton,2024-08-01,Public order,77
Merton,2024-08-01,Robbery,35
Merton,2024-08-01,Shoplifting,186
Merton,2024-08-01,Theft from the person,35
Merton,2024-08-01,Vehicle crime,113
Merton,2024-08-01,Violence and sexual offences,367
Newham,2024-08-01,Anti-social behaviour,883
Newham,2024-08-01,Bicycle theft,48
Newham,2024-08-01,Burglary,207
Newham,2024-08-01,Criminal damage and arson,171
Newham,2024-08-01,Drugs,138
Newham,2024-08-01,Other crime,54
Newham,2024-08-01,Other theft,398
Newham,2024-08-01,Possession of weapons,20
Newham,2024-08-01,Public order,199
Newham,2024-08-01,Robbery,139
Newham,2024-08-01,Shoplifting,375
Newham,2024-08-01,Theft from the person,316
Newham,2024-08-01,Vehicle crime,343
Newham,2024-08-01,Violence and sexual offences,875
Redbridge,2024-08-01,Anti-social behaviour,537
Redbridge,2024-08-01,Bicycle theft,17
Redbridge,2024-08-01,Burglary,140
Redbridge,2024-08-01,Criminal damage and arson,128
Redbridge,2024-08-01,Drugs,60
Redbridge,2024-08-01,Other crime,28
Redbridge,2024-08-01,Other theft,181
Redbridge,2024-08-01,Possession of weapons,6
Redbridge,2024-08-01,Public order,117
Redbridge,2024-08-01,Robbery,58
Redbridge,2024-08-01,Shoplifting,155
Redbridge,2024-08-01,Theft from the person,92
Redbridge,2024-08-01,Vehicle crime,257
Redbridge,2024-08-01,Violence and sexual offences,635
Richmond upon Thames,2024-08-01,Anti-social behaviour,334
Richmond upon Thames,2024-08-01,Bicycle theft,50
Richmond upon Thames,2024-08-01,Burglary,79
Richmond upon Thames,2024-08-01,Criminal damage and arson,110
Richmond upon Thames,2024-08-01,Drugs,49
Richmond upon Thames,2024-08-01,Other crime,11
Richmond upon Thames,2024-08-01,Other theft,100
Richmond upon Thames,2024-08-01,Possession of weapons,2
Richmond upon Thames,2024-08-01,Public order,53
Richmond upon Thames,2024-08-01,Robbery,20
Richmond upon Thames,2024-08-01,Shoplifting,122
Richmond upon Thames,2024-08-01,Theft from the person,33
Richmond upon Thames,2024-08-01,Vehicle crime,160
Richmond upon Thames,2024-08-01,Violence and sexual offences,256
Southwark,2024-08-01,Anti-social behaviour,900
Southwark,2024-08-01,Bicycle theft,116
Southwark,2024-08-01,Burglary,173
Southwark,2024-08-01,Criminal damage and arson,120
Southwark,2024-08-01,Drugs,91
Southwark,2024-08-01,Other crime,25
Southwark,2024-08-01,Other theft,423
Southwark,2024-08-01,Possession of weapons,23
Southwark,2024-08-01,Public order,183
Southwark,2024-08-01,Robbery,177
Southwark,2024-08-01,Shoplifting,358
Southwark,2024-08-01,Theft from the person,649
Southwark,2024-08-01,Vehicle crime,234
Southwark,2024-08-01,Violence and sexual offences,707
Sutton,2024-08-01,Anti-social behaviour,291
Sutton,2024-08-01,Bicycle theft,7
Sutton,2024-08-01,Burglary,73
Sutton,2024-08-01,Criminal damage and arson,142
Sutton,2024-08-01,Drugs,35
Sutton,2024-08-01,Other crime,11
Sutton,2024-08-01,Other theft,82
Sutton,2024-08-01,Possession of weapons,3
Sutton,2024-08-01,Public order,84
Sutton,2024-08-01,Robbery,15
Sutton,2024-08-01,Shoplifting,129
Sutton,2024-08-01,Theft from the person,12
Sutton,2024-08-01,Vehicle crime,115
Sutton,2024-08-01,Violence and sexual offences,360
Tower Hamlets,2024-08-01,Anti-social behaviour,1157
Tower Hamlets,2024-08-01,Bicycle theft,87
Tower Hamlets,2024-08-01,Burglary,185
Tower Hamlets,2024-08-01,Criminal damage and arson,184
Tower Hamlets,2024-08-01,Drugs,223
Tower Hamlets,2024-08-01,Other crime,44
Tower Hamlets,2024-08-01,Other theft,343
Tower Hamlets,2024-08-01,Possession of weapons,17
Tower Hamlets,2024-08-01,Public order,219
Tower Hamlets,2024-08-01,Robbery,111
Tower Hamlets,2024-08-01,Shoplifting,207
Tower Hamlets,2024-08-01,Theft from the person,363
Tower Hamlets,2024-08-01,Vehicle crime,269
Tower Hamlets,2024-08-01,Violence and sexual offences,883
Waltham Forest,2024-08-01,Anti-social behaviour,650
Waltham Forest,2024-08-01,Bicycle theft,38
Waltham Forest,2024-08-01,Burglary,162
Waltham Forest,2024-08-01,Criminal damage and arson,130
Waltham Forest,2024-08-01,Drugs,88
Waltham Forest,2024-08-01,Other crime,25
Waltham Forest,2024-08-01,Other theft,173
Waltham Forest,2024-08-01,Possession of weapons,9
Waltham Forest,2024-08-01,Public order,114
Waltham Forest,2024-08-01,Robbery,77
Waltham Forest,2024-08-01,Shoplifting,122
Waltham Forest,2024-08-01,Theft from the person,190
Waltham Forest,2024-08-01,Vehicle crime,304
Waltham Forest,2024-08-01,Violence and sexual offences,578
Wandsworth,2024-08-01,Anti-social behaviour,696
Wandsworth,2024-08-01,Bicycle theft,56
Wandsworth,2024-08-01,Burglary,169
Wandsworth,2024-08-01,Criminal damage and arson,109
Wandsworth,2024-08-01,Drugs,73
Wandsworth,2024-08-01,Other crime,20
Wandsworth,2024-08-01,Other theft,250
Wandsworth,2024-08-01,Possession of weapons,5
Wandsworth,2024-08-01,Public order,161
Wandsworth,2024-08-01,Robbery,62
Wandsworth,2024-08-01,Shoplifting,248
Wandsworth,2024-08-01,Theft from the person,95
Wandsworth,2024-08-01,Vehicle crime,222
Wandsworth,2024-08-01,Violence and sexual offences,667
Westminster,2024-08-01,Anti-social behaviour,1138
Westminster,2024-08-01,Bicycle theft,95
Westminster,2024-08-01,Burglary,245
Westminster,2024-08-01,Criminal damage and arson,199
Westminster,2024-08-01,Drugs,239
Westminster,2024-08-01,Other crime,30
Westminster,2024-08-01,Other theft,1282
Westminster,2024-08-01,Possession of weapons,41
Westminster,2024-08-01,Public order,325
Westminster,2024-08-01,Robbery,289
Westminster,2024-08-01,Shoplifting,569
Westminster,2024-08-01,Theft from the person,1754
Westminster,2024-08-01,Vehicle crime,325
Westminster,2024-08-01,Violence and sexual offences,1161
Barking and Dagenham,2024-09-01,Anti-social behaviour,342
Barking and Dagenham,2024-09-01,Bicycle theft,12
Barking and Dagenham,2024-09-01,Burglary,77
Barking and Dagenham,2024-09-01,Criminal damage and arson,92
Barking and Dagenham,2024-09-01,Drugs,119
Barking and Dagenham,2024-09-01,Other crime,27
Barking and Dagenham,2024-09-01,Other theft,129
Barking and Dagenham,2024-09-01,Possession of weapons,15
Barking and Dagenham,2024-09-01,Public order,132
Barking and Dagenham,2024-09-01,Robbery,72
Barking and Dagenham,2024-09-01,Shoplifting,159
Barking and Dagenham,2024-09-01,Theft from the person,52
Barking and Dagenham,2024-09-01,Vehicle crime,161
Barking and Dagenham,2024-09-01,Violence and sexual offences,598
Barnet,2024-09-01,Anti-social behaviour,645
Barnet,2024-09-01,Bicycle theft,18
Barnet,2024-09-01,Burglary,185
Barnet,2024-09-01,Criminal damage and arson,164
Barnet,2024-09-01,Drugs,128
Barnet,2024-09-01,Other crime,44
Barnet,2024-09-01,Other theft,261
Barnet,2024-09-01,Possession of weapons,7
Barnet,2024-09-01,Public order,155
Barnet,2024-09-01,Robbery,54
Barnet,2024-09-01,Shoplifting,224
Barnet,2024-09-01,Theft from the person,65
Barnet,2024-09-01,Vehicle crime,321
Barnet,2024-09-01,Violence and sexual offences,667
Bexley,2024-09-01,Anti-social behaviour,255
Bexley,2024-09-01,Bicycle theft,12
Bexley,2024-09-01,Burglary,42
Bexley,2024-09-01,Criminal damage and arson,132
Bexley,2024-09-01,Drugs,63
Bexley,2024-09-01,Other crime,23
Bexley,2024-09-01,Other theft,103
Bexley,2024-09-01,Possession of weapons,5
Bexley,2024-09-01,Public order,107
Bexley,2024-09-01,Robbery,16
Bexley,2024-09-01,Shoplifting,162
Bexley,2024-09-01,Theft from the person,29
Bexley,2024-09-01,Vehicle crime,187
Bexley,2024-09-01,Violence and sexual offences,419
Brent,2024-09-01,Anti-social behaviour,845
Brent,2024-09-01,Bicycle theft,30
Brent,2024-09-01,Burglary,118
Brent,2024-09-01,Criminal damage and arson,161
Brent,2024-09-01,Drugs,123
Brent,2024-09-01,Other crime,31
Brent,2024-09-01,Other theft,247
Brent,2024-09-01,Possession of weapons,21
Brent,2024-09-01,Public order,191
Brent,2024-09-01,Robbery,108
Brent,2024-09-01,Shoplifting,359
Brent,2024-09-01,Theft from the person,173
Brent,2024-09-01,Vehicle crime,314
Brent,2024-09-01,Violence and sexual offences,890
Bromley,2024-09-01,Anti-social behaviour,449
Bromley,2024-09-01,Bicycle theft,12
Bromley,2024-09-01,Burglary,90
Bromley,2024-09-01,Criminal damage and arson,170
Bromley,2024-09-01,Drugs,102
Bromley,2024-09-01,Other crime,26
Bromley,2024-09-01,Other theft,177
Bromley,2024-09-01,Possession of weapons,10
Bromley,2024-09-01,Public order,126
Bromley,2024-09-01,Robbery,67
Bromley,2024-09-01,Shoplifting,264
Bromley,2024-09-01,Theft from the person,60
Bromley,2024-09-01,Vehicle crime,289
Bromley,2024-09-01,Violence and sexual offences,606
Camden,2024-09-01,Anti-social behaviour,809
Camden,2024-09-01,Bicycle theft,83
Camden,2024-09-01,Burglary,168
Camden,2024-09-01,Criminal damage and arson,133
Camden,2024-09-01,Drugs,140
Camden,2024-09-01,Other crime,18
Camden,2024-09-01,Other theft,465
Camden,2024-09-01,Possession of weapons,9
Camden,2024-09-01,Public order,199
Camden,2024-09-01,Robbery,119
Camden,2024-09-01,Shoplifting,351
Camden,2024-09-01,Theft from the person,666
Camden,2024-09-01,Vehicle crime,248
Camden,2024-09-01,Violence and sexual offences,592
City of London,2024-09-01,Anti-social behaviour,13
City of London,2024-09-01,Bicycle theft,2
City of London,2024-09-01,Criminal damage and arson,6
City of London,2024-09-01,Drugs,2
City of London,2024-09-01,Other theft,33
City of London,2024-09-01,Possession of weapons,2
City of London,2024-09-01,Public order,4
City of London,2024-09-01,Robbery,4
City of London,2024-09-01,Shoplifting,19
City of London,2024-09-01,Theft from the person,41
City of London,2024-09-01,Vehicle crime,4
City of London,2024-09-01,Violence and sexual offences,13
Croydon,2024-09-01,Anti-social behaviour,731
Croydon,2024-09-01,Bicycle theft,15
Croydon,2024-09-01,Burglary,160
Croydon,2024-09-01,Criminal damage and arson,214
Croydon,2024-09-01,Drugs,170
Croydon,2024-09-01,Other crime,46
Croydon,2024-09-01,Other theft,241
Croydon,2024-09-01,Possession of weapons,17
Croydon,2024-09-01,Public order,173
Croydon,2024-09-01,Robbery,97
Croydon,2024-09-01,Shoplifting,404
Croydon,2024-09-01,Theft from the person,98
Croydon,2024-09-01,Vehicle crime,314
Croydon,2024-09-01,Violence and sexual offences,964
Ealing,2024-09-01,Anti-social behaviour,950
Ealing,2024-09-01,Bicycle theft,55
Ealing,2024-09-01,Burglary,129
Ealing,2024-09-01,Criminal damage and arson,179
Ealing,2024-09-01,Drugs,127
Ealing,2024-09-01,Other crime,36
Ealing,2024-09-01,Other theft,241
Ealing,2024-09-01,Possession of weapons,12
Ealing,2024-09-01,Public order,160
Ealing,2024-09-01,Robbery,99
Ealing,2024-09-01,Shoplifting,262
Ealing,2024-09-01,Theft from the person,99
Ealing,2024-09-01,Vehicle crime,366
Ealing,2024-09-01,Violence and sexual offences,797
Enfield,2024-09-01,Anti-social behaviour,701
Enfield,2024-09-01,Bicycle theft,22
Enfield,2024-09-01,Burglary,166
Enfield,2024-09-01,Criminal damage and arson,162
Enfield,2024-09-01,Drugs,170
Enfield,2024-09-01,Other crime,35
Enfield,2024-09-01,Other theft,287
Enfield,2024-09-01,Possession of weapons,31
Enfield,2024-09-01,Public order,127
Enfield,2024-09-01,Robbery,89
Enfield,2024-09-01,Shoplifting,380
Enfield,2024-09-01,Theft from the person,70
Enfield,2024-09-01,Vehicle crime,395
Enfield,2024-09-01,Violence and sexual offences,784
Greenwich,2024-09-01,Anti-social behaviour,559
Greenwich,2024-09-01,Bicycle theft,32
Greenwich,2024-09-01,Burglary,114
Greenwich,2024-09-01,Criminal damage and arson,171
Greenwich,2024-09-01,Drugs,137
Greenwich,2024-09-01,Other crime,39
Greenwich,2024-09-01,Other theft,221
Greenwich,2024-09-01,Possession of weapons,21
Greenwich,2024-09-01,Public order,167
Greenwich,2024-09-01,Robbery,83
Greenwich,2024-09-01,Shoplifting,251
Greenwich,2024-09-01,Theft from the person,84
Greenwich,2024-09-01,Vehicle crime,215
Greenwich,2024-09-01,Violence and sexual offences,838
Hackney,2024-09-01,Anti-social behaviour,653
Hackney,2024-09-01,Bicycle theft,120
Hackney,2024-09-01,Burglary,175
Hackney,2024-09-01,Criminal damage and arson,175
Hackney,2024-09-01,Drugs,159
Hackney,2024-09-01,Other crime,28
Hackney,2024-09-01,Other theft,248
Hackney,2024-09-01,Possession of weapons,18
Hackney,2024-09-01,Public order,179
Hackney,2024-09-01,Robbery,133
Hackney,2024-09-01,Shoplifting,257
Hackney,2024-09-01,Theft from the person,333
Hackney,2024-09-01,Vehicle crime,193
Hackney,2024-09-01,Violence and sexual offences,678
Hammersmith and Fulham,2024-09-01,Anti-social behaviour,528
Hammersmith and Fulham,2024-09-01,Bicycle theft,71
Hammersmith and Fulham,2024-09-01,Burglary,107
Hammersmith and Fulham,2024-09-01,Criminal damage and arson,110
Hammersmith and Fulham,2024-09-01,Drugs,115
Hammersmith and Fulham,2024-09-01,Other crime,25
Hammersmith and Fulham,2024-09-01,Other theft,188
Hammersmith and Fulham,2024-09-01,Possession of weapons,8
Hammersmith and Fulham,2024-09-01,Public order,129
Hammersmith and Fulham,2024-09-01,Robbery,45
Hammersmith and Fulham,2024-09-01,Shoplifting,162
Hammersmith and Fulham,2024-09-01,Theft from the person,87
Hammersmith and Fulham,2024-09-01,Vehicle crime,138
Hammersmith and Fulham,2024-09-01,Violence and sexual offences,532
Haringey,2024-09-01,Anti-social behaviour,657
Haringey,2024-09-01,Bicycle theft,30
Haringey,2024-09-01,Burglary,138
Haringey,2024-09-01,Criminal damage and arson,152
Haringey,2024-09-01,Drugs,123
Haringey,2024-09-01,Other crime,18
Haringey,2024-09-01,Other theft,207
Haringey,2024-09-01,Possession of weapons,15
Haringey,2024-09-01,Public order,116
Haringey,2024-09-01,Robbery,107
Haringey,2024-09-01,Shoplifting,220
Haringey,2024-09-01,Theft from the person,194
Haringey,2024-09-01,Vehicle crime,286
Haringey,2024-09-01,Violence and sexual offences,672
Harrow,2024-09-01,Anti-social behaviour,388
Harrow,2024-09-01,Bicycle theft,20
Harrow,2024-09-01,Burglary,103
Harrow,2024-09-01,Criminal damage and arson,83
Harrow,2024-09-01,Drugs,64
Harrow,2024-09-01,Other crime,20
Harrow,2024-09-01,Other theft,104
Harrow,2024-09-01,Possession of weapons,9
Harrow,2024-09-01,Public order,98
Harrow,2024-09-01,Robbery,39
Harrow,2024-09-01,Shoplifting,196
Harrow,2024-09-01,Theft from the person,62
Harrow,2024-09-01,Vehicle crime,189
Harrow,2024-09-01,Violence and sexual offences,474
Havering,2024-09-01,Anti-social behaviour,426
Havering,2024-09-01,Bicycle theft,7
Havering,2024-09-01,Burglary,104
Havering,2024-09-01,Criminal damage and arson,112
Havering,2024-09-01,Drugs,77
Havering,2024-09-01,Other crime,43
Havering,2024-09-01,Other theft,129
Havering,2024-09-01,Possession of weapons,9
Havering,2024-09-01,Public order,101
Havering,2024-09-01,Robbery,37
Havering,2024-09-01,Shoplifting,164
Havering,2024-09-01,Theft from the person,46
Havering,2024-09-01,Vehicle crime,184
Havering,2024-09-01,Violence and sexual offences,539
Hillingdon,2024-09-01,Anti-social behaviour,710
Hillingdon,2024-09-01,Bicycle theft,23
Hillingdon,2024-09-01,Burglary,106
Hillingdon,2024-09-01,Criminal damage and arson,204
Hillingdon,2024-09-01,Drugs,96
Hillingdon,2024-09-01,Other crime,189
Hillingdon,2024-09-01,Other theft,290
Hillingdon,2024-09-01,Possession of weapons,18
Hillingdon,2024-09-01,Public order,157
Hillingdon,2024-09-01,Robbery,46
Hillingdon,2024-09-01,Shoplifting,242
Hillingdon,2024-09-01,Theft from the person,65
Hillingdon,2024-09-01,Vehicle crime,219
Hillingdon,2024-09-01,Violence and sexual offences,655
Hounslow,2024-09-01,Anti-social behaviour,577
Hounslow,2024-09-01,Bicycle theft,48
Hounslow,2024-09-01,Burglary,83
Hounslow,2024-09-01,Criminal damage and arson,144
Hounslow,2024-09-01,Drugs,109
Hounslow,2024-09-01,Other crime,34
Hounslow,2024-09-01,Other theft,185
Hounslow,2024-09-01,Possession of weapons,8
Hounslow,2024-09-01,Public order,148
Hounslow,2024-09-01,Robbery,59
Hounslow,2024-09-01,Shoplifting,210
Hounslow,2024-09-01,Theft from the person,93
Hounslow,2024-09-01,Vehicle crime,230
Hounslow,2024-09-01,Violence and sexual offences,759
Islington,2024-09-01,Anti-social behaviour,903
Islington,2024-09-01,Bicycle theft,99
Islington,2024-09-01,Burglary,162
Islington,2024-09-01,Criminal damage and arson,157
Islington,2024-09-01,Drugs,120
Islington,2024-09-01,Other crime,29
Islington,2024-09-01,Other theft,335
Islington,2024-09-01,Possession of weapons,16
Islington,2024-09-01,Public order,141
Islington,2024-09-01,Robbery,94
Islington,2024-09-01,Shoplifting,336
Islington,2024-09-01,Theft from the person,328
Islington,2024-09-01,Vehicle crime,229
Islington,2024-09-01,Violence and sexual offences,639
Kensington and Chelsea,2024-09-01,Anti-social behaviour,409
Kensington and Chelsea,2024-09-01,Bicycle theft,59
Kensington and Chelsea,2024-09-01,Burglary,129
Kensington and Chelsea,2024-09-01,Criminal damage and arson,85
Kensington and Chelsea,2024-09-01,Drugs,80
Kensington and Chelsea,2024-09-01,Other crime,17
Kensington and Chelsea,2024-09-01,Other theft,249
Kensington and Chelsea,2024-09-01,Possession of weapons,8
Kensington and Chelsea,2024-09-01,Public order,90
Kensington and Chelsea,2024-09-01,Robbery,50
Kensington and Chelsea,2024-09-01,Shoplifting,205
Kensington and Chelsea,2024-09-01,Theft from the person,179
Kensington and Chelsea,2024-09-01,Vehicle crime,159
Kensington and Chelsea,2024-09-01,Violence and sexual offences,443
Kingston upon Thames,2024-09-01,Anti-social behaviour,267
Kingston upon Thames,2024-09-01,Bicycle theft,45
Kingston upon Thames,2024-09-01,Burglary,29
Kingston upon Thames,2024-09-01,Criminal damage and arson,64
Kingston upon Thames,2024-09-01,Drugs,38
Kingston upon Thames,2024-09-01,Other crime,14
Kingston upon Thames,2024-09-01,Other theft,107
Kingston upon Thames,2024-09-01,Possession of weapons,3
Kingston upon Thames,2024-09-01,Public order,72
Kingston upon Thames,2024-09-01,Robbery,9
Kingston upon Thames,2024-09-01,Shoplifting,125
Kingston upon Thames,2024-09-01,Theft from the person,31
Kingston upon Thames,2024-09-01,Vehicle crime,73
Kingston upon Thames,2024-09-01,Violence and sexual offences,284
Lambeth,2024-09-01,Anti-social behaviour,817
Lambeth,2024-09-01,Bicycle theft,79
Lambeth,2024-09-01,Burglary,202
Lambeth,2024-09-01,Criminal damage and arson,209
Lambeth,2024-09-01,Drugs,170
Lambeth,2024-09-01,Other crime,39
Lambeth,2024-09-01,Other theft,382
Lambeth,2024-09-01,Possession of weapons,15
Lambeth,2024-09-01,Public order,204
Lambeth,2024-09-01,Robbery,189
Lambeth,2024-09-01,Shoplifting,233
Lambeth,2024-09-01,Theft from the person,445
Lambeth,2024-09-01,Vehicle crime,240
Lambeth,2024-09-01,Violence and sexual offences,882
Lewisham,2024-09-01,Anti-social behaviour,574
Lewisham,2024-09-01,Bicycle theft,29
Lewisham,2024-09-01,Burglary,143
Lewisham,2024-09-01,Criminal damage and arson,171
Lewisham,2024-09-01,Drugs,143
Lewisham,2024-09-01,Other crime,34
Lewisham,2024-09-01,Other theft,229
Lewisham,2024-09-01,Possession of weapons,14
Lewisham,2024-09-01,Public order,168
Lewisham,2024-09-01,Robbery,98
Lewisham,2024-09-01,Shoplifting,134
Lewisham,2024-09-01,Theft from the person,171
Lewisham,2024-09-01,Vehicle crime,252
Lewisham,2024-09-01,Violence and sexual offences,848
Merton,2024-09-01,Anti-social behaviour,307
Merton,2024-09-01,Bicycle theft,21
Merton,2024-09-01,Burglary,68
Merton,2024-09-01,Criminal damage and arson,72
Merton,2024-09-01,Drugs,59
Merton,2024-09-01,Other crime,15
Merton,2024-09-01,Other theft,117
Merton,2024-09-01,Possession of weapons,9
Merton,2024-09-01,Public order,72
Merton,2024-09-01,Robbery,23
Merton,2024-09-01,Shoplifting,158
Merton,2024-09-01,Theft from the person,38
Merton,2024-09-01,Vehicle crime,160
Merton,2024-09-01,Violence and sexual offences,372
Newham,2024-09-01,Anti-social behaviour,801
Newham,2024-09-01,Bicycle theft,53
Newham,2024-09-01,Burglary,152
Newham,2024-09-01,Criminal damage and arson,155
Newham,2024-09-01,Drugs,246
Newham,2024-09-01,Other crime,49
Newham,2024-09-01,Other theft,442
Newham,2024-09-01,Possession of weapons,18
Newham,2024-09-01,Public order,185
Newham,2024-09-01,Robbery,164
Newham,2024-09-01,Shoplifting,387
Newham,2024-09-01,Theft from the person,277
Newham,2024-09-01,Vehicle crime,378
Newham,2024-09-01,Violence and sexual offences,859
Redbridge,2024-09-01,Anti-social behaviour,522
Redbridge,2024-09-01,Bicycle theft,21
Redbridge,2024-09-01,Burglary,122
Redbridge,2024-09-01,Criminal damage and arson,110
Redbridge,2024-09-01,Drugs,61
Redbridge,2024-09-01,Other crime,25
Redbridge,2024-09-01,Other theft,175
Redbridge,2024-09-01,Possession of weapons,9
Redbridge,2024-09-01,Public order,112
Redbridge,2024-09-01,Robbery,46
Redbridge,2024-09-01,Shoplifting,175
Redbridge,2024-09-01,Theft from the person,79
Redbridge,2024-09-01,Vehicle crime,234
Redbridge,2024-09-01,Violence and sexual offences,659
Richmond upon Thames,2024-09-01,Anti-social behaviour,234
Richmond upon Thames,2024-09-01,Bicycle theft,39
Richmond upon Thames,2024-09-01,Burglary,74
Richmond upon Thames,2024-09-01,Criminal damage and arson,58
Richmond upon Thames,2024-09-01,Drugs,46
Richmond upon Thames,2024-09-01,Other crime,15
Richmond upon Thames,2024-09-01,Other theft,90
Richmond upon Thames,2024-09-01,Possession of weapons,2
Richmond upon Thames,2024-09-01,Public order,73
Richmond upon Thames,2024-09-01,Robbery,17
Richmond upon Thames,2024-09-01,Shoplifting,123
Richmond upon Thames,2024-09-01,Theft from the person,27
Richmond upon Thames,2024-09-01,Vehicle crime,114
Richmond upon Thames,2024-09-01,Violence and sexual offences,280
Southwark,2024-09-01,Anti-social behaviour,871
Southwark,2024-09-01,Bicycle theft,146
Southwark,2024-09-01,Burglary,210
Southwark,2024-09-01,Criminal damage and arson,173
Southwark,2024-09-01,Drugs,120
Southwark,2024-09-01,Other crime,23
Southwark,2024-09-01,Other theft,406
Southwark,2024-09-01,Possession of weapons,20
Southwark,2024-09-01,Public order,150
Southwark,2024-09-01,Robbery,152
Southwark,2024-09-01,Shoplifting,490
Southwark,2024-09-01,Theft from the person,571
Southwark,2024-09-01,Vehicle crime,228
Southwark,2024-09-01,Violence and sexual offences,736
Sutton,2024-09-01,Anti-social behaviour,253
Sutton,2024-09-01,Bicycle theft,12
Sutton,2024-09-01,Burglary,76
Sutton,2024-09-01,Criminal damage and arson,77
Sutton,2024-09-01,Drugs,42
Sutton,2024-09-01,Other crime,12
Sutton,2024-09-01,Other theft,78
Sutton,2024-09-01,Possession of weapons,7
Sutton,2024-09-01,Public order,87
Sutton,2024-09-01,Robbery,24
Sutton,2024-09-01,Shoplifting,122
Sutton,2024-09-01,Theft from the person,22
Sutton,2024-09-01,Vehicle crime,119
Sutton,2024-09-01,Violence and sexual offences,369
Tower Hamlets,2024-09-01,Anti-social behaviour,936
Tower Hamlets,2024-09-01,Bicycle theft,94
Tower Hamlets,2024-09-01,Burglary,190
Tower Hamlets,2024-09-01,Criminal damage and arson,181
Tower Hamlets,2024-09-01,Drugs,159
Tower Hamlets,2024-09-01,Other crime,36
Tower Hamlets,2024-09-01,Other theft,280
Tower Hamlets,2024-09-01,Possession of weapons,16
Tower Hamlets,2024-09-01,Public order,200
Tower Hamlets,2024-09-01,Robbery,131
Tower Hamlets,2024-09-01,Shoplifting,168
Tower Hamlets,2024-09-01,Theft from the person,278
Tower Hamlets,2024-09-01,Vehicle crime,290
Tower Hamlets,2024-09-01,Violence and sexual offences,904
Waltham Forest,2024-09-01,Anti-social behaviour,595
Waltham Forest,2024-09-01,Bicycle theft,43
Waltham Forest,2024-09-01,Burglary,115
Waltham Forest,2024-09-01,Criminal damage and arson,136
Waltham Forest,2024-09-01,Drugs,136
Waltham Forest,2024-09-01,Other crime,22
Waltham Forest,2024-09-01,Other theft,186
Waltham Forest,2024-09-01,Possession of weapons,9
Waltham Forest,2024-09-01,Public order,132
Waltham Forest,2024-09-01,Robbery,80
Waltham Forest,2024-09-01,Shoplifting,109
Waltham Forest,2024-09-01,Theft from the person,146
Waltham Forest,2024-09-01,Vehicle crime,325
Waltham Forest,2024-09-01,Violence and sexual offences,522
Wandsworth,2024-09-01,Anti-social behaviour,568
Wandsworth,2024-09-01,Bicycle theft,51
Wandsworth,2024-09-01,Burglary,141
Wandsworth,2024-09-01,Criminal damage and arson,133
Wandsworth,2024-09-01,Drugs,79
Wandsworth,2024-09-01,Other crime,29
Wandsworth,2024-09-01,Other theft,270
Wandsworth,2024-09-01,Possession of weapons,9
Wandsworth,2024-09-01,Public order,141
Wandsworth,2024-09-01,Robbery,57
Wandsworth,2024-09-01,Shoplifting,237
Wandsworth,2024-09-01,Theft from the person,112
Wandsworth,2024-09-01,Vehicle crime,229
Wandsworth,2024-09-01,Violence and sexual offences,644
Westminster,2024-09-01,Anti-social behaviour,1108
Westminster,2024-09-01,Bicycle theft,95
Westminster,2024-09-01,Burglary,203
Westminster,2024-09-01,Criminal damage and arson,189
Westminster,2024-09-01,Drugs,180
Westminster,2024-09-01,Other crime,38
Westminster,2024-09-01,Other theft,1238
Westminster,2024-09-01,Possession of weapons,22
Westminster,2024-09-01,Public order,316
Westminster,2024-09-01,Robbery,300
Westminster,2024-09-01,Shoplifting,521
Westminster,2024-09-01,Theft from the person,1918
Westminster,2024-09-01,Vehicle crime,320
Westminster,2024-09-01,Violence and sexual offences,1024
Barking and Dagenham,2024-10-01,Anti-social behaviour,379
Barking and Dagenham,2024-10-01,Bicycle theft,10
Barking and Dagenham,2024-10-01,Burglary,90
Barking and Dagenham,2024-10-01,Criminal damage and arson,107
Barking and Dagenham,2024-10-01,Drugs,110
Barking and Dagenham,2024-10-01,Other crime,32
Barking and Dagenham,2024-10-01,Other theft,142
Barking and Dagenham,2024-10-01,Possession of weapons,6
Barking and Dagenham,2024-10-01,Public order,109
Barking and Dagenham,2024-10-01,Robbery,111
Barking and Dagenham,2024-10-01,Shoplifting,150
Barking and Dagenham,2024-10-01,Theft from the person,73
Barking and Dagenham,2024-10-01,Vehicle crime,223
Barking and Dagenham,2024-10-01,Violence and sexual offences,664
Barnet,2024-10-01,Anti-social behaviour,682
Barnet,2024-10-01,Bicycle theft,20
Barnet,2024-10-01,Burglary,226
Barnet,2024-10-01,Criminal damage and arson,194
Barnet,2024-10-01,Drugs,135
Barnet,2024-10-01,Other crime,42
Barnet,2024-10-01,Other theft,272
Barnet,2024-10-01,Possession of weapons,10
Barnet,2024-10-01,Public order,143
Barnet,2024-10-01,Robbery,54
Barnet,2024-10-01,Shoplifting,210
Barnet,2024-10-01,Theft from the person,83
Barnet,2024-10-01,Vehicle crime,365
Barnet,2024-10-01,Violence and sexual offences,688
Bexley,2024-10-01,Anti-social behaviour,335
Bexley,2024-10-01,Bicycle theft,2
Bexley,2024-10-01,Burglary,71
Bexley,2024-10-01,Criminal damage and arson,115
Bexley,2024-10-01,Drugs,73
Bexley,2024-10-01,Other crime,39
Bexley,2024-10-01,Other theft,99
Bexley,2024-10-01,Possession of weapons,4
Bexley,2024-10-01,Public order,100
Bexley,2024-10-01,Robbery,33
Bexley,2024-10-01,Shoplifting,174
Bexley,2024-10-01,Theft from the person,26
Bexley,2024-10-01,Vehicle crime,200
Bexley,2024-10-01,Violence and sexual offences,501
Brent,2024-10-01,Anti-social behaviour,824
Brent,2024-10-01,Bicycle theft,24
Brent,2024-10-01,Burglary,135
Brent,2024-10-01,Criminal damage and arson,180
Brent,2024-10-01,Drugs,190
Brent,2024-10-01,Other crime,43
Brent,2024-10-01,Other theft,272
Brent,2024-10-01,Possession of weapons,16
Brent,2024-10-01,Public order,188
Brent,2024-10-01,Robbery,113
Brent,2024-10-01,Shoplifting,310
Brent,2024-10-01,Theft from the person,194
Brent,2024-10-01,Vehicle crime,304
Brent,2024-10-01,Violence and sexual offences,817
Bromley,2024-10-01,Anti-social behaviour,386
Bromley,2024-10-01,Bicycle theft,21
Bromley,2024-10-01,Burglary,108
Bromley,2024-10-01,Criminal damage and arson,151
Bromley,2024-10-01,Drugs,107
Bromley,2024-10-01,Other crime,32
Bromley,2024-10-01,Other theft,170
Bromley,2024-10-01,Possession of weapons,11
Bromley,2024-10-01,Public order,145
Bromley,2024-10-01,Robbery,46
Bromley,2024-10-01,Shoplifting,279
Bromley,2024-10-01,Theft from the person,56
Bromley,2024-10-01,Vehicle crime,296
Bromley,2024-10-01,Violence and sexual offences,598
Camden,2024-10-01,Anti-social behaviour,838
Camden,2024-10-01,Bicycle theft,115
Camden,2024-10-01,Burglary,196
Camden,2024-10-01,Criminal damage and arson,138
Camden,2024-10-01,Drugs,106
Camden,2024-10-01,Other crime,21
Camden,2024-10-01,Other theft,593
Camden,2024-10-01,Possession of weapons,10
Camden,2024-10-01,Public order,200
Camden,2024-10-01,Robbery,162
Camden,2024-10-01,Shoplifting,292
Camden,2024-10-01,Theft from the person,966
Camden,2024-10-01,Vehicle crime,257
Camden,2024-10-01,Violence and sexual offences,616
City of London,2024-10-01,Anti-social behaviour,7
City of London,2024-10-01,Bicycle theft,5
City of London,2024-10-01,Burglary,7
City of London,2024-10-01,Criminal damage and arson,4
City of London,2024-10-01,Drugs,3
City of London,2024-10-01,Other theft,61
City of London,2024-10-01,Public order,8
City of London,2024-10-01,Robbery,6
City of London,2024-10-01,Shoplifting,19
City of London,2024-10-01,Theft from the person,50
City of London,2024-10-01,Vehicle crime,7
City of London,2024-10-01,Violence and sexual offences,26
Croydon,2024-10-01,Anti-social behaviour,722
Croydon,2024-10-01,Bicycle theft,17
Croydon,2024-10-01,Burglary,150
Croydon,2024-10-01,Criminal damage and arson,227
Croydon,2024-10-01,Drugs,183
Croydon,2024-10-01,Other crime,62
Croydon,2024-10-01,Other theft,219
Croydon,2024-10-01,Possession of weapons,24
Croydon,2024-10-01,Public order,165
Croydon,2024-10-01,Robbery,112
Croydon,2024-10-01,Shoplifting,467
Croydon,2024-10-01,Theft from the person,75
Croydon,2024-10-01,Vehicle crime,296
Croydon,2024-10-01,Violence and sexual offences,1049
Ealing,2024-10-01,Anti-social behaviour,945
Ealing,2024-10-01,Bicycle theft,36
Ealing,2024-10-01,Burglary,183
Ealing,2024-10-01,Criminal damage and arson,143
Ealing,2024-10-01,Drugs,135
Ealing,2024-10-01,Other crime,46
Ealing,2024-10-01,Other theft,262
Ealing,2024-10-01,Possession of weapons,7
Ealing,2024-10-01,Public order,202
Ealing,2024-10-01,Robbery,78
Ealing,2024-10-01,Shoplifting,299
Ealing,2024-10-01,Theft from the person,122
Ealing,2024-10-01,Vehicle crime,382
Ealing,2024-10-01,Violence and sexual offences,825
Enfield,2024-10-01,Anti-social behaviour,727
Enfield,2024-10-01,Bicycle theft,21
Enfield,2024-10-01,Burglary,176
Enfield,2024-10-01,Criminal damage and arson,153
Enfield,2024-10-01,Drugs,178
Enfield,2024-10-01,Other crime,43
Enfield,2024-10-01,Other theft,237
Enfield,2024-10-01,Possession of weapons,19
Enfield,2024-10-01,Public order,151
Enfield,2024-10-01,Robbery,96
Enfield,2024-10-01,Shoplifting,308
Enfield,2024-10-01,Theft from the person,144
Enfield,2024-10-01,Vehicle crime,395
Enfield,2024-10-01,Violence and sexual offences,750
Greenwich,2024-10-01,Anti-social behaviour,586
Greenwich,2024-10-01,Bicycle theft,27
Greenwich,2024-10-01,Burglary,121
Greenwich,2024-10-01,Criminal damage and arson,162
Greenwich,2024-10-01,Drugs,157
Greenwich,2024-10-01,Other crime,30
Greenwich,2024-10-01,Other theft,224
Greenwich,2024-10-01,Possession of weapons,20
Greenwich,2024-10-01,Public order,185
Greenwich,2024-10-01,Robbery,82
Greenwich,2024-10-01,Shoplifting,216
Greenwich,2024-10-01,Theft from the person,103
Greenwich,2024-10-01,Vehicle crime,204
Greenwich,2024-10-01,Violence and sexual offences,873
Hackney,2024-10-01,Anti-social behaviour,720
Hackney,2024-10-01,Bicycle theft,162
Hackney,2024-10-01,Burglary,213
Hackney,2024-10-01,Criminal damage and arson,125
Hackney,2024-10-01,Drugs,151
Hackney,2024-10-01,Other crime,28
Hackney,2024-10-01,Other theft,293
Hackney,2024-10-01,Possession of weapons,17
Hackney,2024-10-01,Public order,182
Hackney,2024-10-01,Robbery,122
Hackney,2024-10-01,Shoplifting,236
Hackney,2024-10-01,Theft from the person,502
Hackney,2024-10-01,Vehicle crime,201
Hackney,2024-10-01,Violence and sexual offences,664
Hammersmith and Fulham,2024-10-01,Anti-social behaviour,520
Hammersmith and Fulham,2024-10-01,Bicycle theft,57
Hammersmith and Fulham,2024-10-01,Burglary,112
Hammersmith and Fulham,2024-10-01,Criminal damage and arson,103
Hammersmith and Fulham,2024-10-01,Drugs,124
Hammersmith and Fulham,2024-10-01,Other crime,20
Hammersmith and Fulham,2024-10-01,Other theft,194
Hammersmith and Fulham,2024-10-01,Possession of weapons,6
Hammersmith and Fulham,2024-10-01,Public order,140
Hammersmith and Fulham,2024-10-01,Robbery,67
Hammersmith and Fulham,2024-10-01,Shoplifting,201
Hammersmith and Fulham,2024-10-01,Theft from the person,111
Hammersmith and Fulham,2024-10-01,Vehicle crime,164
Hammersmith and Fulham,2024-10-01,Violence and sexual offences,596
Haringey,2024-10-01,Anti-social behaviour,678
Haringey,2024-10-01,Bicycle theft,31
Haringey,2024-10-01,Burglary,148
Haringey,2024-10-01,Criminal damage and arson,130
Haringey,2024-10-01,Drugs,111
Haringey,2024-10-01,Other crime,29
Haringey,2024-10-01,Other theft,217
Haringey,2024-10-01,Possession of weapons,10
Haringey,2024-10-01,Public order,150
Haringey,2024-10-01,Robbery,136
Haringey,2024-10-01,Shoplifting,234
Haringey,2024-10-01,Theft from the person,234
Haringey,2024-10-01,Vehicle crime,341
Haringey,2024-10-01,Violence and sexual offences,673
Harrow,2024-10-01,Anti-social behaviour,472
Harrow,2024-10-01,Bicycle theft,13
Harrow,2024-10-01,Burglary,99
Harrow,2024-10-01,Criminal damage and arson,89
Harrow,2024-10-01,Drugs,73
Harrow,2024-10-01,Other crime,29
Harrow,2024-10-01,Other theft,132
Harrow,2024-10-01,Possession of weapons,6
Harrow,2024-10-01,Public order,87
Harrow,2024-10-01,Robbery,47
Harrow,2024-10-01,Shoplifting,205
Harrow,2024-10-01,Theft from the person,101
Harrow,2024-10-01,Vehicle crime,190
Harrow,2024-10-01,Violence and sexual offences,490
Havering,2024-10-01,Anti-social behaviour,422
Havering,2024-10-01,Bicycle theft,8
Havering,2024-10-01,Burglary,110
Havering,2024-10-01,Criminal damage and arson,112
Havering,2024-10-01,Drugs,128
Havering,2024-10-01,Other crime,22
Havering,2024-10-01,Other theft,135
Havering,2024-10-01,Possession of weapons,13
Havering,2024-10-01,Public order,120
Havering,2024-10-01,Robbery,36
Havering,2024-10-01,Shoplifting,214
Havering,2024-10-01,Theft from the person,46
Havering,2024-10-01,Vehicle crime,162
Havering,2024-10-01,Violence and sexual offences,561
Hillingdon,2024-10-01,Anti-social behaviour,732
Hillingdon,2024-10-01,Bicycle theft,21
Hillingdon,2024-10-01,Burglary,146
Hillingdon,2024-10-01,Criminal damage and arson,183
Hillingdon,2024-10-01,Drugs,88
Hillingdon,2024-10-01,Other crime,173
Hillingdon,2024-10-01,Other theft,301
Hillingdon,2024-10-01,Possession of weapons,16
Hillingdon,2024-10-01,Public order,184
Hillingdon,2024-10-01,Robbery,70
Hillingdon,2024-10-01,Shoplifting,291
Hillingdon,2024-10-01,Theft from the person,93
Hillingdon,2024-10-01,Vehicle crime,283
Hillingdon,2024-10-01,Violence and sexual offences,728
Hounslow,2024-10-01,Anti-social behaviour,623
Hounslow,2024-10-01,Bicycle theft,45
Hounslow,2024-10-01,Burglary,136
Hounslow,2024-10-01,Criminal damage and arson,155
Hounslow,2024-10-01,Drugs,81
Hounslow,2024-10-01,Other crime,29
Hounslow,2024-10-01,Other theft,182
Hounslow,2024-10-01,Possession of weapons,15
Hounslow,2024-10-01,Public order,131
Hounslow,2024-10-01,Robbery,53
Hounslow,2024-10-01,Shoplifting,250
Hounslow,2024-10-01,Theft from the person,101
Hounslow,2024-10-01,Vehicle crime,276
Hounslow,2024-10-01,Violence and sexual offences,763
Islington,2024-10-01,Anti-social behaviour,831
Islington,2024-10-01,Bicycle theft,101
Islington,2024-10-01,Burglary,145
Islington,2024-10-01,Criminal damage and arson,132
Islington,2024-10-01,Drugs,105
Islington,2024-10-01,Other crime,25
Islington,2024-10-01,Other theft,356
Islington,2024-10-01,Possession of weapons,6
Islington,2024-10-01,Public order,189
Islington,2024-10-01,Robbery,105
Islington,2024-10-01,Shoplifting,283
Islington,2024-10-01,Theft from the person,378
Islington,2024-10-01,Vehicle crime,253
Islington,2024-10-01,Violence and sexual offences,667
Kensington and Chelsea,2024-10-01,Anti-social behaviour,410
Kensington and Chelsea,2024-10-01,Bicycle theft,29
Kensington and Chelsea,2024-10-01,Burglary,138
Kensington and Chelsea,2024-10-01,Criminal damage and arson,100
Kensington and Chelsea,2024-10-01,Drugs,73
Kensington and Chelsea,2024-10-01,Other crime,18
Kensington and Chelsea,2024-10-01,Other theft,307
Kensington and Chelsea,2024-10-01,Possession of weapons,8
Kensington and Chelsea,2024-10-01,Public order,102
Kensington and Chelsea,2024-10-01,Robbery,56
Kensington and Chelsea,2024-10-01,Shoplifting,253
Kensington and Chelsea,2024-10-01,Theft from the person,222
Kensington and Chelsea,2024-10-01,Vehicle crime,215
Kensington and Chelsea,2024-10-01,Violence and sexual offences,411
Kingston upon Thames,2024-10-01,Anti-social behaviour,241
Kingston upon Thames,2024-10-01,Bicycle theft,30
Kingston upon Thames,2024-10-01,Burglary,43
Kingston upon Thames,2024-10-01,Criminal damage and arson,60
Kingston upon Thames,2024-10-01,Drugs,57
Kingston upon Thames,2024-10-01,Other crime,19
Kingston upon Thames,2024-10-01,Other theft,98
Kingston upon Thames,2024-10-01,Possession of weapons,7
Kingston upon Thames,2024-10-01,Public order,62
Kingston upon Thames,2024-10-01,Robbery,20
Kingston upon Thames,2024-10-01,Shoplifting,123
Kingston upon Thames,2024-10-01,Theft from the person,52
Kingston upon Thames,2024-10-01,Vehicle crime,76
Kingston upon Thames,2024-10-01,Violence and sexual offences,269
Lambeth,2024-10-01,Anti-social behaviour,1005
Lambeth,2024-10-01,Bicycle theft,84
Lambeth,2024-10-01,Burglary,206
Lambeth,2024-10-01,Criminal damage and arson,165
Lambeth,2024-10-01,Drugs,164
Lambeth,2024-10-01,Other crime,36
Lambeth,2024-10-01,Other theft,397
Lambeth,2024-10-01,Possession of weapons,14
Lambeth,2024-10-01,Public order,199
Lambeth,2024-10-01,Robbery,219
Lambeth,2024-10-01,Shoplifting,269
Lambeth,2024-10-01,Theft from the person,505
Lambeth,2024-10-01,Vehicle crime,219
Lambeth,2024-10-01,Violence and sexual offences,902
Lewisham,2024-10-01,Anti-social behaviour,594
Lewisham,2024-10-01,Bicycle theft,31
Lewisham,2024-10-01,Burglary,120
Lewisham,2024-10-01,Criminal damage and arson,185
Lewisham,2024-10-01,Drugs,194
Lewisham,2024-10-01,Other crime,29
Lewisham,2024-10-01,Other theft,243
Lewisham,2024-10-01,Possession of weapons,12
Lewisham,2024-10-01,Public order,192
Lewisham,2024-10-01,Robbery,117
Lewisham,2024-10-01,Shoplifting,187
Lewisham,2024-10-01,Theft from the person,176
Lewisham,2024-10-01,Vehicle crime,249
Lewisham,2024-10-01,Violence and sexual offences,854
Merton,2024-10-01,Anti-social behaviour,320
Merton,2024-10-01,Bicycle theft,17
Merton,2024-10-01,Burglary,68
Merton,2024-10-01,Criminal damage and arson,96
Merton,2024-10-01,Drugs,52
Merton,2024-10-01,Other crime,14
Merton,2024-10-01,Other theft,94
Merton,2024-10-01,Possession of weapons,7
Merton,2024-10-01,Public order,97
Merton,2024-10-01,Robbery,21
Merton,2024-10-01,Shoplifting,206
Merton,2024-10-01,Theft from the person,20
Merton,2024-10-01,Vehicle crime,155
Merton,2024-10-01,Violence and sexual offences,330
Newham,2024-10-01,Anti-social behaviour,770
Newham,2024-10-01,Bicycle theft,56
Newham,2024-10-01,Burglary,150
Newham,2024-10-01,Criminal damage and arson,168
Newham,2024-10-01,Drugs,211
Newham,2024-10-01,Other crime,67
Newham,2024-10-01,Other theft,439
Newham,2024-10-01,Possession of weapons,31
Newham,2024-10-01,Public order,200
Newham,2024-10-01,Robbery,163
Newham,2024-10-01,Shoplifting,409
Newham,2024-10-01,Theft from the person,362
Newham,2024-10-01,Vehicle crime,394
Newham,2024-10-01,Violence and sexual offences,948
Redbridge,2024-10-01,Anti-social behaviour,550
Redbridge,2024-10-01,Bicycle theft,23
Redbridge,2024-10-01,Burglary,127
Redbridge,2024-10-01,Criminal damage and arson,117
Redbridge,2024-10-01,Drugs,134
Redbridge,2024-10-01,Other crime,43
Redbridge,2024-10-01,Other theft,203
Redbridge,2024-10-01,Possession of weapons,11
Redbridge,2024-10-01,Public order,115
Redbridge,2024-10-01,Robbery,70
Redbridge,2024-10-01,Shoplifting,140
Redbridge,2024-10-01,Theft from the person,105
Redbridge,2024-10-01,Vehicle crime,299
Redbridge,2024-10-01,Violence and sexual offences,695
Richmond upon Thames,2024-10-01,Anti-social behaviour,282
Richmond upon Thames,2024-10-01,Bicycle theft,32
Richmond upon Thames,2024-10-01,Burglary,89
Richmond upon Thames,2024-10-01,Criminal damage and arson,81
Richmond upon Thames,2024-10-01,Drugs,48
Richmond upon Thames,2024-10-01,Other crime,23
Richmond upon Thames,2024-10-01,Other theft,100
Richmond upon Thames,2024-10-01,Possession of weapons,4
Richmond upon Thames,2024-10-01,Public order,50
Richmond upon Thames,2024-10-01,Robbery,25
Richmond upon Thames,2024-10-01,Shoplifting,107
Richmond upon Thames,2024-10-01,Theft from the person,26
Richmond upon Thames,2024-10-01,Vehicle crime,146
Richmond upon Thames,2024-10-01,Violence and sexual offences,295
Southwark,2024-10-01,Anti-social behaviour,897
Southwark,2024-10-01,Bicycle theft,106
Southwark,2024-10-01,Burglary,234
Southwark,2024-10-01,Criminal damage and arson,225
Southwark,2024-10-01,Drugs,169
Southwark,2024-10-01,Other crime,30
Southwark,2024-10-01,Other theft,429
Southwark,2024-10-01,Possession of weapons,14
Southwark,2024-10-01,Public order,172
Southwark,2024-10-01,Robbery,202
Southwark,2024-10-01,Shoplifting,520
Southwark,2024-10-01,Theft from the person,653
Southwark,2024-10-01,Vehicle crime,227
Southwark,2024-10-01,Violence and sexual offences,765
Sutton,2024-10-01,Anti-social behaviour,266
Sutton,2024-10-01,Bicycle theft,12
Sutton,2024-10-01,Burglary,92
Sutton,2024-10-01,Criminal damage and arson,73
Sutton,2024-10-01,Drugs,66
Sutton,2024-10-01,Other crime,13
Sutton,2024-10-01,Other theft,83
Sutton,2024-10-01,Possession of weapons,4
Sutton,2024-10-01,Public order,94
Sutton,2024-10-01,Robbery,18
Sutton,2024-10-01,Shoplifting,142
Sutton,2024-10-01,Theft from the person,19
Sutton,2024-10-01,Vehicle crime,161
Sutton,2024-10-01,Violence and sexual offences,402
Tower Hamlets,2024-10-01,Anti-social behaviour,1022
Tower Hamlets,2024-10-01,Bicycle theft,131
Tower Hamlets,2024-10-01,Burglary,233
Tower Hamlets,2024-10-01,Criminal damage and arson,156
Tower Hamlets,2024-10-01,Drugs,210
Tower Hamlets,2024-10-01,Other crime,48
Tower Hamlets,2024-10-01,Other theft,324
Tower Hamlets,2024-10-01,Possession of weapons,16
Tower Hamlets,2024-10-01,Public order,218
Tower Hamlets,2024-10-01,Robbery,123
Tower Hamlets,2024-10-01,Shoplifting,197
Tower Hamlets,2024-10-01,Theft from the person,262
Tower Hamlets,2024-10-01,Vehicle crime,264
Tower Hamlets,2024-10-01,Violence and sexual offences,889
Waltham Forest,2024-10-01,Anti-social behaviour,620
Waltham Forest,2024-10-01,Bicycle theft,39
Waltham Forest,2024-10-01,Burglary,120
Waltham Forest,2024-10-01,Criminal damage and arson,186
Waltham Forest,2024-10-01,Drugs,156
Waltham Forest,2024-10-01,Other crime,28
Waltham Forest,2024-10-01,Other theft,179
Waltham Forest,2024-10-01,Possession of weapons,21
Waltham Forest,2024-10-01,Public order,128
Waltham Forest,2024-10-01,Robbery,99
Waltham Forest,2024-10-01,Shoplifting,163
Waltham Forest,2024-10-01,Theft from the person,173
Waltham Forest,2024-10-01,Vehicle crime,418
Waltham Forest,2024-10-01,Violence and sexual offences,547
Wandsworth,2024-10-01,Anti-social behaviour,744
Wandsworth,2024-10-01,Bicycle theft,48
Wandsworth,2024-10-01,Burglary,148
Wandsworth,2024-10-01,Criminal damage and arson,119
Wandsworth,2024-10-01,Drugs,83
Wandsworth,2024-10-01,Other crime,33
Wandsworth,2024-10-01,Other theft,234
Wandsworth,2024-10-01,Possession of weapons,6
Wandsworth,2024-10-01,Public order,160
Wandsworth,2024-10-01,Robbery,68
Wandsworth,2024-10-01,Shoplifting,211
Wandsworth,2024-10-01,Theft from the person,125
Wandsworth,2024-10-01,Vehicle crime,202
Wandsworth,2024-10-01,Violence and sexual offences,601
Westminster,2024-10-01,Anti-social behaviour,1171
Westminster,2024-10-01,Bicycle theft,109
Westminster,2024-10-01,Burglary,245
Westminster,2024-10-01,Criminal damage and arson,222
Westminster,2024-10-01,Drugs,153
Westminster,2024-10-01,Other crime,33
Westminster,2024-10-01,Other theft,1726
Westminster,2024-10-01,Possession of weapons,14
Westminster,2024-10-01,Public order,259
Westminster,2024-10-01,Robbery,340
Westminster,2024-10-01,Shoplifting,540
Westminster,2024-10-01,Theft from the person,2775
Westminster,2024-10-01,Vehicle crime,376
Westminster,2024-10-01,Violence and sexual offences,1135
Barking and Dagenham,2024-11-01,Anti-social behaviour,289
Barking and Dagenham,2024-11-01,Bicycle theft,16
Barking and Dagenham,2024-11-01,Burglary,74
Barking and Dagenham,2024-11-01,Criminal damage and arson,101
Barking and Dagenham,2024-11-01,Drugs,146
Barking and Dagenham,2024-11-01,Other crime,31
Barking and Dagenham,2024-11-01,Other theft,150
Barking and Dagenham,2024-11-01,Possession of weapons,10
Barking and Dagenham,2024-11-01,Public order,85
Barking and Dagenham,2024-11-01,Robbery,86
Barking and Dagenham,2024-11-01,Shoplifting,152
Barking and Dagenham,2024-11-01,Theft from the person,70
Barking and Dagenham,2024-11-01,Vehicle crime,235
Barking and Dagenham,2024-11-01,Violence and sexual offences,642
Barnet,2024-11-01,Anti-social behaviour,635
Barnet,2024-11-01,Bicycle theft,18
Barnet,2024-11-01,Burglary,226
Barnet,2024-11-01,Criminal damage and arson,149
Barnet,2024-11-01,Drugs,140
Barnet,2024-11-01,Other crime,40
Barnet,2024-11-01,Other theft,246
Barnet,2024-11-01,Possession of weapons,13
Barnet,2024-11-01,Public order,155
Barnet,2024-11-01,Robbery,58
Barnet,2024-11-01,Shoplifting,254
Barnet,2024-11-01,Theft from the person,81
Barnet,2024-11-01,Vehicle crime,376
Barnet,2024-11-01,Violence and sexual offences,658
Bexley,2024-11-01,Anti-social behaviour,287
Bexley,2024-11-01,Bicycle theft,7
Bexley,2024-11-01,Burglary,74
Bexley,2024-11-01,Criminal damage and arson,120
Bexley,2024-11-01,Drugs,72
Bexley,2024-11-01,Other crime,28
Bexley,2024-11-01,Other theft,110
Bexley,2024-11-01,Possession of weapons,4
Bexley,2024-11-01,Public order,67
Bexley,2024-11-01,Robbery,26
Bexley,2024-11-01,Shoplifting,173
Bexley,2024-11-01,Theft from the person,31
Bexley,2024-11-01,Vehicle crime,196
Bexley,2024-11-01,Violence and sexual offences,485
Brent,2024-11-01,Anti-social behaviour,876
Brent,2024-11-01,Bicycle theft,17
Brent,2024-11-01,Burglary,164
Brent,2024-11-01,Criminal damage and arson,150
Brent,2024-11-01,Drugs,198
Brent,2024-11-01,Other crime,29
Brent,2024-11-01,Other theft,262
Brent,2024-11-01,Possession of weapons,7
Brent,2024-11-01,Public order,184
Brent,2024-11-01,Robbery,92
Brent,2024-11-01,Shoplifting,272
Brent,2024-11-01,Theft from the person,250
Brent,2024-11-01,Vehicle crime,262
Brent,2024-11-01,Violence and sexual offences,777
Bromley,2024-11-01,Anti-social behaviour,406
Bromley,2024-11-01,Bicycle theft,8
Bromley,2024-11-01,Burglary,147
Bromley,2024-11-01,Criminal damage and arson,196
Bromley,2024-11-01,Drugs,107
Bromley,2024-11-01,Other crime,30
Bromley,2024-11-01,Other theft,162
Bromley,2024-11-01,Possession of weapons,12
Bromley,2024-11-01,Public order,105
Bromley,2024-11-01,Robbery,49
Bromley,2024-11-01,Shoplifting,272
Bromley,2024-11-01,Theft from the person,81
Bromley,2024-11-01,Vehicle crime,324
Bromley,2024-11-01,Violence and sexual offences,615
Camden,2024-11-01,Anti-social behaviour,788
Camden,2024-11-01,Bicycle theft,73
Camden,2024-11-01,Burglary,210
Camden,2024-11-01,Criminal damage and arson,153
Camden,2024-11-01,Drugs,115
Camden,2024-11-01,Other crime,22
Camden,2024-11-01,Other theft,635
Camden,2024-11-01,Possession of weapons,7
Camden,2024-11-01,Public order,193
Camden,2024-11-01,Robbery,168
Camden,2024-11-01,Shoplifting,372
Camden,2024-11-01,Theft from the person,903
Camden,2024-11-01,Vehicle crime,247
Camden,2024-11-01,Violence and sexual offences,609
City of London,2024-11-01,Anti-social behaviour,4
City of London,2024-11-01,Bicycle theft,4
City of London,2024-11-01,Burglary,4
City of London,2024-11-01,Criminal damage and arson,3
City of London,2024-11-01,Drugs,2
City of London,2024-11-01,Other theft,46
City of London,2024-11-01,Public order,6
City of London,2024-11-01,Robbery,9
City of London,2024-11-01,Shoplifting,22
City of London,2024-11-01,Theft from the person,56
City of London,2024-11-01,Vehicle crime,2
City of London,2024-11-01,Violence and sexual offences,15
Croydon,2024-11-01,Anti-social behaviour,641
Croydon,2024-11-01,Bicycle theft,18
Croydon,2024-11-01,Burglary,164
Croydon,2024-11-01,Criminal damage and arson,238
Croydon,2024-11-01,Drugs,213
Croydon,2024-11-01,Other crime,43
Croydon,2024-11-01,Other theft,240
Croydon,2024-11-01,Possession of weapons,18
Croydon,2024-11-01,Public order,172
Croydon,2024-11-01,Robbery,105
Croydon,2024-11-01,Shoplifting,277
Croydon,2024-11-01,Theft from the person,89
Croydon,2024-11-01,Vehicle crime,312
Croydon,2024-11-01,Violence and sexual offences,1047
Ealing,2024-11-01,Anti-social behaviour,881
Ealing,2024-11-01,Bicycle theft,45
Ealing,2024-11-01,Burglary,167
Ealing,2024-11-01,Criminal damage and arson,156
Ealing,2024-11-01,Drugs,109
Ealing,2024-11-01,Other crime,35
Ealing,2024-11-01,Other theft,285
Ealing,2024-11-01,Possession of weapons,13
Ealing,2024-11-01,Public order,182
Ealing,2024-11-01,Robbery,60
Ealing,2024-11-01,Shoplifting,303
Ealing,2024-11-01,Theft from the person,138
Ealing,2024-11-01,Vehicle crime,370
Ealing,2024-11-01,Violence and sexual offences,942
Enfield,2024-11-01,Anti-social behaviour,591
Enfield,2024-11-01,Bicycle theft,21
Enfield,2024-11-01,Burglary,191
Enfield,2024-11-01,Criminal damage and arson,176
Enfield,2024-11-01,Drugs,181
Enfield,2024-11-01,Other crime,39
Enfield,2024-11-01,Other theft,272
Enfield,2024-11-01,Possession of weapons,14
Enfield,2024-11-01,Public order,150
Enfield,2024-11-01,Robbery,98
Enfield,2024-11-01,Shoplifting,320
Enfield,2024-11-01,Theft from the person,151
Enfield,2024-11-01,Vehicle crime,355
Enfield,2024-11-01,Violence and sexual offences,717
Greenwich,2024-11-01,Anti-social behaviour,488
Greenwich,2024-11-01,Bicycle theft,33
Greenwich,2024-11-01,Burglary,160
Greenwich,2024-11-01,Criminal damage and arson,154
Greenwich,2024-11-01,Drugs,185
Greenwich,2024-11-01,Other crime,50
Greenwich,2024-11-01,Other theft,203
Greenwich,2024-11-01,Possession of weapons,17
Greenwich,2024-11-01,Public order,154
Greenwich,2024-11-01,Robbery,77
Greenwich,2024-11-01,Shoplifting,216
Greenwich,2024-11-01,Theft from the person,114
Greenwich,2024-11-01,Vehicle crime,220
Greenwich,2024-11-01,Violence and sexual offences,768
Hackney,2024-11-01,Anti-social behaviour,561
Hackney,2024-11-01,Bicycle theft,117
Hackney,2024-11-01,Burglary,171
Hackney,2024-11-01,Criminal damage and arson,117
Hackney,2024-11-01,Drugs,159
Hackney,2024-11-01,Other crime,28
Hackney,2024-11-01,Other theft,260
Hackney,2024-11-01,Possession of weapons,17
Hackney,2024-11-01,Public order,171
Hackney,2024-11-01,Robbery,153
Hackney,2024-11-01,Shoplifting,243
Hackney,2024-11-01,Theft from the person,438
Hackney,2024-11-01,Vehicle crime,228
Hackney,2024-11-01,Violence and sexual offences,720
Hammersmith and Fulham,2024-11-01,Anti-social behaviour,440
Hammersmith and Fulham,2024-11-01,Bicycle theft,65
Hammersmith and Fulham,2024-11-01,Burglary,115
Hammersmith and Fulham,2024-11-01,Criminal damage and arson,91
Hammersmith and Fulham,2024-11-01,Drugs,97
Hammersmith and Fulham,2024-11-01,Other crime,19
Hammersmith and Fulham,2024-11-01,Other theft,189
Hammersmith and Fulham,2024-11-01,Possession of weapons,7
Hammersmith and Fulham,2024-11-01,Public order,152
Hammersmith and Fulham,2024-11-01,Robbery,66
Hammersmith and Fulham,2024-11-01,Shoplifting,206
Hammersmith and Fulham,2024-11-01,Theft from the person,155
Hammersmith and Fulham,2024-11-01,Vehicle crime,154
Hammersmith and Fulham,2024-11-01,Violence and sexual offences,500
Haringey,2024-11-01,Anti-social behaviour,553
Haringey,2024-11-01,Bicycle theft,19
Haringey,2024-11-01,Burglary,154
Haringey,2024-11-01,Criminal damage and arson,128
Haringey,2024-11-01,Drugs,133
Haringey,2024-11-01,Other crime,32
Haringey,2024-11-01,Other theft,210
Haringey,2024-11-01,Possession of weapons,10
Haringey,2024-11-01,Public order,126
Haringey,2024-11-01,Robbery,91
Haringey,2024-11-01,Shoplifting,203
Haringey,2024-11-01,Theft from the person,240
Haringey,2024-11-01,Vehicle crime,224
Haringey,2024-11-01,Violence and sexual offences,676
Harrow,2024-11-01,Anti-social behaviour,418
Harrow,2024-11-01,Bicycle theft,10
Harrow,2024-11-01,Burglary,102
Harrow,2024-11-01,Criminal damage and arson,84
Harrow,2024-11-01,Drugs,70
Harrow,2024-11-01,Other crime,15
Harrow,2024-11-01,Other theft,138
Harrow,2024-11-01,Possession of weapons,3
Harrow,2024-11-01,Public order,85
Harrow,2024-11-01,Robbery,40
Harrow,2024-11-01,Shoplifting,196
Harrow,2024-11-01,Theft from the person,105
Harrow,2024-11-01,Vehicle crime,180
Harrow,2024-11-01,Violence and sexual offences,429
Havering,2024-11-01,Anti-social behaviour,384
Havering,2024-11-01,Bicycle theft,16
Havering,2024-11-01,Burglary,109
Havering,2024-11-01,Criminal damage and arson,137
Havering,2024-11-01,Drugs,129
Havering,2024-11-01,Other crime,35
Havering,2024-11-01,Other theft,144
Havering,2024-11-01,Possession of weapons,9
Havering,2024-11-01,Public order,130
Havering,2024-11-01,Robbery,42
Havering,2024-11-01,Shoplifting,204
Havering,2024-11-01,Theft from the person,39
Havering,2024-11-01,Vehicle crime,210
Havering,2024-11-01,Violence and sexual offences,508
Hillingdon,2024-11-01,Anti-social behaviour,754
Hillingdon,2024-11-01,Bicycle theft,26
Hillingdon,2024-11-01,Burglary,120
Hillingdon,2024-11-01,Criminal damage and arson,220
Hillingdon,2024-11-01,Drugs,98
Hillingdon,2024-11-01,Other crime,154
Hillingdon,2024-11-01,Other theft,306
Hillingdon,2024-11-01,Possession of weapons,17
Hillingdon,2024-11-01,Public order,170
Hillingdon,2024-11-01,Robbery,60
Hillingdon,2024-11-01,Shoplifting,270
Hillingdon,2024-11-01,Theft from the person,94
Hillingdon,2024-11-01,Vehicle crime,304
Hillingdon,2024-11-01,Violence and sexual offences,739
Hounslow,2024-11-01,Anti-social behaviour,621
Hounslow,2024-11-01,Bicycle theft,49
Hounslow,2024-11-01,Burglary,119
Hounslow,2024-11-01,Criminal damage and arson,157
Hounslow,2024-11-01,Drugs,97
Hounslow,2024-11-01,Other crime,47
Hounslow,2024-11-01,Other theft,195
Hounslow,2024-11-01,Possession of weapons,10
Hounslow,2024-11-01,Public order,139
Hounslow,2024-11-01,Robbery,47
Hounslow,2024-11-01,Shoplifting,194
Hounslow,2024-11-01,Theft from the person,137
Hounslow,2024-11-01,Vehicle crime,281
Hounslow,2024-11-01,Violence and sexual offences,732
Islington,2024-11-01,Anti-social behaviour,742
Islington,2024-11-01,Bicycle theft,80
Islington,2024-11-01,Burglary,166
Islington,2024-11-01,Criminal damage and arson,114
Islington,2024-11-01,Drugs,97
Islington,2024-11-01,Other crime,22
Islington,2024-11-01,Other theft,347
Islington,2024-11-01,Possession of weapons,7
Islington,2024-11-01,Public order,168
Islington,2024-11-01,Robbery,121
Islington,2024-11-01,Shoplifting,293
Islington,2024-11-01,Theft from the person,423
Islington,2024-11-01,Vehicle crime,181
Islington,2024-11-01,Violence and sexual offences,666
Kensington and Chelsea,2024-11-01,Anti-social behaviour,364
Kensington and Chelsea,2024-11-01,Bicycle theft,31
Kensington and Chelsea,2024-11-01,Burglary,119
Kensington and Chelsea,2024-11-01,Criminal damage and arson,97
Kensington and Chelsea,2024-11-01,Drugs,64
Kensington and Chelsea,2024-11-01,Other crime,16
Kensington and Chelsea,2024-11-01,Other theft,291
Kensington and Chelsea,2024-11-01,Possession of weapons,4
Kensington and Chelsea,2024-11-01,Public order,99
Kensington and Chelsea,2024-11-01,Robbery,63
Kensington and Chelsea,2024-11-01,Shoplifting,193
Kensington and Chelsea,2024-11-01,Theft from the person,251
Kensington and Chelsea,2024-11-01,Vehicle crime,263
Kensington and Chelsea,2024-11-01,Violence and sexual offences,426
Kingston upon Thames,2024-11-01,Anti-social behaviour,271
Kingston upon Thames,2024-11-01,Bicycle theft,31
Kingston upon Thames,2024-11-01,Burglary,51
Kingston upon Thames,2024-11-01,Criminal damage and arson,85
Kingston upon Thames,2024-11-01,Drugs,56
Kingston upon Thames,2024-11-01,Other crime,13
Kingston upon Thames,2024-11-01,Other theft,68
Kingston upon Thames,2024-11-01,Possession of weapons,4
Kingston upon Thames,2024-11-01,Public order,55
Kingston upon Thames,2024-11-01,Robbery,30
Kingston upon Thames,2024-11-01,Shoplifting,109
Kingston upon Thames,2024-11-01,Theft from the person,51
Kingston upon Thames,2024-11-01,Vehicle crime,75
Kingston upon Thames,2024-11-01,Violence and sexual offences,290
Lambeth,2024-11-01,Anti-social behaviour,741
Lambeth,2024-11-01,Bicycle theft,76
Lambeth,2024-11-01,Burglary,168
Lambeth,2024-11-01,Criminal damage and arson,174
Lambeth,2024-11-01,Drugs,141
Lambeth,2024-11-01,Other crime,43
Lambeth,2024-11-01,Other theft,353
Lambeth,2024-11-01,Possession of weapons,20
Lambeth,2024-11-01,Public order,188
Lambeth,2024-11-01,Robbery,182
Lambeth,2024-11-01,Shoplifting,203
Lambeth,2024-11-01,Theft from the person,446
Lambeth,2024-11-01,Vehicle crime,186
Lambeth,2024-11-01,Violence and sexual offences,832
Lewisham,2024-11-01,Anti-social behaviour,537
Lewisham,2024-11-01,Bicycle theft,26
Lewisham,2024-11-01,Burglary,140
Lewisham,2024-11-01,Criminal damage and arson,157
Lewisham,2024-11-01,Drugs,205
Lewisham,2024-11-01,Other crime,30
Lewisham,2024-11-01,Other theft,202
Lewisham,2024-11-01,Possession of weapons,19
Lewisham,2024-11-01,Public order,155
Lewisham,2024-11-01,Robbery,98
Lewisham,2024-11-01,Shoplifting,190
Lewisham,2024-11-01,Theft from the person,178
Lewisham,2024-11-01,Vehicle crime,263
Lewisham,2024-11-01,Violence and sexual offences,787
Merton,2024-11-01,Anti-social behaviour,262
Merton,2024-11-01,Bicycle theft,9
Merton,2024-11-01,Burglary,85
Merton,2024-11-01,Criminal damage and arson,88
Merton,2024-11-01,Drugs,69
Merton,2024-11-01,Other crime,15
Merton,2024-11-01,Other theft,95
Merton,2024-11-01,Possession of weapons,5
Merton,2024-11-01,Public order,62
Merton,2024-11-01,Robbery,27
Merton,2024-11-01,Shoplifting,215
Merton,2024-11-01,Theft from the person,49
Merton,2024-11-01,Vehicle crime,116
Merton,2024-11-01,Violence and sexual offences,322
Newham,2024-11-01,Anti-social behaviour,782
Newham,2024-11-01,Bicycle theft,53
Newham,2024-11-01,Burglary,169
Newham,2024-11-01,Criminal damage and arson,155
Newham,2024-11-01,Drugs,284
Newham,2024-11-01,Other crime,58
Newham,2024-11-01,Other theft,407
Newham,2024-11-01,Possession of weapons,12
Newham,2024-11-01,Public order,164
Newham,2024-11-01,Robbery,126
Newham,2024-11-01,Shoplifting,397
Newham,2024-11-01,Theft from the person,417
Newham,2024-11-01,Vehicle crime,309
Newham,2024-11-01,Violence and sexual offences,874
Redbridge,2024-11-01,Anti-social behaviour,477
Redbridge,2024-11-01,Bicycle theft,16
Redbridge,2024-11-01,Burglary,123
Redbridge,2024-11-01,Criminal damage and arson,115
Redbridge,2024-11-01,Drugs,100
Redbridge,2024-11-01,Other crime,28
Redbridge,2024-11-01,Other theft,174
Redbridge,2024-11-01,Possession of weapons,12
Redbridge,2024-11-01,Public order,116
Redbridge,2024-11-01,Robbery,60
Redbridge,2024-11-01,Shoplifting,166
Redbridge,2024-11-01,Theft from the person,131
Redbridge,2024-11-01,Vehicle crime,265
Redbridge,2024-11-01,Violence and sexual offences,690
Richmond upon Thames,2024-11-01,Anti-social behaviour,222
Richmond upon Thames,2024-11-01,Bicycle theft,47
Richmond upon Thames,2024-11-01,Burglary,78
Richmond upon Thames,2024-11-01,Criminal damage and arson,101
Richmond upon Thames,2024-11-01,Drugs,53
Richmond upon Thames,2024-11-01,Other crime,12
Richmond upon Thames,2024-11-01,Other theft,118
Richmond upon Thames,2024-11-01,Possession of weapons,4
Richmond upon Thames,2024-11-01,Public order,58
Richmond upon Thames,2024-11-01,Robbery,32
Richmond upon Thames,2024-11-01,Shoplifting,141
Richmond upon Thames,2024-11-01,Theft from the person,40
Richmond upon Thames,2024-11-01,Vehicle crime,164
Richmond upon Thames,2024-11-01,Violence and sexual offences,288
Southwark,2024-11-01,Anti-social behaviour,751
Southwark,2024-11-01,Bicycle theft,70
Southwark,2024-11-01,Burglary,202
Southwark,2024-11-01,Criminal damage and arson,162
Southwark,2024-11-01,Drugs,218
Southwark,2024-11-01,Other crime,29
Southwark,2024-11-01,Other theft,407
Southwark,2024-11-01,Possession of weapons,14
Southwark,2024-11-01,Public order,161
Southwark,2024-11-01,Robbery,163
Southwark,2024-11-01,Shoplifting,506
Southwark,2024-11-01,Theft from the person,569
Southwark,2024-11-01,Vehicle crime,184
Southwark,2024-11-01,Violence and sexual offences,769
Sutton,2024-11-01,Anti-social behaviour,241
Sutton,2024-11-01,Bicycle theft,9
Sutton,2024-11-01,Burglary,65
Sutton,2024-11-01,Criminal damage and arson,91
Sutton,2024-11-01,Drugs,63
Sutton,2024-11-01,Other crime,19
Sutton,2024-11-01,Other theft,74
Sutton,2024-11-01,Possession of weapons,5
Sutton,2024-11-01,Public order,70
Sutton,2024-11-01,Robbery,18
Sutton,2024-11-01,Shoplifting,85
Sutton,2024-11-01,Theft from the person,20
Sutton,2024-11-01,Vehicle crime,141
Sutton,2024-11-01,Violence and sexual offences,369
Tower Hamlets,2024-11-01,Anti-social behaviour,934
Tower Hamlets,2024-11-01,Bicycle theft,103
Tower Hamlets,2024-11-01,Burglary,249
Tower Hamlets,2024-11-01,Criminal damage and arson,177
Tower Hamlets,2024-11-01,Drugs,184
Tower Hamlets,2024-11-01,Other crime,49
Tower Hamlets,2024-11-01,Other theft,325
Tower Hamlets,2024-11-01,Possession of weapons,24
Tower Hamlets,2024-11-01,Public order,171
Tower Hamlets,2024-11-01,Robbery,111
Tower Hamlets,2024-11-01,Shoplifting,214
Tower Hamlets,2024-11-01,Theft from the person,264
Tower Hamlets,2024-11-01,Vehicle crime,304
Tower Hamlets,2024-11-01,Violence and sexual offences,877
Waltham Forest,2024-11-01,Anti-social behaviour,613
Waltham Forest,2024-11-01,Bicycle theft,36
Waltham Forest,2024-11-01,Burglary,102
Waltham Forest,2024-11-01,Criminal damage and arson,122
Waltham Forest,2024-11-01,Drugs,143
Waltham Forest,2024-11-01,Other crime,35
Waltham Forest,2024-11-01,Other theft,212
Waltham Forest,2024-11-01,Possession of weapons,14
Waltham Forest,2024-11-01,Public order,121
Waltham Forest,2024-11-01,Robbery,91
Waltham Forest,2024-11-01,Shoplifting,166
Waltham Forest,2024-11-01,Theft from the person,205
Waltham Forest,2024-11-01,Vehicle crime,353
Waltham Forest,2024-11-01,Violence and sexual offences,606
Wandsworth,2024-11-01,Anti-social behaviour,573
Wandsworth,2024-11-01,Bicycle theft,34
Wandsworth,2024-11-01,Burglary,159
Wandsworth,2024-11-01,Criminal damage and arson,135
Wandsworth,2024-11-01,Drugs,89
Wandsworth,2024-11-01,Other crime,33
Wandsworth,2024-11-01,Other theft,222
Wandsworth,2024-11-01,Possession of weapons,13
Wandsworth,2024-11-01,Public order,152
Wandsworth,2024-11-01,Robbery,71
Wandsworth,2024-11-01,Shoplifting,237
Wandsworth,2024-11-01,Theft from the person,147
Wandsworth,2024-11-01,Vehicle crime,208
Wandsworth,2024-11-01,Violence and sexual offences,617
Westminster,2024-11-01,Anti-social behaviour,1172
Westminster,2024-11-01,Bicycle theft,76
Westminster,2024-11-01,Burglary,248
Westminster,2024-11-01,Criminal damage and arson,186
Westminster,2024-11-01,Drugs,181
Westminster,2024-11-01,Other crime,30
Westminster,2024-11-01,Other theft,1794
Westminster,2024-11-01,Possession of weapons,12
Westminster,2024-11-01,Public order,296
Westminster,2024-11-01,Robbery,370
Westminster,2024-11-01,Shoplifting,548
Westminster,2024-11-01,Theft from the person,3836
Westminster,2024-11-01,Vehicle crime,336
Westminster,2024-11-01,Violence and sexual offences,1060
Barking and Dagenham,2024-12-01,Anti-social behaviour,311
Barking and Dagenham,2024-12-01,Bicycle theft,5
Barking and Dagenham,2024-12-01,Burglary,108
Barking and Dagenham,2024-12-01,Criminal damage and arson,96
Barking and Dagenham,2024-12-01,Drugs,95
Barking and Dagenham,2024-12-01,Other crime,28
Barking and Dagenham,2024-12-01,Other theft,159
Barking and Dagenham,2024-12-01,Possession of weapons,4
Barking and Dagenham,2024-12-01,Public order,88
Barking and Dagenham,2024-12-01,Robbery,44
Barking and Dagenham,2024-12-01,Shoplifting,82
Barking and Dagenham,2024-12-01,Theft from the person,73
Barking and Dagenham,2024-12-01,Vehicle crime,147
Barking and Dagenham,2024-12-01,Violence and sexual offences,634
Barnet,2024-12-01,Anti-social behaviour,561
Barnet,2024-12-01,Bicycle theft,9
Barnet,2024-12-01,Burglary,244
Barnet,2024-12-01,Criminal damage and arson,142
Barnet,2024-12-01,Drugs,114
Barnet,2024-12-01,Other crime,34
Barnet,2024-12-01,Other theft,219
Barnet,2024-12-01,Possession of weapons,7
Barnet,2024-12-01,Public order,131
Barnet,2024-12-01,Robbery,48
Barnet,2024-12-01,Shoplifting,211
Barnet,2024-12-01,Theft from the person,101
Barnet,2024-12-01,Vehicle crime,277
Barnet,2024-12-01,Violence and sexual offences,638
Bexley,2024-12-01,Anti-social behaviour,241
Bexley,2024-12-01,Bicycle theft,1
Bexley,2024-12-01,Burglary,69
Bexley,2024-12-01,Criminal damage and arson,97
Bexley,2024-12-01,Drugs,53
Bexley,2024-12-01,Other crime,25
Bexley,2024-12-01,Other theft,131
Bexley,2024-12-01,Possession of weapons,6
Bexley,2024-12-01,Public order,81
Bexley,2024-12-01,Robbery,19
Bexley,2024-12-01,Shoplifting,80
Bexley,2024-12-01,Theft from the person,29
Bexley,2024-12-01,Vehicle crime,153
Bexley,2024-12-01,Violence and sexual offences,432
Brent,2024-12-01,Anti-social behaviour,711
Brent,2024-12-01,Bicycle theft,17
Brent,2024-12-01,Burglary,189
Brent,2024-12-01,Criminal damage and arson,145
Brent,2024-12-01,Drugs,169
Brent,2024-12-01,Other crime,32
Brent,2024-12-01,Other theft,269
Brent,2024-12-01,Possession of weapons,9
Brent,2024-12-01,Public order,118
Brent,2024-12-01,Robbery,91
Brent,2024-12-01,Shoplifting,258
Brent,2024-12-01,Theft from the person,186
Brent,2024-12-01,Vehicle crime,253
Brent,2024-12-01,Violence and sexual offences,785
Bromley,2024-12-01,Anti-social behaviour,383
Bromley,2024-12-01,Bicycle theft,4
Bromley,2024-12-01,Burglary,178
Bromley,2024-12-01,Criminal damage and arson,128
Bromley,2024-12-01,Drugs,79
Bromley,2024-12-01,Other crime,24
Bromley,2024-12-01,Other theft,188
Bromley,2024-12-01,Possession of weapons,9
Bromley,2024-12-01,Public order,126
Bromley,2024-12-01,Robbery,52
Bromley,2024-12-01,Shoplifting,256
Bromley,2024-12-01,Theft from the person,70
Bromley,2024-12-01,Vehicle crime,261
Bromley,2024-12-01,Violence and sexual offences,579
Camden,2024-12-01,Anti-social behaviour,657
Camden,2024-12-01,Bicycle theft,46
Camden,2024-12-01,Burglary,204
Camden,2024-12-01,Criminal damage and arson,138
Camden,2024-12-01,Drugs,137
Camden,2024-12-01,Other crime,21
Camden,2024-12-01,Other theft,604
Camden,2024-12-01,Possession of weapons,6
Camden,2024-12-01,Public order,164
Camden,2024-12-01,Robbery,166
Camden,2024-12-01,Shoplifting,279
Camden,2024-12-01,Theft from the person,882
Camden,2024-12-01,Vehicle crime,254
Camden,2024-12-01,Violence and sexual offences,671
City of London,2024-12-01,Anti-social behaviour,4
City of London,2024-12-01,Burglary,4
City of London,2024-12-01,Criminal damage and arson,4
City of London,2024-12-01,Drugs,3
City of London,2024-12-01,Other theft,48
City of London,2024-12-01,Public order,3
City of London,2024-12-01,Robbery,8
City of London,2024-12-01,Shoplifting,21
City of London,2024-12-01,Theft from the person,43
City of London,2024-12-01,Vehicle crime,1
City of London,2024-12-01,Violence and sexual offences,24
Croydon,2024-12-01,Anti-social behaviour,526
Croydon,2024-12-01,Bicycle theft,13
Croydon,2024-12-01,Burglary,206
Croydon,2024-12-01,Criminal damage and arson,241
Croydon,2024-12-01,Drugs,282
Croydon,2024-12-01,Other crime,56
Croydon,2024-12-01,Other theft,260
Croydon,2024-12-01,Possession of weapons,19
Croydon,2024-12-01,Public order,165
Croydon,2024-12-01,Robbery,93
Croydon,2024-12-01,Shoplifting,216
Croydon,2024-12-01,Theft from the person,74
Croydon,2024-12-01,Vehicle crime,303
Croydon,2024-12-01,Violence and sexual offences,970
Ealing,2024-12-01,Anti-social behaviour,755
Ealing,2024-12-01,Bicycle theft,25
Ealing,2024-12-01,Burglary,167
Ealing,2024-12-01,Criminal damage and arson,126
Ealing,2024-12-01,Drugs,101
Ealing,2024-12-01,Other crime,33
Ealing,2024-12-01,Other theft,235
Ealing,2024-12-01,Possession of weapons,10
Ealing,2024-12-01,Public order,153
Ealing,2024-12-01,Robbery,61
Ealing,2024-12-01,Shoplifting,288
Ealing,2024-12-01,Theft from the person,80
Ealing,2024-12-01,Vehicle crime,356
Ealing,2024-12-01,Violence and sexual offences,878
Enfield,2024-12-01,Anti-social behaviour,545
Enfield,2024-12-01,Bicycle theft,12
Enfield,2024-12-01,Burglary,179
Enfield,2024-12-01,Criminal damage and arson,133
Enfield,2024-12-01,Drugs,157
Enfield,2024-12-01,Other crime,35
Enfield,2024-12-01,Other theft,228
Enfield,2024-12-01,Possession of weapons,16
Enfield,2024-12-01,Public order,122
Enfield,2024-12-01,Robbery,71
Enfield,2024-12-01,Shoplifting,263
Enfield,2024-12-01,Theft from the person,170
Enfield,2024-12-01,Vehicle crime,275
Enfield,2024-12-01,Violence and sexual offences,726
Greenwich,2024-12-01,Anti-social behaviour,465
Greenwich,2024-12-01,Bicycle theft,15
Greenwich,2024-12-01,Burglary,128
Greenwich,2024-12-01,Criminal damage and arson,157
Greenwich,2024-12-01,Drugs,147
Greenwich,2024-12-01,Other crime,44
Greenwich,2024-12-01,Other theft,211
Greenwich,2024-12-01,Possession of weapons,10
Greenwich,2024-12-01,Public order,196
Greenwich,2024-12-01,Robbery,63
Greenwich,2024-12-01,Shoplifting,176
Greenwich,2024-12-01,Theft from the person,104
Greenwich,2024-12-01,Vehicle crime,208
Greenwich,2024-12-01,Violence and sexual offences,782
Hackney,2024-12-01,Anti-social behaviour,520
Hackney,2024-12-01,Bicycle theft,95
Hackney,2024-12-01,Burglary,144
Hackney,2024-12-01,Criminal damage and arson,123
Hackney,2024-12-01,Drugs,141
Hackney,2024-12-01,Other crime,29
Hackney,2024-12-01,Other theft,270
Hackney,2024-12-01,Possession of weapons,15
Hackney,2024-12-01,Public order,135
Hackney,2024-12-01,Robbery,135
Hackney,2024-12-01,Shoplifting,223
Hackney,2024-12-01,Theft from the person,322
Hackney,2024-12-01,Vehicle crime,154
Hackney,2024-12-01,Violence and sexual offences,724
Hammersmith and Fulham,2024-12-01,Anti-social behaviour,407
Hammersmith and Fulham,2024-12-01,Bicycle theft,36
Hammersmith and Fulham,2024-12-01,Burglary,121
Hammersmith and Fulham,2024-12-01,Criminal damage and arson,87
Hammersmith and Fulham,2024-12-01,Drugs,97
Hammersmith and Fulham,2024-12-01,Other crime,15
Hammersmith and Fulham,2024-12-01,Other theft,190
Hammersmith and Fulham,2024-12-01,Possession of weapons,5
Hammersmith and Fulham,2024-12-01,Public order,120
Hammersmith and Fulham,2024-12-01,Robbery,43
Hammersmith and Fulham,2024-12-01,Shoplifting,172
Hammersmith and Fulham,2024-12-01,Theft from the person,128
Hammersmith and Fulham,2024-12-01,Vehicle crime,199
Hammersmith and Fulham,2024-12-01,Violence and sexual offences,476
Haringey,2024-12-01,Anti-social behaviour,520
Haringey,2024-12-01,Bicycle theft,15
Haringey,2024-12-01,Burglary,161
Haringey,2024-12-01,Criminal damage and arson,135
Haringey,2024-12-01,Drugs,132
Haringey,2024-12-01,Other crime,25
Haringey,2024-12-01,Other theft,186
Haringey,2024-12-01,Possession of weapons,25
Haringey,2024-12-01,Public order,130
Haringey,2024-12-01,Robbery,109
Haringey,2024-12-01,Shoplifting,154
Haringey,2024-12-01,Theft from the person,246
Haringey,2024-12-01,Vehicle crime,203
Haringey,2024-12-01,Violence and sexual offences,640
Harrow,2024-12-01,Anti-social behaviour,308
Harrow,2024-12-01,Bicycle theft,2
Harrow,2024-12-01,Burglary,120
Harrow,2024-12-01,Criminal damage and arson,65
Harrow,2024-12-01,Drugs,53
Harrow,2024-12-01,Other crime,23
Harrow,2024-12-01,Other theft,135
Harrow,2024-12-01,Possession of weapons,8
Harrow,2024-12-01,Public order,74
Harrow,2024-12-01,Robbery,47
Harrow,2024-12-01,Shoplifting,112
Harrow,2024-12-01,Theft from the person,114
Harrow,2024-12-01,Vehicle crime,143
Harrow,2024-12-01,Violence and sexual offences,499
Havering,2024-12-01,Anti-social behaviour,320
Havering,2024-12-01,Bicycle theft,4
Havering,2024-12-01,Burglary,88
Havering,2024-12-01,Criminal damage and arson,83
Havering,2024-12-01,Drugs,102
Havering,2024-12-01,Other crime,29
Havering,2024-12-01,Other theft,122
Havering,2024-12-01,Possession of weapons,13
Havering,2024-12-01,Public order,92
Havering,2024-12-01,Robbery,52
Havering,2024-12-01,Shoplifting,160
Havering,2024-12-01,Theft from the person,48
Havering,2024-12-01,Vehicle crime,142
Havering,2024-12-01,Violence and sexual offences,503
Hillingdon,2024-12-01,Anti-social behaviour,659
Hillingdon,2024-12-01,Bicycle theft,10
Hillingdon,2024-12-01,Burglary,123
Hillingdon,2024-12-01,Criminal damage and arson,184
Hillingdon,2024-12-01,Drugs,81
Hillingdon,2024-12-01,Other crime,134
Hillingdon,2024-12-01,Other theft,273
Hillingdon,2024-12-01,Possession of weapons,4
Hillingdon,2024-12-01,Public order,147
Hillingdon,2024-12-01,Robbery,61
Hillingdon,2024-12-01,Shoplifting,215
Hillingdon,2024-12-01,Theft from the person,101
Hillingdon,2024-12-01,Vehicle crime,303
Hillingdon,2024-12-01,Violence and sexual offences,747
Hounslow,2024-12-01,Anti-social behaviour,478
Hounslow,2024-12-01,Bicycle theft,36
Hounslow,2024-12-01,Burglary,150
Hounslow,2024-12-01,Criminal damage and arson,125
Hounslow,2024-12-01,Drugs,72
Hounslow,2024-12-01,Other crime,41
Hounslow,2024-12-01,Other theft,212
Hounslow,2024-12-01,Possession of weapons,8
Hounslow,2024-12-01,Public order,130
Hounslow,2024-12-01,Robbery,58
Hounslow,2024-12-01,Shoplifting,204
Hounslow,2024-12-01,Theft from the person,82
Hounslow,2024-12-01,Vehicle crime,283
Hounslow,2024-12-01,Violence and sexual offences,745
Islington,2024-12-01,Anti-social behaviour,636
Islington,2024-12-01,Bicycle theft,56
Islington,2024-12-01,Burglary,150
Islington,2024-12-01,Criminal damage and arson,135
Islington,2024-12-01,Drugs,140
Islington,2024-12-01,Other crime,15
Islington,2024-12-01,Other theft,323
Islington,2024-12-01,Possession of weapons,8
Islington,2024-12-01,Public order,155
Islington,2024-12-01,Robbery,134
Islington,2024-12-01,Shoplifting,223
Islington,2024-12-01,Theft from the person,378
Islington,2024-12-01,Vehicle crime,192
Islington,2024-12-01,Violence and sexual offences,678
Kensington and Chelsea,2024-12-01,Anti-social behaviour,384
Kensington and Chelsea,2024-12-01,Bicycle theft,14
Kensington and Chelsea,2024-12-01,Burglary,142
Kensington and Chelsea,2024-12-01,Criminal damage and arson,104
Kensington and Chelsea,2024-12-01,Drugs,46
Kensington and Chelsea,2024-12-01,Other crime,13
Kensington and Chelsea,2024-12-01,Other theft,248
Kensington and Chelsea,2024-12-01,Possession of weapons,5
Kensington and Chelsea,2024-12-01,Public order,89
Kensington and Chelsea,2024-12-01,Robbery,65
Kensington and Chelsea,2024-12-01,Shoplifting,229
Kensington and Chelsea,2024-12-01,Theft from the person,200
Kensington and Chelsea,2024-12-01,Vehicle crime,227
Kensington and Chelsea,2024-12-01,Violence and sexual offences,366
Kingston upon Thames,2024-12-01,Anti-social behaviour,246
Kingston upon Thames,2024-12-01,Bicycle theft,24
Kingston upon Thames,2024-12-01,Burglary,66
Kingston upon Thames,2024-12-01,Criminal damage and arson,60
Kingston upon Thames,2024-12-01,Drugs,32
Kingston upon Thames,2024-12-01,Other crime,12
Kingston upon Thames,2024-12-01,Other theft,82
Kingston upon Thames,2024-12-01,Possession of weapons,3
Kingston upon Thames,2024-12-01,Public order,58
Kingston upon Thames,2024-12-01,Robbery,13
Kingston upon Thames,2024-12-01,Shoplifting,118
Kingston upon Thames,2024-12-01,Theft from the person,44
Kingston upon Thames,2024-12-01,Vehicle crime,71
Kingston upon Thames,2024-12-01,Violence and sexual offences,259
Lambeth,2024-12-01,Anti-social behaviour,622
Lambeth,2024-12-01,Bicycle theft,57
Lambeth,2024-12-01,Burglary,164
Lambeth,2024-12-01,Criminal damage and arson,192
Lambeth,2024-12-01,Drugs,165
Lambeth,2024-12-01,Other crime,30
Lambeth,2024-12-01,Other theft,357
Lambeth,2024-12-01,Possession of weapons,13
Lambeth,2024-12-01,Public order,139
Lambeth,2024-12-01,Robbery,146
Lambeth,2024-12-01,Shoplifting,203
Lambeth,2024-12-01,Theft from the person,426
Lambeth,2024-12-01,Vehicle crime,263
Lambeth,2024-12-01,Violence and sexual offences,801
Lewisham,2024-12-01,Anti-social behaviour,474
Lewisham,2024-12-01,Bicycle theft,18
Lewisham,2024-12-01,Burglary,138
Lewisham,2024-12-01,Criminal damage and arson,159
Lewisham,2024-12-01,Drugs,167
Lewisham,2024-12-01,Other crime,36
Lewisham,2024-12-01,Other theft,241
Lewisham,2024-12-01,Possession of weapons,8
Lewisham,2024-12-01,Public order,169
Lewisham,2024-12-01,Robbery,63
Lewisham,2024-12-01,Shoplifting,128
Lewisham,2024-12-01,Theft from the person,129
Lewisham,2024-12-01,Vehicle crime,244
Lewisham,2024-12-01,Violence and sexual offences,821
Merton,2024-12-01,Anti-social behaviour,263
Merton,2024-12-01,Bicycle theft,15
Merton,2024-12-01,Burglary,85
Merton,2024-12-01,Criminal damage and arson,70
Merton,2024-12-01,Drugs,61
Merton,2024-12-01,Other crime,19
Merton,2024-12-01,Other theft,98
Merton,2024-12-01,Possession of weapons,1
Merton,2024-12-01,Public order,78
Merton,2024-12-01,Robbery,38
Merton,2024-12-01,Shoplifting,93
Merton,2024-12-01,Theft from the person,35
Merton,2024-12-01,Vehicle crime,79
Merton,2024-12-01,Violence and sexual offences,356
Newham,2024-12-01,Anti-social behaviour,677
Newham,2024-12-01,Bicycle theft,43
Newham,2024-12-01,Burglary,151
Newham,2024-12-01,Criminal damage and arson,137
Newham,2024-12-01,Drugs,263
Newham,2024-12-01,Other crime,51
Newham,2024-12-01,Other theft,411
Newham,2024-12-01,Possession of weapons,14
Newham,2024-12-01,Public order,160
Newham,2024-12-01,Robbery,160
Newham,2024-12-01,Shoplifting,399
Newham,2024-12-01,Theft from the person,395
Newham,2024-12-01,Vehicle crime,313
Newham,2024-12-01,Violence and sexual offences,865
Redbridge,2024-12-01,Anti-social behaviour,403
Redbridge,2024-12-01,Bicycle theft,14
Redbridge,2024-12-01,Burglary,108
Redbridge,2024-12-01,Criminal damage and arson,113
Redbridge,2024-12-01,Drugs,108
Redbridge,2024-12-01,Other crime,31
Redbridge,2024-12-01,Other theft,181
Redbridge,2024-12-01,Possession of weapons,10
Redbridge,2024-12-01,Public order,69
Redbridge,2024-12-01,Robbery,46
Redbridge,2024-12-01,Shoplifting,96
Redbridge,2024-12-01,Theft from the person,142
Redbridge,2024-12-01,Vehicle crime,265
Redbridge,2024-12-01,Violence and sexual offences,663
Richmond upon Thames,2024-12-01,Anti-social behaviour,183
Richmond upon Thames,2024-12-01,Bicycle theft,25
Richmond upon Thames,2024-12-01,Burglary,89
Richmond upon Thames,2024-12-01,Criminal damage and arson,68
Richmond upon Thames,2024-12-01,Drugs,62
Richmond upon Thames,2024-12-01,Other crime,14
Richmond upon Thames,2024-12-01,Other theft,106
Richmond upon Thames,2024-12-01,Possession of weapons,3
Richmond upon Thames,2024-12-01,Public order,56
Richmond upon Thames,2024-12-01,Robbery,12
Richmond upon Thames,2024-12-01,Shoplifting,97
Richmond upon Thames,2024-12-01,Theft from the person,22
Richmond upon Thames,2024-12-01,Vehicle crime,134
Richmond upon Thames,2024-12-01,Violence and sexual offences,271
Southwark,2024-12-01,Anti-social behaviour,658
Southwark,2024-12-01,Bicycle theft,69
Southwark,2024-12-01,Burglary,233
Southwark,2024-12-01,Criminal damage and arson,191
Southwark,2024-12-01,Drugs,230
Southwark,2024-12-01,Other crime,24
Southwark,2024-12-01,Other theft,448
Southwark,2024-12-01,Possession of weapons,26
Southwark,2024-12-01,Public order,143
Southwark,2024-12-01,Robbery,149
Southwark,2024-12-01,Shoplifting,349
Southwark,2024-12-01,Theft from the person,403
Southwark,2024-12-01,Vehicle crime,237
Southwark,2024-12-01,Violence and sexual offences,790
Sutton,2024-12-01,Anti-social behaviour,208
Sutton,2024-12-01,Bicycle theft,4
Sutton,2024-12-01,Burglary,67
Sutton,2024-12-01,Criminal damage and arson,82
Sutton,2024-12-01,Drugs,49
Sutton,2024-12-01,Other crime,19
Sutton,2024-12-01,Other theft,91
Sutton,2024-12-01,Possession of weapons,5
Sutton,2024-12-01,Public order,86
Sutton,2024-12-01,Robbery,24
Sutton,2024-12-01,Shoplifting,68
Sutton,2024-12-01,Theft from the person,20
Sutton,2024-12-01,Vehicle crime,89
Sutton,2024-12-01,Violence and sexual offences,418
Tower Hamlets,2024-12-01,Anti-social behaviour,772
Tower Hamlets,2024-12-01,Bicycle theft,73
Tower Hamlets,2024-12-01,Burglary,245
Tower Hamlets,2024-12-01,Criminal damage and arson,173
Tower Hamlets,2024-12-01,Drugs,158
Tower Hamlets,2024-12-01,Other crime,35
Tower Hamlets,2024-12-01,Other theft,326
Tower Hamlets,2024-12-01,Possession of weapons,12
Tower Hamlets,2024-12-01,Public order,167
Tower Hamlets,2024-12-01,Robbery,108
Tower Hamlets,2024-12-01,Shoplifting,204
Tower Hamlets,2024-12-01,Theft from the person,217
Tower Hamlets,2024-12-01,Vehicle crime,223
Tower Hamlets,2024-12-01,Violence and sexual offences,821
Waltham Forest,2024-12-01,Anti-social behaviour,491
Waltham Forest,2024-12-01,Bicycle theft,11
Waltham Forest,2024-12-01,Burglary,103
Waltham Forest,2024-12-01,Criminal damage and arson,116
Waltham Forest,2024-12-01,Drugs,131
Waltham Forest,2024-12-01,Other crime,26
Waltham Forest,2024-12-01,Other theft,218
Waltham Forest,2024-12-01,Possession of weapons,9
Waltham Forest,2024-12-01,Public order,74
Waltham Forest,2024-12-01,Robbery,80
Waltham Forest,2024-12-01,Shoplifting,172
Waltham Forest,2024-12-01,Theft from the person,150
Waltham Forest,2024-12-01,Vehicle crime,273
Waltham Forest,2024-12-01,Violence and sexual offences,573
Wandsworth,2024-12-01,Anti-social behaviour,444
Wandsworth,2024-12-01,Bicycle theft,26
Wandsworth,2024-12-01,Burglary,148
Wandsworth,2024-12-01,Criminal damage and arson,114
Wandsworth,2024-12-01,Drugs,117
Wandsworth,2024-12-01,Other crime,19
Wandsworth,2024-12-01,Other theft,237
Wandsworth,2024-12-01,Possession of weapons,7
Wandsworth,2024-12-01,Public order,108
Wandsworth,2024-12-01,Robbery,97
Wandsworth,2024-12-01,Shoplifting,247
Wandsworth,2024-12-01,Theft from the person,157
Wandsworth,2024-12-01,Vehicle crime,200
Wandsworth,2024-12-01,Violence and sexual offences,589
Westminster,2024-12-01,Anti-social behaviour,1062
Westminster,2024-12-01,Bicycle theft,63
Westminster,2024-12-01,Burglary,287
Westminster,2024-12-01,Criminal damage and arson,205
Westminster,2024-12-01,Drugs,170
Westminster,2024-12-01,Other crime,40
Westminster,2024-12-01,Other theft,1718
Westminster,2024-12-01,Possession of weapons,10
Westminster,2024-12-01,Public order,246
Westminster,2024-12-01,Robbery,354
Westminster,2024-12-01,Shoplifting,558
Westminster,2024-12-01,Theft from the person,4080
Westminster,2024-12-01,Vehicle crime,356
Westminster,2024-12-01,Violence and sexual offences,1096
Barking and Dagenham,2025-01-01,Anti-social behaviour,288
Barking and Dagenham,2025-01-01,Bicycle theft,6
Barking and Dagenham,2025-01-01,Burglary,86
Barking and Dagenham,2025-01-01,Criminal damage and arson,105
Barking and Dagenham,2025-01-01,Drugs,108
Barking and Dagenham,2025-01-01,Other crime,26
Barking and Dagenham,2025-01-01,Other theft,126
Barking and Dagenham,2025-01-01,Possession of weapons,8
Barking and Dagenham,2025-01-01,Public order,74
Barking and Dagenham,2025-01-01,Robbery,39
Barking and Dagenham,2025-01-01,Shoplifting,105
Barking and Dagenham,2025-01-01,Theft from the person,68
Barking and Dagenham,2025-01-01,Vehicle crime,193
Barking and Dagenham,2025-01-01,Violence and sexual offences,554
Barnet,2025-01-01,Anti-social behaviour,611
Barnet,2025-01-01,Bicycle theft,9
Barnet,2025-01-01,Burglary,244
Barnet,2025-01-01,Criminal damage and arson,143
Barnet,2025-01-01,Drugs,108
Barnet,2025-01-01,Other crime,40
Barnet,2025-01-01,Other theft,225
Barnet,2025-01-01,Possession of weapons,9
Barnet,2025-01-01,Public order,132
Barnet,2025-01-01,Robbery,45
Barnet,2025-01-01,Shoplifting,214
Barnet,2025-01-01,Theft from the person,75
Barnet,2025-01-01,Vehicle crime,335
Barnet,2025-01-01,Violence and sexual offences,612
Bexley,2025-01-01,Anti-social behaviour,205
Bexley,2025-01-01,Bicycle theft,3
Bexley,2025-01-01,Burglary,76
Bexley,2025-01-01,Criminal damage and arson,112
Bexley,2025-01-01,Drugs,98
Bexley,2025-01-01,Other crime,22
Bexley,2025-01-01,Other theft,97
Bexley,2025-01-01,Possession of weapons,5
Bexley,2025-01-01,Public order,88
Bexley,2025-01-01,Robbery,32
Bexley,2025-01-01,Shoplifting,150
Bexley,2025-01-01,Theft from the person,28
Bexley,2025-01-01,Vehicle crime,136
Bexley,2025-01-01,Violence and sexual offences,425
Brent,2025-01-01,Anti-social behaviour,751
Brent,2025-01-01,Bicycle theft,18
Brent,2025-01-01,Burglary,141
Brent,2025-01-01,Criminal damage and arson,154
Brent,2025-01-01,Drugs,172
Brent,2025-01-01,Other crime,32
Brent,2025-01-01,Other theft,259
Brent,2025-01-01,Possession of weapons,14
Brent,2025-01-01,Public order,155
Brent,2025-01-01,Robbery,95
Brent,2025-01-01,Shoplifting,313
Brent,2025-01-01,Theft from the person,166
Brent,2025-01-01,Vehicle crime,248
Brent,2025-01-01,Violence and sexual offences,771
Bromley,2025-01-01,Anti-social behaviour,400
Bromley,2025-01-01,Bicycle theft,5
Bromley,2025-01-01,Burglary,164
Bromley,2025-01-01,Criminal damage and arson,157
Bromley,2025-01-01,Drugs,79
Bromley,2025-01-01,Other crime,32
Bromley,2025-01-01,Other theft,177
Bromley,2025-01-01,Possession of weapons,8
Bromley,2025-01-01,Public order,116
Bromley,2025-01-01,Robbery,51
Bromley,2025-01-01,Shoplifting,247
Bromley,2025-01-01,Theft from the person,43
Bromley,2025-01-01,Vehicle crime,280
Bromley,2025-01-01,Violence and sexual offences,578
Camden,2025-01-01,Anti-social behaviour,704
Camden,2025-01-01,Bicycle theft,69
Camden,2025-01-01,Burglary,220
Camden,2025-01-01,Criminal damage and arson,118
Camden,2025-01-01,Drugs,144
Camden,2025-01-01,Other crime,14
Camden,2025-01-01,Other theft,551
Camden,2025-01-01,Possession of weapons,7
Camden,2025-01-01,Public order,183
Camden,2025-01-01,Robbery,120
Camden,2025-01-01,Shoplifting,264
Camden,2025-01-01,Theft from the person,678
Camden,2025-01-01,Vehicle crime,196
Camden,2025-01-01,Violence and sexual offences,567
City of London,2025-01-01,Anti-social behaviour,9
City of London,2025-01-01,Burglary,9
City of London,2025-01-01,Criminal damage and arson,3
City of London,2025-01-01,Drugs,2
City of London,2025-01-01,Other theft,26
City of London,2025-01-01,Possession of weapons,1
City of London,2025-01-01,Public order,5
City of London,2025-01-01,Robbery,5
City of London,2025-01-01,Shoplifting,23
City of London,2025-01-01,Theft from the person,32
City of London,2025-01-01,Vehicle crime,1
City of London,2025-01-01,Violence and sexual offences,20
Croydon,2025-01-01,Anti-social behaviour,629
Croydon,2025-01-01,Bicycle theft,16
Croydon,2025-01-01,Burglary,183
Croydon,2025-01-01,Criminal damage and arson,205
Croydon,2025-01-01,Drugs,234
Croydon,2025-01-01,Other crime,55
Croydon,2025-01-01,Other theft,231
Croydon,2025-01-01,Possession of weapons,17
Croydon,2025-01-01,Public order,137
Croydon,2025-01-01,Robbery,63
Croydon,2025-01-01,Shoplifting,268
Croydon,2025-01-01,Theft from the person,70
Croydon,2025-01-01,Vehicle crime,312
Croydon,2025-01-01,Violence and sexual offences,991
Ealing,2025-01-01,Anti-social behaviour,759
Ealing,2025-01-01,Bicycle theft,25
Ealing,2025-01-01,Burglary,181
Ealing,2025-01-01,Criminal damage and arson,174
Ealing,2025-01-01,Drugs,104
Ealing,2025-01-01,Other crime,32
Ealing,2025-01-01,Other theft,208
Ealing,2025-01-01,Possession of weapons,9
Ealing,2025-01-01,Public order,171
Ealing,2025-01-01,Robbery,66
Ealing,2025-01-01,Shoplifting,269
Ealing,2025-01-01,Theft from the person,109
Ealing,2025-01-01,Vehicle crime,412
Ealing,2025-01-01,Violence and sexual offences,838
Enfield,2025-01-01,Anti-social behaviour,482
Enfield,2025-01-01,Bicycle theft,12
Enfield,2025-01-01,Burglary,196
Enfield,2025-01-01,Criminal damage and arson,145
Enfield,2025-01-01,Drugs,184
Enfield,2025-01-01,Other crime,42
Enfield,2025-01-01,Other theft,230
Enfield,2025-01-01,Possession of weapons,14
Enfield,2025-01-01,Public order,133
Enfield,2025-01-01,Robbery,84
Enfield,2025-01-01,Shoplifting,292
Enfield,2025-01-01,Theft from the person,112
Enfield,2025-01-01,Vehicle crime,349
Enfield,2025-01-01,Violence and sexual offences,732
Greenwich,2025-01-01,Anti-social behaviour,463
Greenwich,2025-01-01,Bicycle theft,15
Greenwich,2025-01-01,Burglary,143
Greenwich,2025-01-01,Criminal damage and arson,137
Greenwich,2025-01-01,Drugs,166
Greenwich,2025-01-01,Other crime,41
Greenwich,2025-01-01,Other theft,198
Greenwich,2025-01-01,Possession of weapons,13
Greenwich,2025-01-01,Public order,138
Greenwich,2025-01-01,Robbery,65
Greenwich,2025-01-01,Shoplifting,181
Greenwich,2025-01-01,Theft from the person,67
Greenwich,2025-01-01,Vehicle crime,192
Greenwich,2025-01-01,Violence and sexual offences,709
Hackney,2025-01-01,Anti-social behaviour,490
Hackney,2025-01-01,Bicycle theft,78
Hackney,2025-01-01,Burglary,145
Hackney,2025-01-01,Criminal damage and arson,119
Hackney,2025-01-01,Drugs,185
Hackney,2025-01-01,Other crime,21
Hackney,2025-01-01,Other theft,269
Hackney,2025-01-01,Possession of weapons,13
Hackney,2025-01-01,Public order,140
Hackney,2025-01-01,Robbery,132
Hackney,2025-01-01,Shoplifting,179
Hackney,2025-01-01,Theft from the person,281
Hackney,2025-01-01,Vehicle crime,180
Hackney,2025-01-01,Violence and sexual offences,638
Hammersmith and Fulham,2025-01-01,Anti-social behaviour,417
Hammersmith and Fulham,2025-01-01,Bicycle theft,23
Hammersmith and Fulham,2025-01-01,Burglary,84
Hammersmith and Fulham,2025-01-01,Criminal damage and arson,99
Hammersmith and Fulham,2025-01-01,Drugs,108
Hammersmith and Fulham,2025-01-01,Other crime,26
Hammersmith and Fulham,2025-01-01,Other theft,201
Hammersmith and Fulham,2025-01-01,Possession of weapons,4
Hammersmith and Fulham,2025-01-01,Public order,102
Hammersmith and Fulham,2025-01-01,Robbery,45
Hammersmith and Fulham,2025-01-01,Shoplifting,166
Hammersmith and Fulham,2025-01-01,Theft from the person,141
Hammersmith and Fulham,2025-01-01,Vehicle crime,181
Hammersmith and Fulham,2025-01-01,Violence and sexual offences,450
Haringey,2025-01-01,Anti-social behaviour,558
Haringey,2025-01-01,Bicycle theft,12
Haringey,2025-01-01,Burglary,129
Haringey,2025-01-01,Criminal damage and arson,105
Haringey,2025-01-01,Drugs,197
Haringey,2025-01-01,Other crime,31
Haringey,2025-01-01,Other theft,164
Haringey,2025-01-01,Possession of weapons,10
Haringey,2025-01-01,Public order,120
Haringey,2025-01-01,Robbery,96
Haringey,2025-01-01,Shoplifting,171
Haringey,2025-01-01,Theft from the person,171
Haringey,2025-01-01,Vehicle crime,249
Haringey,2025-01-01,Violence and sexual offences,637
Harrow,2025-01-01,Anti-social behaviour,352
Harrow,2025-01-01,Bicycle theft,2
Harrow,2025-01-01,Burglary,99
Harrow,2025-01-01,Criminal damage and arson,57
Harrow,2025-01-01,Drugs,54
Harrow,2025-01-01,Other crime,18
Harrow,2025-01-01,Other theft,128
Harrow,2025-01-01,Possession of weapons,5
Harrow,2025-01-01,Public order,64
Harrow,2025-01-01,Robbery,40
Harrow,2025-01-01,Shoplifting,125
Harrow,2025-01-01,Theft from the person,155
Harrow,2025-01-01,Vehicle crime,124
Harrow,2025-01-01,Violence and sexual offences,384
Havering,2025-01-01,Anti-social behaviour,353
Havering,2025-01-01,Bicycle theft,4
Havering,2025-01-01,Burglary,85
Havering,2025-01-01,Criminal damage and arson,88
Havering,2025-01-01,Drugs,80
Havering,2025-01-01,Other crime,18
Havering,2025-01-01,Other theft,113
Havering,2025-01-01,Possession of weapons,6
Havering,2025-01-01,Public order,101
Havering,2025-01-01,Robbery,47
Havering,2025-01-01,Shoplifting,182
Havering,2025-01-01,Theft from the person,45
Havering,2025-01-01,Vehicle crime,173
Havering,2025-01-01,Violence and sexual offences,516
Hillingdon,2025-01-01,Anti-social behaviour,624
Hillingdon,2025-01-01,Bicycle theft,12
Hillingdon,2025-01-01,Burglary,148
Hillingdon,2025-01-01,Criminal damage and arson,226
Hillingdon,2025-01-01,Drugs,101
Hillingdon,2025-01-01,Other crime,150
Hillingdon,2025-01-01,Other theft,302
Hillingdon,2025-01-01,Possession of weapons,13
Hillingdon,2025-01-01,Public order,150
Hillingdon,2025-01-01,Robbery,60
Hillingdon,2025-01-01,Shoplifting,232
Hillingdon,2025-01-01,Theft from the person,108
Hillingdon,2025-01-01,Vehicle crime,287
Hillingdon,2025-01-01,Violence and sexual offences,623
Hounslow,2025-01-01,Anti-social behaviour,467
Hounslow,2025-01-01,Bicycle theft,20
Hounslow,2025-01-01,Burglary,91
Hounslow,2025-01-01,Criminal damage and arson,150
Hounslow,2025-01-01,Drugs,76
Hounslow,2025-01-01,Other crime,32
Hounslow,2025-01-01,Other theft,160
Hounslow,2025-01-01,Possession of weapons,4
Hounslow,2025-01-01,Public order,151
Hounslow,2025-01-01,Robbery,51
Hounslow,2025-01-01,Shoplifting,196
Hounslow,2025-01-01,Theft from the person,81
Hounslow,2025-01-01,Vehicle crime,245
Hounslow,2025-01-01,Violence and sexual offences,685
Islington,2025-01-01,Anti-social behaviour,684
Islington,2025-01-01,Bicycle theft,61
Islington,2025-01-01,Burglary,137
Islington,2025-01-01,Criminal damage and arson,148
Islington,2025-01-01,Drugs,158
Islington,2025-01-01,Other crime,47
Islington,2025-01-01,Other theft,306
Islington,2025-01-01,Possession of weapons,7
Islington,2025-01-01,Public order,169
Islington,2025-01-01,Robbery,95
Islington,2025-01-01,Shoplifting,291
Islington,2025-01-01,Theft from the person,307
Islington,2025-01-01,Vehicle crime,227
Islington,2025-01-01,Violence and sexual offences,669
Kensington and Chelsea,2025-01-01,Anti-social behaviour,382
Kensington and Chelsea,2025-01-01,Bicycle theft,21
Kensington and Chelsea,2025-01-01,Burglary,121
Kensington and Chelsea,2025-01-01,Criminal damage and arson,78
Kensington and Chelsea,2025-01-01,Drugs,56
Kensington and Chelsea,2025-01-01,Other crime,14
Kensington and Chelsea,2025-01-01,Other theft,215
Kensington and Chelsea,2025-01-01,Possession of weapons,5
Kensington and Chelsea,2025-01-01,Public order,80
Kensington and Chelsea,2025-01-01,Robbery,59
Kensington and Chelsea,2025-01-01,Shoplifting,196
Kensington and Chelsea,2025-01-01,Theft from the person,207
Kensington and Chelsea,2025-01-01,Vehicle crime,234
Kensington and Chelsea,2025-01-01,Violence and sexual offences,339
Kingston upon Thames,2025-01-01,Anti-social behaviour,244
Kingston upon Thames,2025-01-01,Bicycle theft,17
Kingston upon Thames,2025-01-01,Burglary,55
Kingston upon Thames,2025-01-01,Criminal damage and arson,68
Kingston upon Thames,2025-01-01,Drugs,58
Kingston upon Thames,2025-01-01,Other crime,11
Kingston upon Thames,2025-01-01,Other theft,80
Kingston upon Thames,2025-01-01,Possession of weapons,5
Kingston upon Thames,2025-01-01,Public order,55
Kingston upon Thames,2025-01-01,Robbery,14
Kingston upon Thames,2025-01-01,Shoplifting,141
Kingston upon Thames,2025-01-01,Theft from the person,54
Kingston upon Thames,2025-01-01,Vehicle crime,40
Kingston upon Thames,2025-01-01,Violence and sexual offences,318
Lambeth,2025-01-01,Anti-social behaviour,680
Lambeth,2025-01-01,Bicycle theft,52
Lambeth,2025-01-01,Burglary,135
Lambeth,2025-01-01,Criminal damage and arson,180
Lambeth,2025-01-01,Drugs,151
Lambeth,2025-01-01,Other crime,51
Lambeth,2025-01-01,Other theft,323
Lambeth,2025-01-01,Possession of weapons,14
Lambeth,2025-01-01,Public order,161
Lambeth,2025-01-01,Robbery,143
Lambeth,2025-01-01,Shoplifting,244
Lambeth,2025-01-01,Theft from the person,330
Lambeth,2025-01-01,Vehicle crime,282
Lambeth,2025-01-01,Violence and sexual offences,810
Lewisham,2025-01-01,Anti-social behaviour,516
Lewisham,2025-01-01,Bicycle theft,32
Lewisham,2025-01-01,Burglary,125
Lewisham,2025-01-01,Criminal damage and arson,138
Lewisham,2025-01-01,Drugs,188
Lewisham,2025-01-01,Other crime,44
Lewisham,2025-01-01,Other theft,222
Lewisham,2025-01-01,Possession of weapons,18
Lewisham,2025-01-01,Public order,163
Lewisham,2025-01-01,Robbery,88
Lewisham,2025-01-01,Shoplifting,142
Lewisham,2025-01-01,Theft from the person,105
Lewisham,2025-01-01,Vehicle crime,257
Lewisham,2025-01-01,Violence and sexual offences,733
Merton,2025-01-01,Anti-social behaviour,240
Merton,2025-01-01,Bicycle theft,11
Merton,2025-01-01,Burglary,77
Merton,2025-01-01,Criminal damage and arson,73
Merton,2025-01-01,Drugs,61
Merton,2025-01-01,Other crime,22
Merton,2025-01-01,Other theft,108
Merton,2025-01-01,Possession of weapons,8
Merton,2025-01-01,Public order,68
Merton,2025-01-01,Robbery,28
Merton,2025-01-01,Shoplifting,133
Merton,2025-01-01,Theft from the person,30
Merton,2025-01-01,Vehicle crime,112
Merton,2025-01-01,Violence and sexual offences,334
Newham,2025-01-01,Anti-social behaviour,630
Newham,2025-01-01,Bicycle theft,24
Newham,2025-01-01,Burglary,126
Newham,2025-01-01,Criminal damage and arson,156
Newham,2025-01-01,Drugs,247
Newham,2025-01-01,Other crime,56
Newham,2025-01-01,Other theft,369
Newham,2025-01-01,Possession of weapons,23
Newham,2025-01-01,Public order,146
Newham,2025-01-01,Robbery,145
Newham,2025-01-01,Shoplifting,395
Newham,2025-01-01,Theft from the person,373
Newham,2025-01-01,Vehicle crime,317
Newham,2025-01-01,Violence and sexual offences,822
Redbridge,2025-01-01,Anti-social behaviour,435
Redbridge,2025-01-01,Bicycle theft,15
Redbridge,2025-01-01,Burglary,89
Redbridge,2025-01-01,Criminal damage and arson,120
Redbridge,2025-01-01,Drugs,114
Redbridge,2025-01-01,Other crime,34
Redbridge,2025-01-01,Other theft,199
Redbridge,2025-01-01,Possession of weapons,3
Redbridge,2025-01-01,Public order,103
Redbridge,2025-01-01,Robbery,48
Redbridge,2025-01-01,Shoplifting,92
Redbridge,2025-01-01,Theft from the person,129
Redbridge,2025-01-01,Vehicle crime,261
Redbridge,2025-01-01,Violence and sexual offences,673
Richmond upon Thames,2025-01-01,Anti-social behaviour,197
Richmond upon Thames,2025-01-01,Bicycle theft,24
Richmond upon Thames,2025-01-01,Burglary,105
Richmond upon Thames,2025-01-01,Criminal damage and arson,62
Richmond upon Thames,2025-01-01,Drugs,48
Richmond upon Thames,2025-01-01,Other crime,12
Richmond upon Thames,2025-01-01,Other theft,69
Richmond upon Thames,2025-01-01,Public order,65
Richmond upon Thames,2025-01-01,Robbery,22
Richmond upon Thames,2025-01-01,Shoplifting,99
Richmond upon Thames,2025-01-01,Theft from the person,23
Richmond upon Thames,2025-01-01,Vehicle crime,123
Richmond upon Thames,2025-01-01,Violence and sexual offences,227
Southwark,2025-01-01,Anti-social behaviour,624
Southwark,2025-01-01,Bicycle theft,55
Southwark,2025-01-01,Burglary,237
Southwark,2025-01-01,Criminal damage and arson,179
Southwark,2025-01-01,Drugs,186
Southwark,2025-01-01,Other crime,36
Southwark,2025-01-01,Other theft,357
Southwark,2025-01-01,Possession of weapons,20
Southwark,2025-01-01,Public order,128
Southwark,2025-01-01,Robbery,150
Southwark,2025-01-01,Shoplifting,263
Southwark,2025-01-01,Theft from the person,426
Southwark,2025-01-01,Vehicle crime,201
Southwark,2025-01-01,Violence and sexual offences,731
Sutton,2025-01-01,Anti-social behaviour,206
Sutton,2025-01-01,Bicycle theft,5
Sutton,2025-01-01,Burglary,75
Sutton,2025-01-01,Criminal damage and arson,63
Sutton,2025-01-01,Drugs,52
Sutton,2025-01-01,Other crime,23
Sutton,2025-01-01,Other theft,77
Sutton,2025-01-01,Possession of weapons,6
Sutton,2025-01-01,Public order,61
Sutton,2025-01-01,Robbery,13
Sutton,2025-01-01,Shoplifting,87
Sutton,2025-01-01,Theft from the person,27
Sutton,2025-01-01,Vehicle crime,103
Sutton,2025-01-01,Violence and sexual offences,361
Tower Hamlets,2025-01-01,Anti-social behaviour,751
Tower Hamlets,2025-01-01,Bicycle theft,66
Tower Hamlets,2025-01-01,Burglary,244
Tower Hamlets,2025-01-01,Criminal damage and arson,134
Tower Hamlets,2025-01-01,Drugs,168
Tower Hamlets,2025-01-01,Other crime,41
Tower Hamlets,2025-01-01,Other theft,292
Tower Hamlets,2025-01-01,Possession of weapons,18
Tower Hamlets,2025-01-01,Public order,175
Tower Hamlets,2025-01-01,Robbery,92
Tower Hamlets,2025-01-01,Shoplifting,233
Tower Hamlets,2025-01-01,Theft from the person,168
Tower Hamlets,2025-01-01,Vehicle crime,204
Tower Hamlets,2025-01-01,Violence and sexual offences,792
Waltham Forest,2025-01-01,Anti-social behaviour,478
Waltham Forest,2025-01-01,Bicycle theft,34
Waltham Forest,2025-01-01,Burglary,112
Waltham Forest,2025-01-01,Criminal damage and arson,137
Waltham Forest,2025-01-01,Drugs,136
Waltham Forest,2025-01-01,Other crime,30
Waltham Forest,2025-01-01,Other theft,196
Waltham Forest,2025-01-01,Possession of weapons,5
Waltham Forest,2025-01-01,Public order,84
Waltham Forest,2025-01-01,Robbery,67
Waltham Forest,2025-01-01,Shoplifting,184
Waltham Forest,2025-01-01,Theft from the person,117
Waltham Forest,2025-01-01,Vehicle crime,247
Waltham Forest,2025-01-01,Violence and sexual offences,451
Wandsworth,2025-01-01,Anti-social behaviour,536
Wandsworth,2025-01-01,Bicycle theft,23
Wandsworth,2025-01-01,Burglary,144
Wandsworth,2025-01-01,Criminal damage and arson,127
Wandsworth,2025-01-01,Drugs,97
Wandsworth,2025-01-01,Other crime,38
Wandsworth,2025-01-01,Other theft,201
Wandsworth,2025-01-01,Possession of weapons,9
Wandsworth,2025-01-01,Public order,129
Wandsworth,2025-01-01,Robbery,62
Wandsworth,2025-01-01,Shoplifting,249
Wandsworth,2025-01-01,Theft from the person,90
Wandsworth,2025-01-01,Vehicle crime,222
Wandsworth,2025-01-01,Violence and sexual offences,572
Westminster,2025-01-01,Anti-social behaviour,970
Westminster,2025-01-01,Bicycle theft,67
Westminster,2025-01-01,Burglary,238
Westminster,2025-01-01,Criminal damage and arson,185
Westminster,2025-01-01,Drugs,186
Westminster,2025-01-01,Other crime,38
Westminster,2025-01-01,Other theft,1246
Westminster,2025-01-01,Possession of weapons,20
Westminster,2025-01-01,Public order,218
Westminster,2025-01-01,Robbery,293
Westminster,2025-01-01,Shoplifting,529
Westminster,2025-01-01,Theft from the person,2756
Westminster,2025-01-01,Vehicle crime,333
Westminster,2025-01-01,Violence and sexual offences,952
Barking and Dagenham,2025-02-01,Anti-social behaviour,295
Barking and Dagenham,2025-02-01,Bicycle theft,2
Barking and Dagenham,2025-02-01,Burglary,60
Barking and Dagenham,2025-02-01,Criminal damage and arson,93
Barking and Dagenham,2025-02-01,Drugs,87
Barking and Dagenham,2025-02-01,Other crime,19
Barking and Dagenham,2025-02-01,Other theft,116
Barking and Dagenham,2025-02-01,Possession of weapons,7
Barking and Dagenham,2025-02-01,Public order,63
Barking and Dagenham,2025-02-01,Robbery,89
Barking and Dagenham,2025-02-01,Shoplifting,94
Barking and Dagenham,2025-02-01,Theft from the person,53
Barking and Dagenham,2025-02-01,Vehicle crime,154
Barking and Dagenham,2025-02-01,Violence and sexual offences,517
Barnet,2025-02-01,Anti-social behaviour,542
Barnet,2025-02-01,Bicycle theft,14
Barnet,2025-02-01,Burglary,192
Barnet,2025-02-01,Criminal damage and arson,133
Barnet,2025-02-01,Drugs,134
Barnet,2025-02-01,Other crime,31
Barnet,2025-02-01,Other theft,181
Barnet,2025-02-01,Possession of weapons,6
Barnet,2025-02-01,Public order,129
Barnet,2025-02-01,Robbery,47
Barnet,2025-02-01,Shoplifting,212
Barnet,2025-02-01,Theft from the person,106
Barnet,2025-02-01,Vehicle crime,297
Barnet,2025-02-01,Violence and sexual offences,614
Bexley,2025-02-01,Anti-social behaviour,201
Bexley,2025-02-01,Bicycle theft,4
Bexley,2025-02-01,Burglary,61
Bexley,2025-02-01,Criminal damage and arson,151
Bexley,2025-02-01,Drugs,55
Bexley,2025-02-01,Other crime,16
Bexley,2025-02-01,Other theft,92
Bexley,2025-02-01,Possession of weapons,9
Bexley,2025-02-01,Public order,71
Bexley,2025-02-01,Robbery,21
Bexley,2025-02-01,Shoplifting,197
Bexley,2025-02-01,Theft from the person,26
Bexley,2025-02-01,Vehicle crime,161
Bexley,2025-02-01,Violence and sexual offences,452
Brent,2025-02-01,Anti-social behaviour,668
Brent,2025-02-01,Bicycle theft,16
Brent,2025-02-01,Burglary,135
Brent,2025-02-01,Criminal damage and arson,125
Brent,2025-02-01,Drugs,159
Brent,2025-02-01,Other crime,37
Brent,2025-02-01,Other theft,248
Brent,2025-02-01,Possession of weapons,17
Brent,2025-02-01,Public order,124
Brent,2025-02-01,Robbery,72
Brent,2025-02-01,Shoplifting,252
Brent,2025-02-01,Theft from the person,275
Brent,2025-02-01,Vehicle crime,218
Brent,2025-02-01,Violence and sexual offences,719
Bromley,2025-02-01,Anti-social behaviour,386
Bromley,2025-02-01,Bicycle theft,4
Bromley,2025-02-01,Burglary,104
Bromley,2025-02-01,Criminal damage and arson,183
Bromley,2025-02-01,Drugs,64
Bromley,2025-02-01,Other crime,34
Bromley,2025-02-01,Other theft,146
Bromley,2025-02-01,Possession of weapons,8
Bromley,2025-02-01,Public order,118
Bromley,2025-02-01,Robbery,37
Bromley,2025-02-01,Shoplifting,243
Bromley,2025-02-01,Theft from the person,48
Bromley,2025-02-01,Vehicle crime,264
Bromley,2025-02-01,Violence and sexual offences,600
Camden,2025-02-01,Anti-social behaviour,688
Camden,2025-02-01,Bicycle theft,60
Camden,2025-02-01,Burglary,177
Camden,2025-02-01,Criminal damage and arson,116
Camden,2025-02-01,Drugs,142
Camden,2025-02-01,Other crime,23
Camden,2025-02-01,Other theft,587
Camden,2025-02-01,Possession of weapons,12
Camden,2025-02-01,Public order,148
Camden,2025-02-01,Robbery,145
Camden,2025-02-01,Shoplifting,266
Camden,2025-02-01,Theft from the person,933
Camden,2025-02-01,Vehicle crime,219
Camden,2025-02-01,Violence and sexual offences,542
City of London,2025-02-01,Anti-social behaviour,9
City of London,2025-02-01,Bicycle theft,2
City of London,2025-02-01,Burglary,7
City of London,2025-02-01,Criminal damage and arson,4
City of London,2025-02-01,Drugs,2
City of London,2025-02-01,Other crime,1
City of London,2025-02-01,Other theft,33
City of London,2025-02-01,Public order,3
City of London,2025-02-01,Robbery,4
City of London,2025-02-01,Shoplifting,17
City of London,2025-02-01,Theft from the person,43
City of London,2025-02-01,Vehicle crime,3
City of London,2025-02-01,Violence and sexual offences,15
Croydon,2025-02-01,Anti-social behaviour,577
Croydon,2025-02-01,Bicycle theft,17
Croydon,2025-02-01,Burglary,142
Croydon,2025-02-01,Criminal damage and arson,190
Croydon,2025-02-01,Drugs,203
Croydon,2025-02-01,Other crime,46
Croydon,2025-02-01,Other theft,197
Croydon,2025-02-01,Possession of weapons,23
Croydon,2025-02-01,Public order,182
Croydon,2025-02-01,Robbery,90
Croydon,2025-02-01,Shoplifting,240
Croydon,2025-02-01,Theft from the person,78
Croydon,2025-02-01,Vehicle crime,279
Croydon,2025-02-01,Violence and sexual offences,896
Ealing,2025-02-01,Anti-social behaviour,725
Ealing,2025-02-01,Bicycle theft,19
Ealing,2025-02-01,Burglary,166
Ealing,2025-02-01,Criminal damage and arson,161
Ealing,2025-02-01,Drugs,89
Ealing,2025-02-01,Other crime,30
Ealing,2025-02-01,Other theft,231
Ealing,2025-02-01,Possession of weapons,12
Ealing,2025-02-01,Public order,123
Ealing,2025-02-01,Robbery,75
Ealing,2025-02-01,Shoplifting,318
Ealing,2025-02-01,Theft from the person,87
Ealing,2025-02-01,Vehicle crime,354
Ealing,2025-02-01,Violence and sexual offences,787
Enfield,2025-02-01,Anti-social behaviour,487
Enfield,2025-02-01,Bicycle theft,9
Enfield,2025-02-01,Burglary,163
Enfield,2025-02-01,Criminal damage and arson,138
Enfield,2025-02-01,Drugs,127
Enfield,2025-02-01,Other crime,37
Enfield,2025-02-01,Other theft,192
Enfield,2025-02-01,Possession of weapons,12
Enfield,2025-02-01,Public order,108
Enfield,2025-02-01,Robbery,89
Enfield,2025-02-01,Shoplifting,280
Enfield,2025-02-01,Theft from the person,139
Enfield,2025-02-01,Vehicle crime,316
Enfield,2025-02-01,Violence and sexual offences,626
Greenwich,2025-02-01,Anti-social behaviour,444
Greenwich,2025-02-01,Bicycle theft,18
Greenwich,2025-02-01,Burglary,101
Greenwich,2025-02-01,Criminal damage and arson,148
Greenwich,2025-02-01,Drugs,132
Greenwich,2025-02-01,Other crime,42
Greenwich,2025-02-01,Other theft,195
Greenwich,2025-02-01,Possession of weapons,11
Greenwich,2025-02-01,Public order,164
Greenwich,2025-02-01,Robbery,61
Greenwich,2025-02-01,Shoplifting,176
Greenwich,2025-02-01,Theft from the person,77
Greenwich,2025-02-01,Vehicle crime,193
Greenwich,2025-02-01,Violence and sexual offences,747
Hackney,2025-02-01,Anti-social behaviour,431
Hackney,2025-02-01,Bicycle theft,77
Hackney,2025-02-01,Burglary,124
Hackney,2025-02-01,Criminal damage and arson,104
Hackney,2025-02-01,Drugs,151
Hackney,2025-02-01,Other crime,21
Hackney,2025-02-01,Other theft,242
Hackney,2025-02-01,Possession of weapons,19
Hackney,2025-02-01,Public order,137
Hackney,2025-02-01,Robbery,108
Hackney,2025-02-01,Shoplifting,138
Hackney,2025-02-01,Theft from the person,288
Hackney,2025-02-01,Vehicle crime,163
Hackney,2025-02-01,Violence and sexual offences,634
Hammersmith and Fulham,2025-02-01,Anti-social behaviour,375
Hammersmith and Fulham,2025-02-01,Bicycle theft,37
Hammersmith and Fulham,2025-02-01,Burglary,94
Hammersmith and Fulham,2025-02-01,Criminal damage and arson,91
Hammersmith and Fulham,2025-02-01,Drugs,90
Hammersmith and Fulham,2025-02-01,Other crime,26
Hammersmith and Fulham,2025-02-01,Other theft,163
Hammersmith and Fulham,2025-02-01,Possession of weapons,19
Hammersmith and Fulham,2025-02-01,Public order,112
Hammersmith and Fulham,2025-02-01,Robbery,47
Hammersmith and Fulham,2025-02-01,Shoplifting,163
Hammersmith and Fulham,2025-02-01,Theft from the person,98
Hammersmith and Fulham,2025-02-01,Vehicle crime,183
Hammersmith and Fulham,2025-02-01,Violence and sexual offences,480
Haringey,2025-02-01,Anti-social behaviour,549
Haringey,2025-02-01,Bicycle theft,20
Haringey,2025-02-01,Burglary,128
Haringey,2025-02-01,Criminal damage and arson,140
Haringey,2025-02-01,Drugs,130
Haringey,2025-02-01,Other crime,32
Haringey,2025-02-01,Other theft,173
Haringey,2025-02-01,Possession of weapons,6
Haringey,2025-02-01,Public order,109
Haringey,2025-02-01,Robbery,98
Haringey,2025-02-01,Shoplifting,185
Haringey,2025-02-01,Theft from the person,189
Haringey,2025-02-01,Vehicle crime,279
Haringey,2025-02-01,Violence and sexual offences,592
Harrow,2025-02-01,Anti-social behaviour,364
Harrow,2025-02-01,Bicycle theft,8
Harrow,2025-02-01,Burglary,121
Harrow,2025-02-01,Criminal damage and arson,65
Harrow,2025-02-01,Drugs,84
Harrow,2025-02-01,Other crime,22
Harrow,2025-02-01,Other theft,96
Harrow,2025-02-01,Possession of weapons,3
Harrow,2025-02-01,Public order,63
Harrow,2025-02-01,Robbery,53
Harrow,2025-02-01,Shoplifting,120
Harrow,2025-02-01,Theft from the person,68
Harrow,2025-02-01,Vehicle crime,133
Harrow,2025-02-01,Violence and sexual offences,406
Havering,2025-02-01,Anti-social behaviour,313
Havering,2025-02-01,Bicycle theft,2
Havering,2025-02-01,Burglary,55
Havering,2025-02-01,Criminal damage and arson,106
Havering,2025-02-01,Drugs,77
Havering,2025-02-01,Other crime,32
Havering,2025-02-01,Other theft,109
Havering,2025-02-01,Possession of weapons,7
Havering,2025-02-01,Public order,74
Havering,2025-02-01,Robbery,54
Havering,2025-02-01,Shoplifting,191
Havering,2025-02-01,Theft from the person,42
Havering,2025-02-01,Vehicle crime,188
Havering,2025-02-01,Violence and sexual offences,415
Hillingdon,2025-02-01,Anti-social behaviour,599
Hillingdon,2025-02-01,Bicycle theft,13
Hillingdon,2025-02-01,Burglary,158
Hillingdon,2025-02-01,Criminal damage and arson,164
Hillingdon,2025-02-01,Drugs,95
Hillingdon,2025-02-01,Other crime,96
Hillingdon,2025-02-01,Other theft,239
Hillingdon,2025-02-01,Possession of weapons,8
Hillingdon,2025-02-01,Public order,158
Hillingdon,2025-02-01,Robbery,58
Hillingdon,2025-02-01,Shoplifting,231
Hillingdon,2025-02-01,Theft from the person,92
Hillingdon,2025-02-01,Vehicle crime,292
Hillingdon,2025-02-01,Violence and sexual offences,769
Hounslow,2025-02-01,Anti-social behaviour,473
Hounslow,2025-02-01,Bicycle theft,20
Hounslow,2025-02-01,Burglary,100
Hounslow,2025-02-01,Criminal damage and arson,156
Hounslow,2025-02-01,Drugs,92
Hounslow,2025-02-01,Other crime,25
Hounslow,2025-02-01,Other theft,165
Hounslow,2025-02-01,Possession of weapons,8
Hounslow,2025-02-01,Public order,128
Hounslow,2025-02-01,Robbery,46
Hounslow,2025-02-01,Shoplifting,169
Hounslow,2025-02-01,Theft from the person,88
Hounslow,2025-02-01,Vehicle crime,288
Hounslow,2025-02-01,Violence and sexual offences,645
Islington,2025-02-01,Anti-social behaviour,610
Islington,2025-02-01,Bicycle theft,55
Islington,2025-02-01,Burglary,113
Islington,2025-02-01,Criminal damage and arson,150
Islington,2025-02-01,Drugs,130
Islington,2025-02-01,Other crime,28
Islington,2025-02-01,Other theft,302
Islington,2025-02-01,Possession of weapons,15
Islington,2025-02-01,Public order,166
Islington,2025-02-01,Robbery,84
Islington,2025-02-01,Shoplifting,255
Islington,2025-02-01,Theft from the person,313
Islington,2025-02-01,Vehicle crime,189
Islington,2025-02-01,Violence and sexual offences,588
Kensington and Chelsea,2025-02-01,Anti-social behaviour,367
Kensington and Chelsea,2025-02-01,Bicycle theft,17
Kensington and Chelsea,2025-02-01,Burglary,93
Kensington and Chelsea,2025-02-01,Criminal damage and arson,96
Kensington and Chelsea,2025-02-01,Drugs,45
Kensington and Chelsea,2025-02-01,Other crime,23
Kensington and Chelsea,2025-02-01,Other theft,225
Kensington and Chelsea,2025-02-01,Possession of weapons,8
Kensington and Chelsea,2025-02-01,Public order,77
Kensington and Chelsea,2025-02-01,Robbery,60
Kensington and Chelsea,2025-02-01,Shoplifting,197
Kensington and Chelsea,2025-02-01,Theft from the person,161
Kensington and Chelsea,2025-02-01,Vehicle crime,274
Kensington and Chelsea,2025-02-01,Violence and sexual offences,413
Kingston upon Thames,2025-02-01,Anti-social behaviour,219
Kingston upon Thames,2025-02-01,Bicycle theft,10
Kingston upon Thames,2025-02-01,Burglary,47
Kingston upon Thames,2025-02-01,Criminal damage and arson,74
Kingston upon Thames,2025-02-01,Drugs,56
Kingston upon Thames,2025-02-01,Other crime,19
Kingston upon Thames,2025-02-01,Other theft,89
Kingston upon Thames,2025-02-01,Possession of weapons,6
Kingston upon Thames,2025-02-01,Public order,69
Kingston upon Thames,2025-02-01,Robbery,17
Kingston upon Thames,2025-02-01,Shoplifting,140
Kingston upon Thames,2025-02-01,Theft from the person,35
Kingston upon Thames,2025-02-01,Vehicle crime,58
Kingston upon Thames,2025-02-01,Violence and sexual offences,302
Lambeth,2025-02-01,Anti-social behaviour,588
Lambeth,2025-02-01,Bicycle theft,57
Lambeth,2025-02-01,Burglary,133
Lambeth,2025-02-01,Criminal damage and arson,158
Lambeth,2025-02-01,Drugs,144
Lambeth,2025-02-01,Other crime,38
Lambeth,2025-02-01,Other theft,296
Lambeth,2025-02-01,Possession of weapons,14
Lambeth,2025-02-01,Public order,135
Lambeth,2025-02-01,Robbery,124
Lambeth,2025-02-01,Shoplifting,193
Lambeth,2025-02-01,Theft from the person,398
Lambeth,2025-02-01,Vehicle crime,289
Lambeth,2025-02-01,Violence and sexual offences,744
Lewisham,2025-02-01,Anti-social behaviour,480
Lewisham,2025-02-01,Bicycle theft,17
Lewisham,2025-02-01,Burglary,89
Lewisham,2025-02-01,Criminal damage and arson,152
Lewisham,2025-02-01,Drugs,190
Lewisham,2025-02-01,Other crime,31
Lewisham,2025-02-01,Other theft,212
Lewisham,2025-02-01,Possession of weapons,19
Lewisham,2025-02-01,Public order,159
Lewisham,2025-02-01,Robbery,83
Lewisham,2025-02-01,Shoplifting,214
Lewisham,2025-02-01,Theft from the person,77
Lewisham,2025-02-01,Vehicle crime,197
Lewisham,2025-02-01,Violence and sexual offences,733
Merton,2025-02-01,Anti-social behaviour,254
Merton,2025-02-01,Bicycle theft,16
Merton,2025-02-01,Burglary,62
Merton,2025-02-01,Criminal damage and arson,55
Merton,2025-02-01,Drugs,55
Merton,2025-02-01,Other crime,19
Merton,2025-02-01,Other theft,89
Merton,2025-02-01,Possession of weapons,4
Merton,2025-02-01,Public order,67
Merton,2025-02-01,Robbery,27
Merton,2025-02-01,Shoplifting,166
Merton,2025-02-01,Theft from the person,30
Merton,2025-02-01,Vehicle crime,94
Merton,2025-02-01,Violence and sexual offences,303
Newham,2025-02-01,Anti-social behaviour,592
Newham,2025-02-01,Bicycle theft,28
Newham,2025-02-01,Burglary,129
Newham,2025-02-01,Criminal damage and arson,131
Newham,2025-02-01,Drugs,312
Newham,2025-02-01,Other crime,41
Newham,2025-02-01,Other theft,319
Newham,2025-02-01,Possession of weapons,17
Newham,2025-02-01,Public order,135
Newham,2025-02-01,Robbery,139
Newham,2025-02-01,Shoplifting,406
Newham,2025-02-01,Theft from the person,391
Newham,2025-02-01,Vehicle crime,303
Newham,2025-02-01,Violence and sexual offences,743
Redbridge,2025-02-01,Anti-social behaviour,432
Redbridge,2025-02-01,Bicycle theft,11
Redbridge,2025-02-01,Burglary,101
Redbridge,2025-02-01,Criminal damage and arson,110
Redbridge,2025-02-01,Drugs,102
Redbridge,2025-02-01,Other crime,30
Redbridge,2025-02-01,Other theft,172
Redbridge,2025-02-01,Possession of weapons,4
Redbridge,2025-02-01,Public order,93
Redbridge,2025-02-01,Robbery,50
Redbridge,2025-02-01,Shoplifting,136
Redbridge,2025-02-01,Theft from the person,142
Redbridge,2025-02-01,Vehicle crime,223
Redbridge,2025-02-01,Violence and sexual offences,587
Richmond upon Thames,2025-02-01,Anti-social behaviour,186
Richmond upon Thames,2025-02-01,Bicycle theft,24
Richmond upon Thames,2025-02-01,Burglary,67
Richmond upon Thames,2025-02-01,Criminal damage and arson,59
Richmond upon Thames,2025-02-01,Drugs,45
Richmond upon Thames,2025-02-01,Other crime,10
Richmond upon Thames,2025-02-01,Other theft,87
Richmond upon Thames,2025-02-01,Possession of weapons,1
Richmond upon Thames,2025-02-01,Public order,34
Richmond upon Thames,2025-02-01,Robbery,18
Richmond upon Thames,2025-02-01,Shoplifting,108
Richmond upon Thames,2025-02-01,Theft from the person,23
Richmond upon Thames,2025-02-01,Vehicle crime,141
Richmond upon Thames,2025-02-01,Violence and sexual offences,201
Southwark,2025-02-01,Anti-social behaviour,614
Southwark,2025-02-01,Bicycle theft,62
Southwark,2025-02-01,Burglary,179
Southwark,2025-02-01,Criminal damage and arson,149
Southwark,2025-02-01,Drugs,172
Southwark,2025-02-01,Other crime,32
Southwark,2025-02-01,Other theft,349
Southwark,2025-02-01,Possession of weapons,11
Southwark,2025-02-01,Public order,149
Southwark,2025-02-01,Robbery,134
Southwark,2025-02-01,Shoplifting,208
Southwark,2025-02-01,Theft from the person,510
Southwark,2025-02-01,Vehicle crime,209
Southwark,2025-02-01,Violence and sexual offences,719
Sutton,2025-02-01,Anti-social behaviour,191
Sutton,2025-02-01,Bicycle theft,10
Sutton,2025-02-01,Burglary,59
Sutton,2025-02-01,Criminal damage and arson,63
Sutton,2025-02-01,Drugs,52
Sutton,2025-02-01,Other crime,17
Sutton,2025-02-01,Other theft,58
Sutton,2025-02-01,Possession of weapons,7
Sutton,2025-02-01,Public order,68
Sutton,2025-02-01,Robbery,28
Sutton,2025-02-01,Shoplifting,101
Sutton,2025-02-01,Theft from the person,21
Sutton,2025-02-01,Vehicle crime,75
Sutton,2025-02-01,Violence and sexual offences,378
Tower Hamlets,2025-02-01,Anti-social behaviour,665
Tower Hamlets,2025-02-01,Bicycle theft,65
Tower Hamlets,2025-02-01,Burglary,129
Tower Hamlets,2025-02-01,Criminal damage and arson,131
Tower Hamlets,2025-02-01,Drugs,136
Tower Hamlets,2025-02-01,Other crime,43
Tower Hamlets,2025-02-01,Other theft,281
Tower Hamlets,2025-02-01,Possession of weapons,6
Tower Hamlets,2025-02-01,Public order,147
Tower Hamlets,2025-02-01,Robbery,96
Tower Hamlets,2025-02-01,Shoplifting,160
Tower Hamlets,2025-02-01,Theft from the person,209
Tower Hamlets,2025-02-01,Vehicle crime,157
Tower Hamlets,2025-02-01,Violence and sexual offences,848
Waltham Forest,2025-02-01,Anti-social behaviour,466
Waltham Forest,2025-02-01,Bicycle theft,35
Waltham Forest,2025-02-01,Burglary,113
Waltham Forest,2025-02-01,Criminal damage and arson,132
Waltham Forest,2025-02-01,Drugs,126
Waltham Forest,2025-02-01,Other crime,18
Waltham Forest,2025-02-01,Other theft,171
Waltham Forest,2025-02-01,Possession of weapons,10
Waltham Forest,2025-02-01,Public order,84
Waltham Forest,2025-02-01,Robbery,61
Waltham Forest,2025-02-01,Shoplifting,157
Waltham Forest,2025-02-01,Theft from the person,123
Waltham Forest,2025-02-01,Vehicle crime,236
Waltham Forest,2025-02-01,Violence and sexual offences,483
Wandsworth,2025-02-01,Anti-social behaviour,496
Wandsworth,2025-02-01,Bicycle theft,25
Wandsworth,2025-02-01,Burglary,104
Wandsworth,2025-02-01,Criminal damage and arson,104
Wandsworth,2025-02-01,Drugs,84
Wandsworth,2025-02-01,Other crime,40
Wandsworth,2025-02-01,Other theft,200
Wandsworth,2025-02-01,Possession of weapons,8
Wandsworth,2025-02-01,Public order,106
Wandsworth,2025-02-01,Robbery,42
Wandsworth,2025-02-01,Shoplifting,201
Wandsworth,2025-02-01,Theft from the person,134
Wandsworth,2025-02-01,Vehicle crime,237
Wandsworth,2025-02-01,Violence and sexual offences,592
Westminster,2025-02-01,Anti-social behaviour,955
Westminster,2025-02-01,Bicycle theft,58
Westminster,2025-02-01,Burglary,229
Westminster,2025-02-01,Criminal damage and arson,189
Westminster,2025-02-01,Drugs,149
Westminster,2025-02-01,Other crime,40
Westminster,2025-02-01,Other theft,1320
Westminster,2025-02-01,Possession of weapons,15
Westminster,2025-02-01,Public order,228
Westminster,2025-02-01,Robbery,293
Westminster,2025-02-01,Shoplifting,563
Westminster,2025-02-01,Theft from the person,2661
Westminster,2025-02-01,Vehicle crime,398
Westminster,2025-02-01,Violence and sexual offences,870
Barking and Dagenham,2025-03-01,Anti-social behaviour,344
Barking and Dagenham,2025-03-01,Bicycle theft,11
Barking and Dagenham,2025-03-01,Burglary,99
Barking and Dagenham,2025-03-01,Criminal damage and arson,109
Barking and Dagenham,2025-03-01,Drugs,86
Barking and Dagenham,2025-03-01,Other crime,32
Barking and Dagenham,2025-03-01,Other theft,127
Barking and Dagenham,2025-03-01,Possession of weapons,10
Barking and Dagenham,2025-03-01,Public order,95
Barking and Dagenham,2025-03-01,Robbery,118
Barking and Dagenham,2025-03-01,Shoplifting,98
Barking and Dagenham,2025-03-01,Theft from the person,75
Barking and Dagenham,2025-03-01,Vehicle crime,174
Barking and Dagenham,2025-03-01,Violence and sexual offences,679
Barnet,2025-03-01,Anti-social behaviour,668
Barnet,2025-03-01,Bicycle theft,17
Barnet,2025-03-01,Burglary,203
Barnet,2025-03-01,Criminal damage and arson,172
Barnet,2025-03-01,Drugs,125
Barnet,2025-03-01,Other crime,29
Barnet,2025-03-01,Other theft,224
Barnet,2025-03-01,Possession of weapons,12
Barnet,2025-03-01,Public order,156
Barnet,2025-03-01,Robbery,49
Barnet,2025-03-01,Shoplifting,236
Barnet,2025-03-01,Theft from the person,104
Barnet,2025-03-01,Vehicle crime,347
Barnet,2025-03-01,Violence and sexual offences,715
Bexley,2025-03-01,Anti-social behaviour,323
Bexley,2025-03-01,Bicycle theft,5
Bexley,2025-03-01,Burglary,64
Bexley,2025-03-01,Criminal damage and arson,120
Bexley,2025-03-01,Drugs,81
Bexley,2025-03-01,Other crime,26
Bexley,2025-03-01,Other theft,107
Bexley,2025-03-01,Possession of weapons,7
Bexley,2025-03-01,Public order,92
Bexley,2025-03-01,Robbery,33
Bexley,2025-03-01,Shoplifting,164
Bexley,2025-03-01,Theft from the person,24
Bexley,2025-03-01,Vehicle crime,124
Bexley,2025-03-01,Violence and sexual offences,512
Brent,2025-03-01,Anti-social behaviour,803
Brent,2025-03-01,Bicycle theft,18
Brent,2025-03-01,Burglary,134
Brent,2025-03-01,Criminal damage and arson,176
Brent,2025-03-01,Drugs,181
Brent,2025-03-01,Other crime,37
Brent,2025-03-01,Other theft,260
Brent,2025-03-01,Possession of weapons,13
Brent,2025-03-01,Public order,175
Brent,2025-03-01,Robbery,84
Brent,2025-03-01,Shoplifting,245
Brent,2025-03-01,Theft from the person,262
Brent,2025-03-01,Vehicle crime,215
Brent,2025-03-01,Violence and sexual offences,850
Bromley,2025-03-01,Anti-social behaviour,471
Bromley,2025-03-01,Bicycle theft,6
Bromley,2025-03-01,Burglary,115
Bromley,2025-03-01,Criminal damage and arson,175
Bromley,2025-03-01,Drugs,99
Bromley,2025-03-01,Other crime,22
Bromley,2025-03-01,Other theft,120
Bromley,2025-03-01,Possession of weapons,11
Bromley,2025-03-01,Public order,146
Bromley,2025-03-01,Robbery,38
Bromley,2025-03-01,Shoplifting,269
Bromley,2025-03-01,Theft from the person,60
Bromley,2025-03-01,Vehicle crime,260
Bromley,2025-03-01,Violence and sexual offences,603
Camden,2025-03-01,Anti-social behaviour,712
Camden,2025-03-01,Bicycle theft,66
Camden,2025-03-01,Burglary,192
Camden,2025-03-01,Criminal damage and arson,114
Camden,2025-03-01,Drugs,150
Camden,2025-03-01,Other crime,30
Camden,2025-03-01,Other theft,572
Camden,2025-03-01,Possession of weapons,19
Camden,2025-03-01,Public order,181
Camden,2025-03-01,Robbery,106
Camden,2025-03-01,Shoplifting,310
Camden,2025-03-01,Theft from the person,729
Camden,2025-03-01,Vehicle crime,223
Camden,2025-03-01,Violence and sexual offences,611
City of London,2025-03-01,Anti-social behaviour,4
City of London,2025-03-01,Bicycle theft,7
City of London,2025-03-01,Burglary,3
City of London,2025-03-01,Criminal damage and arson,3
City of London,2025-03-01,Drugs,1
City of London,2025-03-01,Other theft,34
City of London,2025-03-01,Public order,3
City of London,2025-03-01,Robbery,3
City of London,2025-03-01,Shoplifting,17
City of London,2025-03-01,Theft from the person,40
City of London,2025-03-01,Vehicle crime,4
City of London,2025-03-01,Violence and sexual offences,22
Croydon,2025-03-01,Anti-social behaviour,679
Croydon,2025-03-01,Bicycle theft,23
Croydon,2025-03-01,Burglary,137
Croydon,2025-03-01,Criminal damage and arson,207
Croydon,2025-03-01,Drugs,255
Croydon,2025-03-01,Other crime,44
Croydon,2025-03-01,Other theft,221
Croydon,2025-03-01,Possession of weapons,12
Croydon,2025-03-01,Public order,188
Croydon,2025-03-01,Robbery,86
Croydon,2025-03-01,Shoplifting,252
Croydon,2025-03-01,Theft from the person,55
Croydon,2025-03-01,Vehicle crime,278
Croydon,2025-03-01,Violence and sexual offences,1086
Ealing,2025-03-01,Anti-social behaviour,916
Ealing,2025-03-01,Bicycle theft,19
Ealing,2025-03-01,Burglary,139
Ealing,2025-03-01,Criminal damage and arson,165
Ealing,2025-03-01,Drugs,113
Ealing,2025-03-01,Other crime,35
Ealing,2025-03-01,Other theft,186
Ealing,2025-03-01,Possession of weapons,10
Ealing,2025-03-01,Public order,185
Ealing,2025-03-01,Robbery,78
Ealing,2025-03-01,Shoplifting,365
Ealing,2025-03-01,Theft from the person,142
Ealing,2025-03-01,Vehicle crime,310
Ealing,2025-03-01,Violence and sexual offences,950
Enfield,2025-03-01,Anti-social behaviour,673
Enfield,2025-03-01,Bicycle theft,13
Enfield,2025-03-01,Burglary,151
Enfield,2025-03-01,Criminal damage and arson,153
Enfield,2025-03-01,Drugs,143
Enfield,2025-03-01,Other crime,49
Enfield,2025-03-01,Other theft,222
Enfield,2025-03-01,Possession of weapons,18
Enfield,2025-03-01,Public order,120
Enfield,2025-03-01,Robbery,83
Enfield,2025-03-01,Shoplifting,256
Enfield,2025-03-01,Theft from the person,136
Enfield,2025-03-01,Vehicle crime,345
Enfield,2025-03-01,Violence and sexual offences,767
Greenwich,2025-03-01,Anti-social behaviour,545
Greenwich,2025-03-01,Bicycle theft,16
Greenwich,2025-03-01,Burglary,126
Greenwich,2025-03-01,Criminal damage and arson,154
Greenwich,2025-03-01,Drugs,174
Greenwich,2025-03-01,Other crime,43
Greenwich,2025-03-01,Other theft,221
Greenwich,2025-03-01,Possession of weapons,24
Greenwich,2025-03-01,Public order,162
Greenwich,2025-03-01,Robbery,78
Greenwich,2025-03-01,Shoplifting,212
Greenwich,2025-03-01,Theft from the person,99
Greenwich,2025-03-01,Vehicle crime,209
Greenwich,2025-03-01,Violence and sexual offences,829
Hackney,2025-03-01,Anti-social behaviour,603
Hackney,2025-03-01,Bicycle theft,91
Hackney,2025-03-01,Burglary,166
Hackney,2025-03-01,Criminal damage and arson,118
Hackney,2025-03-01,Drugs,208
Hackney,2025-03-01,Other crime,39
Hackney,2025-03-01,Other theft,267
Hackney,2025-03-01,Possession of weapons,19
Hackney,2025-03-01,Public order,174
Hackney,2025-03-01,Robbery,145
Hackney,2025-03-01,Shoplifting,125
Hackney,2025-03-01,Theft from the person,419
Hackney,2025-03-01,Vehicle crime,177
Hackney,2025-03-01,Violence and sexual offences,667
Hammersmith and Fulham,2025-03-01,Anti-social behaviour,497
Hammersmith and Fulham,2025-03-01,Bicycle theft,33
Hammersmith and Fulham,2025-03-01,Burglary,75
Hammersmith and Fulham,2025-03-01,Criminal damage and arson,85
Hammersmith and Fulham,2025-03-01,Drugs,109
Hammersmith and Fulham,2025-03-01,Other crime,20
Hammersmith and Fulham,2025-03-01,Other theft,181
Hammersmith and Fulham,2025-03-01,Possession of weapons,9
Hammersmith and Fulham,2025-03-01,Public order,123
Hammersmith and Fulham,2025-03-01,Robbery,35
Hammersmith and Fulham,2025-03-01,Shoplifting,177
Hammersmith and Fulham,2025-03-01,Theft from the person,97
Hammersmith and Fulham,2025-03-01,Vehicle crime,155
Hammersmith and Fulham,2025-03-01,Violence and sexual offences,594
Haringey,2025-03-01,Anti-social behaviour,694
Haringey,2025-03-01,Bicycle theft,21
Haringey,2025-03-01,Burglary,136
Haringey,2025-03-01,Criminal damage and arson,138
Haringey,2025-03-01,Drugs,170
Haringey,2025-03-01,Other crime,46
Haringey,2025-03-01,Other theft,184
Haringey,2025-03-01,Possession of weapons,16
Haringey,2025-03-01,Public order,154
Haringey,2025-03-01,Robbery,96
Haringey,2025-03-01,Shoplifting,155
Haringey,2025-03-01,Theft from the person,223
Haringey,2025-03-01,Vehicle crime,261
Haringey,2025-03-01,Violence and sexual offences,690
Harrow,2025-03-01,Anti-social behaviour,397
Harrow,2025-03-01,Bicycle theft,6
Harrow,2025-03-01,Burglary,114
Harrow,2025-03-01,Criminal damage and arson,89
Harrow,2025-03-01,Drugs,60
Harrow,2025-03-01,Other crime,13
Harrow,2025-03-01,Other theft,117
Harrow,2025-03-01,Possession of weapons,2
Harrow,2025-03-01,Public order,62
Harrow,2025-03-01,Robbery,37
Harrow,2025-03-01,Shoplifting,133
Harrow,2025-03-01,Theft from the person,88
Harrow,2025-03-01,Vehicle crime,132
Harrow,2025-03-01,Violence and sexual offences,433
Havering,2025-03-01,Anti-social behaviour,421
Havering,2025-03-01,Bicycle theft,10
Havering,2025-03-01,Burglary,58
Havering,2025-03-01,Criminal damage and arson,112
Havering,2025-03-01,Drugs,106
Havering,2025-03-01,Other crime,25
Havering,2025-03-01,Other theft,100
Havering,2025-03-01,Possession of weapons,7
Havering,2025-03-01,Public order,105
Havering,2025-03-01,Robbery,52
Havering,2025-03-01,Shoplifting,174
Havering,2025-03-01,Theft from the person,50
Havering,2025-03-01,Vehicle crime,197
Havering,2025-03-01,Violence and sexual offences,615
Hillingdon,2025-03-01,Anti-social behaviour,727
Hillingdon,2025-03-01,Bicycle theft,19
Hillingdon,2025-03-01,Burglary,149
Hillingdon,2025-03-01,Criminal damage and arson,195
Hillingdon,2025-03-01,Drugs,66
Hillingdon,2025-03-01,Other crime,169
Hillingdon,2025-03-01,Other theft,257
Hillingdon,2025-03-01,Possession of weapons,14
Hillingdon,2025-03-01,Public order,145
Hillingdon,2025-03-01,Robbery,46
Hillingdon,2025-03-01,Shoplifting,191
Hillingdon,2025-03-01,Theft from the person,86
Hillingdon,2025-03-01,Vehicle crime,287
Hillingdon,2025-03-01,Violence and sexual offences,791
Hounslow,2025-03-01,Anti-social behaviour,561
Hounslow,2025-03-01,Bicycle theft,36
Hounslow,2025-03-01,Burglary,84
Hounslow,2025-03-01,Criminal damage and arson,167
Hounslow,2025-03-01,Drugs,77
Hounslow,2025-03-01,Other crime,33
Hounslow,2025-03-01,Other theft,141
Hounslow,2025-03-01,Possession of weapons,17
Hounslow,2025-03-01,Public order,159
Hounslow,2025-03-01,Robbery,36
Hounslow,2025-03-01,Shoplifting,164
Hounslow,2025-03-01,Theft from the person,92
Hounslow,2025-03-01,Vehicle crime,270
Hounslow,2025-03-01,Violence and sexual offences,742
Islington,2025-03-01,Anti-social behaviour,738
Islington,2025-03-01,Bicycle theft,73
Islington,2025-03-01,Burglary,142
Islington,2025-03-01,Criminal damage and arson,179
Islington,2025-03-01,Drugs,134
Islington,2025-03-01,Other crime,28
Islington,2025-03-01,Other theft,244
Islington,2025-03-01,Possession of weapons,15
Islington,2025-03-01,Public order,167
Islington,2025-03-01,Robbery,133
Islington,2025-03-01,Shoplifting,281
Islington,2025-03-01,Theft from the person,361
Islington,2025-03-01,Vehicle crime,274
Islington,2025-03-01,Violence and sexual offences,710
Kensington and Chelsea,2025-03-01,Anti-social behaviour,424
Kensington and Chelsea,2025-03-01,Bicycle theft,16
Kensington and Chelsea,2025-03-01,Burglary,103
Kensington and Chelsea,2025-03-01,Criminal damage and arson,91
Kensington and Chelsea,2025-03-01,Drugs,51
Kensington and Chelsea,2025-03-01,Other crime,20
Kensington and Chelsea,2025-03-01,Other theft,214
Kensington and Chelsea,2025-03-01,Possession of weapons,8
Kensington and Chelsea,2025-03-01,Public order,92
Kensington and Chelsea,2025-03-01,Robbery,49
Kensington and Chelsea,2025-03-01,Shoplifting,229
Kensington and Chelsea,2025-03-01,Theft from the person,203
Kensington and Chelsea,2025-03-01,Vehicle crime,246
Kensington and Chelsea,2025-03-01,Violence and sexual offences,410
Kingston upon Thames,2025-03-01,Anti-social behaviour,274
Kingston upon Thames,2025-03-01,Bicycle theft,16
Kingston upon Thames,2025-03-01,Burglary,50
Kingston upon Thames,2025-03-01,Criminal damage and arson,69
Kingston upon Thames,2025-03-01,Drugs,74
Kingston upon Thames,2025-03-01,Other crime,20
Kingston upon Thames,2025-03-01,Other theft,86
Kingston upon Thames,2025-03-01,Possession of weapons,5
Kingston upon Thames,2025-03-01,Public order,71
Kingston upon Thames,2025-03-01,Robbery,17
Kingston upon Thames,2025-03-01,Shoplifting,141
Kingston upon Thames,2025-03-01,Theft from the person,32
Kingston upon Thames,2025-03-01,Vehicle crime,86
Kingston upon Thames,2025-03-01,Violence and sexual offences,327
Lambeth,2025-03-01,Anti-social behaviour,714
Lambeth,2025-03-01,Bicycle theft,58
Lambeth,2025-03-01,Burglary,146
Lambeth,2025-03-01,Criminal damage and arson,166
Lambeth,2025-03-01,Drugs,161
Lambeth,2025-03-01,Other crime,47
Lambeth,2025-03-01,Other theft,328
Lambeth,2025-03-01,Possession of weapons,18
Lambeth,2025-03-01,Public order,173
Lambeth,2025-03-01,Robbery,119
Lambeth,2025-03-01,Shoplifting,214
Lambeth,2025-03-01,Theft from the person,483
Lambeth,2025-03-01,Vehicle crime,191
Lambeth,2025-03-01,Violence and sexual offences,801
Lewisham,2025-03-01,Anti-social behaviour,578
Lewisham,2025-03-01,Bicycle theft,21
Lewisham,2025-03-01,Burglary,142
Lewisham,2025-03-01,Criminal damage and arson,172
Lewisham,2025-03-01,Drugs,169
Lewisham,2025-03-01,Other crime,46
Lewisham,2025-03-01,Other theft,195
Lewisham,2025-03-01,Possession of weapons,18
Lewisham,2025-03-01,Public order,178
Lewisham,2025-03-01,Robbery,77
Lewisham,2025-03-01,Shoplifting,144
Lewisham,2025-03-01,Theft from the person,96
Lewisham,2025-03-01,Vehicle crime,219
Lewisham,2025-03-01,Violence and sexual offences,806
Merton,2025-03-01,Anti-social behaviour,319
Merton,2025-03-01,Bicycle theft,7
Merton,2025-03-01,Burglary,52
Merton,2025-03-01,Criminal damage and arson,90
Merton,2025-03-01,Drugs,68
Merton,2025-03-01,Other crime,13
Merton,2025-03-01,Other theft,80
Merton,2025-03-01,Possession of weapons,8
Merton,2025-03-01,Public order,71
Merton,2025-03-01,Robbery,40
Merton,2025-03-01,Shoplifting,201
Merton,2025-03-01,Theft from the person,35
Merton,2025-03-01,Vehicle crime,121
Merton,2025-03-01,Violence and sexual offences,415
Newham,2025-03-01,Anti-social behaviour,735
Newham,2025-03-01,Bicycle theft,27
Newham,2025-03-01,Burglary,118
Newham,2025-03-01,Criminal damage and arson,180
Newham,2025-03-01,Drugs,255
Newham,2025-03-01,Other crime,49
Newham,2025-03-01,Other theft,387
Newham,2025-03-01,Possession of weapons,35
Newham,2025-03-01,Public order,163
Newham,2025-03-01,Robbery,140
Newham,2025-03-01,Shoplifting,354
Newham,2025-03-01,Theft from the person,431
Newham,2025-03-01,Vehicle crime,278
Newham,2025-03-01,Violence and sexual offences,924
Redbridge,2025-03-01,Anti-social behaviour,538
Redbridge,2025-03-01,Bicycle theft,14
Redbridge,2025-03-01,Burglary,86
Redbridge,2025-03-01,Criminal damage and arson,113
Redbridge,2025-03-01,Drugs,82
Redbridge,2025-03-01,Other crime,32
Redbridge,2025-03-01,Other theft,168
Redbridge,2025-03-01,Possession of weapons,12
Redbridge,2025-03-01,Public order,122
Redbridge,2025-03-01,Robbery,83
Redbridge,2025-03-01,Shoplifting,192
Redbridge,2025-03-01,Theft from the person,127
Redbridge,2025-03-01,Vehicle crime,203
Redbridge,2025-03-01,Violence and sexual offences,648
Richmond upon Thames,2025-03-01,Anti-social behaviour,265
Richmond upon Thames,2025-03-01,Bicycle theft,26
Richmond upon Thames,2025-03-01,Burglary,77
Richmond upon Thames,2025-03-01,Criminal damage and arson,72
Richmond upon Thames,2025-03-01,Drugs,33
Richmond upon Thames,2025-03-01,Other crime,11
Richmond upon Thames,2025-03-01,Other theft,94
Richmond upon Thames,2025-03-01,Possession of weapons,6
Richmond upon Thames,2025-03-01,Public order,74
Richmond upon Thames,2025-03-01,Robbery,20
Richmond upon Thames,2025-03-01,Shoplifting,110
Richmond upon Thames,2025-03-01,Theft from the person,22
Richmond upon Thames,2025-03-01,Vehicle crime,167
Richmond upon Thames,2025-03-01,Violence and sexual offences,292
Southwark,2025-03-01,Anti-social behaviour,778
Southwark,2025-03-01,Bicycle theft,72
Southwark,2025-03-01,Burglary,238
Southwark,2025-03-01,Criminal damage and arson,158
Southwark,2025-03-01,Drugs,178
Southwark,2025-03-01,Other crime,31
Southwark,2025-03-01,Other theft,358
Southwark,2025-03-01,Possession of weapons,14
Southwark,2025-03-01,Public order,161
Southwark,2025-03-01,Robbery,171
Southwark,2025-03-01,Shoplifting,286
Southwark,2025-03-01,Theft from the person,640
Southwark,2025-03-01,Vehicle crime,215
Southwark,2025-03-01,Violence and sexual offences,826
Sutton,2025-03-01,Anti-social behaviour,292
Sutton,2025-03-01,Bicycle theft,9
Sutton,2025-03-01,Burglary,65
Sutton,2025-03-01,Criminal damage and arson,83
Sutton,2025-03-01,Drugs,64
Sutton,2025-03-01,Other crime,14
Sutton,2025-03-01,Other theft,70
Sutton,2025-03-01,Possession of weapons,4
Sutton,2025-03-01,Public order,74
Sutton,2025-03-01,Robbery,30
Sutton,2025-03-01,Shoplifting,92
Sutton,2025-03-01,Theft from the person,22
Sutton,2025-03-01,Vehicle crime,110
Sutton,2025-03-01,Violence and sexual offences,444
Tower Hamlets,2025-03-01,Anti-social behaviour,901
Tower Hamlets,2025-03-01,Bicycle theft,103
Tower Hamlets,2025-03-01,Burglary,150
Tower Hamlets,2025-03-01,Criminal damage and arson,182
Tower Hamlets,2025-03-01,Drugs,168
Tower Hamlets,2025-03-01,Other crime,39
Tower Hamlets,2025-03-01,Other theft,345
Tower Hamlets,2025-03-01,Possession of weapons,23
Tower Hamlets,2025-03-01,Public order,225
Tower Hamlets,2025-03-01,Robbery,114
Tower Hamlets,2025-03-01,Shoplifting,169
Tower Hamlets,2025-03-01,Theft from the person,247
Tower Hamlets,2025-03-01,Vehicle crime,158
Tower Hamlets,2025-03-01,Violence and sexual offences,959
Waltham Forest,2025-03-01,Anti-social behaviour,546
Waltham Forest,2025-03-01,Bicycle theft,42
Waltham Forest,2025-03-01,Burglary,111
Waltham Forest,2025-03-01,Criminal damage and arson,142
Waltham Forest,2025-03-01,Drugs,130
Waltham Forest,2025-03-01,Other crime,38
Waltham Forest,2025-03-01,Other theft,221
Waltham Forest,2025-03-01,Possession of weapons,12
Waltham Forest,2025-03-01,Public order,127
Waltham Forest,2025-03-01,Robbery,85
Waltham Forest,2025-03-01,Shoplifting,207
Waltham Forest,2025-03-01,Theft from the person,129
Waltham Forest,2025-03-01,Vehicle crime,211
Waltham Forest,2025-03-01,Violence and sexual offences,597
Wandsworth,2025-03-01,Anti-social behaviour,628
Wandsworth,2025-03-01,Bicycle theft,46
Wandsworth,2025-03-01,Burglary,124
Wandsworth,2025-03-01,Criminal damage and arson,151
Wandsworth,2025-03-01,Drugs,78
Wandsworth,2025-03-01,Other crime,37
Wandsworth,2025-03-01,Other theft,216
Wandsworth,2025-03-01,Possession of weapons,10
Wandsworth,2025-03-01,Public order,125
Wandsworth,2025-03-01,Robbery,59
Wandsworth,2025-03-01,Shoplifting,231
Wandsworth,2025-03-01,Theft from the person,119
Wandsworth,2025-03-01,Vehicle crime,244
Wandsworth,2025-03-01,Violence and sexual offences,648
Westminster,2025-03-01,Anti-social behaviour,1102
Westminster,2025-03-01,Bicycle theft,78
Westminster,2025-03-01,Burglary,219
Westminster,2025-03-01,Criminal damage and arson,214
Westminster,2025-03-01,Drugs,155
Westminster,2025-03-01,Other crime,51
Westminster,2025-03-01,Other theft,1243
Westminster,2025-03-01,Possession of weapons,16
Westminster,2025-03-01,Public order,265
Westminster,2025-03-01,Robbery,231
Westminster,2025-03-01,Shoplifting,602
Westminster,2025-03-01,Theft from the person,2557
Westminster,2025-03-01,Vehicle crime,355
Westminster,2025-03-01,Violence and sexual offences,1035
Barking and Dagenham,2025-04-01,Anti-social behaviour,371
Barking and Dagenham,2025-04-01,Bicycle theft,8
Barking and Dagenham,2025-04-01,Burglary,60
Barking and Dagenham,2025-04-01,Criminal damage and arson,133
Barking and Dagenham,2025-04-01,Drugs,156
Barking and Dagenham,2025-04-01,Other crime,33
Barking and Dagenham,2025-04-01,Other theft,135
Barking and Dagenham,2025-04-01,Possession of weapons,12
Barking and Dagenham,2025-04-01,Public order,109
Barking and Dagenham,2025-04-01,Robbery,86
Barking and Dagenham,2025-04-01,Shoplifting,84
Barking and Dagenham,2025-04-01,Theft from the person,53
Barking and Dagenham,2025-04-01,Vehicle crime,171
Barking and Dagenham,2025-04-01,Violence and sexual offences,700
Barnet,2025-04-01,Anti-social behaviour,633
Barnet,2025-04-01,Bicycle theft,15
Barnet,2025-04-01,Burglary,158
Barnet,2025-04-01,Criminal damage and arson,163
Barnet,2025-04-01,Drugs,223
Barnet,2025-04-01,Other crime,29
Barnet,2025-04-01,Other theft,201
Barnet,2025-04-01,Possession of weapons,15
Barnet,2025-04-01,Public order,145
Barnet,2025-04-01,Robbery,46
Barnet,2025-04-01,Shoplifting,216
Barnet,2025-04-01,Theft from the person,90
Barnet,2025-04-01,Vehicle crime,268
Barnet,2025-04-01,Violence and sexual offences,670
Bexley,2025-04-01,Anti-social behaviour,344
Bexley,2025-04-01,Bicycle theft,4
Bexley,2025-04-01,Burglary,49
Bexley,2025-04-01,Criminal damage and arson,146
Bexley,2025-04-01,Drugs,85
Bexley,2025-04-01,Other crime,27
Bexley,2025-04-01,Other theft,89
Bexley,2025-04-01,Possession of weapons,8
Bexley,2025-04-01,Public order,88
Bexley,2025-04-01,Robbery,23
Bexley,2025-04-01,Shoplifting,124
Bexley,2025-04-01,Theft from the person,24
Bexley,2025-04-01,Vehicle crime,150
Bexley,2025-04-01,Violence and sexual offences,452
Brent,2025-04-01,Anti-social behaviour,848
Brent,2025-04-01,Bicycle theft,21
Brent,2025-04-01,Burglary,113
Brent,2025-04-01,Criminal damage and arson,169
Brent,2025-04-01,Drugs,181
Brent,2025-04-01,Other crime,36
Brent,2025-04-01,Other theft,253
Brent,2025-04-01,Possession of weapons,24
Brent,2025-04-01,Public order,145
Brent,2025-04-01,Robbery,92
Brent,2025-04-01,Shoplifting,252
Brent,2025-04-01,Theft from the person,200
Brent,2025-04-01,Vehicle crime,209
Brent,2025-04-01,Violence and sexual offences,838
Bromley,2025-04-01,Anti-social behaviour,508
Bromley,2025-04-01,Bicycle theft,7
Bromley,2025-04-01,Burglary,115
Bromley,2025-04-01,Criminal damage and arson,191
Bromley,2025-04-01,Drugs,97
Bromley,2025-04-01,Other crime,26
Bromley,2025-04-01,Other theft,130
Bromley,2025-04-01,Possession of weapons,9
Bromley,2025-04-01,Public order,146
Bromley,2025-04-01,Robbery,55
Bromley,2025-04-01,Shoplifting,341
Bromley,2025-04-01,Theft from the person,53
Bromley,2025-04-01,Vehicle crime,243
Bromley,2025-04-01,Violence and sexual offences,609
Camden,2025-04-01,Anti-social behaviour,750
Camden,2025-04-01,Bicycle theft,89
Camden,2025-04-01,Burglary,176
Camden,2025-04-01,Criminal damage and arson,132
Camden,2025-04-01,Drugs,131
Camden,2025-04-01,Other crime,31
Camden,2025-04-01,Other theft,615
Camden,2025-04-01,Possession of weapons,12
Camden,2025-04-01,Public order,179
Camden,2025-04-01,Robbery,100
Camden,2025-04-01,Shoplifting,312
Camden,2025-04-01,Theft from the person,653
Camden,2025-04-01,Vehicle crime,201
Camden,2025-04-01,Violence and sexual offences,571
City of London,2025-04-01,Anti-social behaviour,7
City of London,2025-04-01,Bicycle theft,3
City of London,2025-04-01,Burglary,8
City of London,2025-04-01,Criminal damage and arson,4
City of London,2025-04-01,Drugs,3
City of London,2025-04-01,Other theft,52
City of London,2025-04-01,Possession of weapons,1
City of London,2025-04-01,Public order,6
City of London,2025-04-01,Robbery,3
City of London,2025-04-01,Shoplifting,30
City of London,2025-04-01,Theft from the person,53
City of London,2025-04-01,Vehicle crime,5
City of London,2025-04-01,Violence and sexual offences,15
Croydon,2025-04-01,Anti-social behaviour,742
Croydon,2025-04-01,Bicycle theft,12
Croydon,2025-04-01,Burglary,133
Croydon,2025-04-01,Criminal damage and arson,215
Croydon,2025-04-01,Drugs,256
Croydon,2025-04-01,Other crime,51
Croydon,2025-04-01,Other theft,210
Croydon,2025-04-01,Possession of weapons,24
Croydon,2025-04-01,Public order,198
Croydon,2025-04-01,Robbery,79
Croydon,2025-04-01,Shoplifting,317
Croydon,2025-04-01,Theft from the person,59
Croydon,2025-04-01,Vehicle crime,284
Croydon,2025-04-01,Violence and sexual offences,945
Ealing,2025-04-01,Anti-social behaviour,962
Ealing,2025-04-01,Bicycle theft,44
Ealing,2025-04-01,Burglary,114
Ealing,2025-04-01,Criminal damage and arson,181
Ealing,2025-04-01,Drugs,175
Ealing,2025-04-01,Other crime,42
Ealing,2025-04-01,Other theft,230
Ealing,2025-04-01,Possession of weapons,13
Ealing,2025-04-01,Public order,175
Ealing,2025-04-01,Robbery,61
Ealing,2025-04-01,Shoplifting,268
Ealing,2025-04-01,Theft from the person,146
Ealing,2025-04-01,Vehicle crime,314
Ealing,2025-04-01,Violence and sexual offences,903
Enfield,2025-04-01,Anti-social behaviour,651
Enfield,2025-04-01,Bicycle theft,17
Enfield,2025-04-01,Burglary,126
Enfield,2025-04-01,Criminal damage and arson,170
Enfield,2025-04-01,Drugs,170
Enfield,2025-04-01,Other crime,35
Enfield,2025-04-01,Other theft,181
Enfield,2025-04-01,Possession of weapons,22
Enfield,2025-04-01,Public order,112
Enfield,2025-04-01,Robbery,99
Enfield,2025-04-01,Shoplifting,210
Enfield,2025-04-01,Theft from the person,131
Enfield,2025-04-01,Vehicle crime,299
Enfield,2025-04-01,Violence and sexual offences,723
Greenwich,2025-04-01,Anti-social behaviour,572
Greenwich,2025-04-01,Bicycle theft,34
Greenwich,2025-04-01,Burglary,115
Greenwich,2025-04-01,Criminal damage and arson,165
Greenwich,2025-04-01,Drugs,167
Greenwich,2025-04-01,Other crime,54
Greenwich,2025-04-01,Other theft,231
Greenwich,2025-04-01,Possession of weapons,12
Greenwich,2025-04-01,Public order,157
Greenwich,2025-04-01,Robbery,67
Greenwich,2025-04-01,Shoplifting,245
Greenwich,2025-04-01,Theft from the person,76
Greenwich,2025-04-01,Vehicle crime,219
Greenwich,2025-04-01,Violence and sexual offences,823
Hackney,2025-04-01,Anti-social behaviour,678
Hackney,2025-04-01,Bicycle theft,78
Hackney,2025-04-01,Burglary,149
Hackney,2025-04-01,Criminal damage and arson,142
Hackney,2025-04-01,Drugs,177
Hackney,2025-04-01,Other crime,36
Hackney,2025-04-01,Other theft,286
Hackney,2025-04-01,Possession of weapons,19
Hackney,2025-04-01,Public order,155
Hackney,2025-04-01,Robbery,118
Hackney,2025-04-01,Shoplifting,135
Hackney,2025-04-01,Theft from the person,372
Hackney,2025-04-01,Vehicle crime,148
Hackney,2025-04-01,Violence and sexual offences,686
Hammersmith and Fulham,2025-04-01,Anti-social behaviour,464
Hammersmith and Fulham,2025-04-01,Bicycle theft,39
Hammersmith and Fulham,2025-04-01,Burglary,109
Hammersmith and Fulham,2025-04-01,Criminal damage and arson,90
Hammersmith and Fulham,2025-04-01,Drugs,123
Hammersmith and Fulham,2025-04-01,Other crime,28
Hammersmith and Fulham,2025-04-01,Other theft,197
Hammersmith and Fulham,2025-04-01,Possession of weapons,13
Hammersmith and Fulham,2025-04-01,Public order,139
Hammersmith and Fulham,2025-04-01,Robbery,48
Hammersmith and Fulham,2025-04-01,Shoplifting,189
Hammersmith and Fulham,2025-04-01,Theft from the person,98
Hammersmith and Fulham,2025-04-01,Vehicle crime,131
Hammersmith and Fulham,2025-04-01,Violence and sexual offences,525
Haringey,2025-04-01,Anti-social behaviour,723
Haringey,2025-04-01,Bicycle theft,26
Haringey,2025-04-01,Burglary,112
Haringey,2025-04-01,Criminal damage and arson,137
Haringey,2025-04-01,Drugs,185
Haringey,2025-04-01,Other crime,24
Haringey,2025-04-01,Other theft,200
Haringey,2025-04-01,Possession of weapons,18
Haringey,2025-04-01,Public order,130
Haringey,2025-04-01,Robbery,122
Haringey,2025-04-01,Shoplifting,157
Haringey,2025-04-01,Theft from the person,215
Haringey,2025-04-01,Vehicle crime,241
Haringey,2025-04-01,Violence and sexual offences,666
Harrow,2025-04-01,Anti-social behaviour,449
Harrow,2025-04-01,Bicycle theft,3
Harrow,2025-04-01,Burglary,67
Harrow,2025-04-01,Criminal damage and arson,96
Harrow,2025-04-01,Drugs,93
Harrow,2025-04-01,Other crime,27
Harrow,2025-04-01,Other theft,101
Harrow,2025-04-01,Possession of weapons,18
Harrow,2025-04-01,Public order,71
Harrow,2025-04-01,Robbery,39
Harrow,2025-04-01,Shoplifting,81
Harrow,2025-04-01,Theft from the person,101
Harrow,2025-04-01,Vehicle crime,158
Harrow,2025-04-01,Violence and sexual offences,434
Havering,2025-04-01,Anti-social behaviour,417
Havering,2025-04-01,Bicycle theft,7
Havering,2025-04-01,Burglary,73
Havering,2025-04-01,Criminal damage and arson,114
Havering,2025-04-01,Drugs,96
Havering,2025-04-01,Other crime,31
Havering,2025-04-01,Other theft,130
Havering,2025-04-01,Possession of weapons,8
Havering,2025-04-01,Public order,92
Havering,2025-04-01,Robbery,52
Havering,2025-04-01,Shoplifting,196
Havering,2025-04-01,Theft from the person,30
Havering,2025-04-01,Vehicle crime,199
Havering,2025-04-01,Violence and sexual offences,541
Hillingdon,2025-04-01,Anti-social behaviour,809
Hillingdon,2025-04-01,Bicycle theft,22
Hillingdon,2025-04-01,Burglary,83
Hillingdon,2025-04-01,Criminal damage and arson,181
Hillingdon,2025-04-01,Drugs,116
Hillingdon,2025-04-01,Other crime,137
Hillingdon,2025-04-01,Other theft,242
Hillingdon,2025-04-01,Possession of weapons,28
Hillingdon,2025-04-01,Public order,184
Hillingdon,2025-04-01,Robbery,51
Hillingdon,2025-04-01,Shoplifting,211
Hillingdon,2025-04-01,Theft from the person,95
Hillingdon,2025-04-01,Vehicle crime,263
Hillingdon,2025-04-01,Violence and sexual offences,825
Hounslow,2025-04-01,Anti-social behaviour,571
Hounslow,2025-04-01,Bicycle theft,67
Hounslow,2025-04-01,Burglary,77
Hounslow,2025-04-01,Criminal damage and arson,168
Hounslow,2025-04-01,Drugs,122
Hounslow,2025-04-01,Other crime,43
Hounslow,2025-04-01,Other theft,177
Hounslow,2025-04-01,Possession of weapons,13
Hounslow,2025-04-01,Public order,139
Hounslow,2025-04-01,Robbery,52
Hounslow,2025-04-01,Shoplifting,175
Hounslow,2025-04-01,Theft from the person,68
Hounslow,2025-04-01,Vehicle crime,189
Hounslow,2025-04-01,Violence and sexual offences,769
Islington,2025-04-01,Anti-social behaviour,761
Islington,2025-04-01,Bicycle theft,65
Islington,2025-04-01,Burglary,153
Islington,2025-04-01,Criminal damage and arson,144
Islington,2025-04-01,Drugs,213
Islington,2025-04-01,Other crime,33
Islington,2025-04-01,Other theft,336
Islington,2025-04-01,Possession of weapons,17
Islington,2025-04-01,Public order,164
Islington,2025-04-01,Robbery,96
Islington,2025-04-01,Shoplifting,222
Islington,2025-04-01,Theft from the person,418
Islington,2025-04-01,Vehicle crime,198
Islington,2025-04-01,Violence and sexual offences,626
Kensington and Chelsea,2025-04-01,Anti-social behaviour,433
Kensington and Chelsea,2025-04-01,Bicycle theft,31
Kensington and Chelsea,2025-04-01,Burglary,96
Kensington and Chelsea,2025-04-01,Criminal damage and arson,78
Kensington and Chelsea,2025-04-01,Drugs,66
Kensington and Chelsea,2025-04-01,Other crime,12
Kensington and Chelsea,2025-04-01,Other theft,217
Kensington and Chelsea,2025-04-01,Possession of weapons,12
Kensington and Chelsea,2025-04-01,Public order,117
Kensington and Chelsea,2025-04-01,Robbery,59
Kensington and Chelsea,2025-04-01,Shoplifting,209
Kensington and Chelsea,2025-04-01,Theft from the person,193
Kensington and Chelsea,2025-04-01,Vehicle crime,179
Kensington and Chelsea,2025-04-01,Violence and sexual offences,443
Kingston upon Thames,2025-04-01,Anti-social behaviour,268
Kingston upon Thames,2025-04-01,Bicycle theft,18
Kingston upon Thames,2025-04-01,Burglary,55
Kingston upon Thames,2025-04-01,Criminal damage and arson,68
Kingston upon Thames,2025-04-01,Drugs,41
Kingston upon Thames,2025-04-01,Other crime,13
Kingston upon Thames,2025-04-01,Other theft,83
Kingston upon Thames,2025-04-01,Possession of weapons,9
Kingston upon Thames,2025-04-01,Public order,60
Kingston upon Thames,2025-04-01,Robbery,17
Kingston upon Thames,2025-04-01,Shoplifting,116
Kingston upon Thames,2025-04-01,Theft from the person,38
Kingston upon Thames,2025-04-01,Vehicle crime,93
Kingston upon Thames,2025-04-01,Violence and sexual offences,285
Lambeth,2025-04-01,Anti-social behaviour,796
Lambeth,2025-04-01,Bicycle theft,58
Lambeth,2025-04-01,Burglary,129
Lambeth,2025-04-01,Criminal damage and arson,178
Lambeth,2025-04-01,Drugs,182
Lambeth,2025-04-01,Other crime,48
Lambeth,2025-04-01,Other theft,332
Lambeth,2025-04-01,Possession of weapons,21
Lambeth,2025-04-01,Public order,195
Lambeth,2025-04-01,Robbery,148
Lambeth,2025-04-01,Shoplifting,276
Lambeth,2025-04-01,Theft from the person,521
Lambeth,2025-04-01,Vehicle crime,182
Lambeth,2025-04-01,Violence and sexual offences,902
Lewisham,2025-04-01,Anti-social behaviour,550
Lewisham,2025-04-01,Bicycle theft,29
Lewisham,2025-04-01,Burglary,137
Lewisham,2025-04-01,Criminal damage and arson,182
Lewisham,2025-04-01,Drugs,161
Lewisham,2025-04-01,Other crime,36
Lewisham,2025-04-01,Other theft,197
Lewisham,2025-04-01,Possession of weapons,23
Lewisham,2025-04-01,Public order,180
Lewisham,2025-04-01,Robbery,75
Lewisham,2025-04-01,Shoplifting,141
Lewisham,2025-04-01,Theft from the person,111
Lewisham,2025-04-01,Vehicle crime,283
Lewisham,2025-04-01,Violence and sexual offences,835
Merton,2025-04-01,Anti-social behaviour,305
Merton,2025-04-01,Bicycle theft,22
Merton,2025-04-01,Burglary,65
Merton,2025-04-01,Criminal damage and arson,93
Merton,2025-04-01,Drugs,80
Merton,2025-04-01,Other crime,22
Merton,2025-04-01,Other theft,93
Merton,2025-04-01,Possession of weapons,8
Merton,2025-04-01,Public order,67
Merton,2025-04-01,Robbery,36
Merton,2025-04-01,Shoplifting,172
Merton,2025-04-01,Theft from the person,30
Merton,2025-04-01,Vehicle crime,119
Merton,2025-04-01,Violence and sexual offences,371
Newham,2025-04-01,Anti-social behaviour,805
Newham,2025-04-01,Bicycle theft,39
Newham,2025-04-01,Burglary,126
Newham,2025-04-01,Criminal damage and arson,179
Newham,2025-04-01,Drugs,230
Newham,2025-04-01,Other crime,41
Newham,2025-04-01,Other theft,307
Newham,2025-04-01,Possession of weapons,16
Newham,2025-04-01,Public order,143
Newham,2025-04-01,Robbery,145
Newham,2025-04-01,Shoplifting,355
Newham,2025-04-01,Theft from the person,351
Newham,2025-04-01,Vehicle crime,325
Newham,2025-04-01,Violence and sexual offences,930
Redbridge,2025-04-01,Anti-social behaviour,528
Redbridge,2025-04-01,Bicycle theft,21
Redbridge,2025-04-01,Burglary,71
Redbridge,2025-04-01,Criminal damage and arson,120
Redbridge,2025-04-01,Drugs,90
Redbridge,2025-04-01,Other crime,25
Redbridge,2025-04-01,Other theft,180
Redbridge,2025-04-01,Possession of weapons,8
Redbridge,2025-04-01,Public order,110
Redbridge,2025-04-01,Robbery,107
Redbridge,2025-04-01,Shoplifting,170
Redbridge,2025-04-01,Theft from the person,146
Redbridge,2025-04-01,Vehicle crime,225
Redbridge,2025-04-01,Violence and sexual offences,704
Richmond upon Thames,2025-04-01,Anti-social behaviour,267
Richmond upon Thames,2025-04-01,Bicycle theft,46
Richmond upon Thames,2025-04-01,Burglary,70
Richmond upon Thames,2025-04-01,Criminal damage and arson,63
Richmond upon Thames,2025-04-01,Drugs,53
Richmond upon Thames,2025-04-01,Other crime,15
Richmond upon Thames,2025-04-01,Other theft,91
Richmond upon Thames,2025-04-01,Possession of weapons,8
Richmond upon Thames,2025-04-01,Public order,53
Richmond upon Thames,2025-04-01,Robbery,20
Richmond upon Thames,2025-04-01,Shoplifting,114
Richmond upon Thames,2025-04-01,Theft from the person,22
Richmond upon Thames,2025-04-01,Vehicle crime,142
Richmond upon Thames,2025-04-01,Violence and sexual offences,276
Southwark,2025-04-01,Anti-social behaviour,800
Southwark,2025-04-01,Bicycle theft,82
Southwark,2025-04-01,Burglary,197
Southwark,2025-04-01,Criminal damage and arson,166
Southwark,2025-04-01,Drugs,160
Southwark,2025-04-01,Other crime,43
Southwark,2025-04-01,Other theft,356
Southwark,2025-04-01,Possession of weapons,17
Southwark,2025-04-01,Public order,164
Southwark,2025-04-01,Robbery,161
Southwark,2025-04-01,Shoplifting,227
Southwark,2025-04-01,Theft from the person,612
Southwark,2025-04-01,Vehicle crime,195
Southwark,2025-04-01,Violence and sexual offences,734
Sutton,2025-04-01,Anti-social behaviour,261
Sutton,2025-04-01,Bicycle theft,14
Sutton,2025-04-01,Burglary,73
Sutton,2025-04-01,Criminal damage and arson,98
Sutton,2025-04-01,Drugs,48
Sutton,2025-04-01,Other crime,15
Sutton,2025-04-01,Other theft,77
Sutton,2025-04-01,Possession of weapons,7
Sutton,2025-04-01,Public order,79
Sutton,2025-04-01,Robbery,19
Sutton,2025-04-01,Shoplifting,151
Sutton,2025-04-01,Theft from the person,24
Sutton,2025-04-01,Vehicle crime,101
Sutton,2025-04-01,Violence and sexual offences,411
Tower Hamlets,2025-04-01,Anti-social behaviour,914
Tower Hamlets,2025-04-01,Bicycle theft,83
Tower Hamlets,2025-04-01,Burglary,157
Tower Hamlets,2025-04-01,Criminal damage and arson,182
Tower Hamlets,2025-04-01,Drugs,221
Tower Hamlets,2025-04-01,Other crime,36
Tower Hamlets,2025-04-01,Other theft,336
Tower Hamlets,2025-04-01,Possession of weapons,16
Tower Hamlets,2025-04-01,Public order,189
Tower Hamlets,2025-04-01,Robbery,102
Tower Hamlets,2025-04-01,Shoplifting,190
Tower Hamlets,2025-04-01,Theft from the person,253
Tower Hamlets,2025-04-01,Vehicle crime,202
Tower Hamlets,2025-04-01,Violence and sexual offences,937
Waltham Forest,2025-04-01,Anti-social behaviour,538
Waltham Forest,2025-04-01,Bicycle theft,36
Waltham Forest,2025-04-01,Burglary,99
Waltham Forest,2025-04-01,Criminal damage and arson,119
Waltham Forest,2025-04-01,Drugs,160
Waltham Forest,2025-04-01,Other crime,26
Waltham Forest,2025-04-01,Other theft,190
Waltham Forest,2025-04-01,Possession of weapons,17
Waltham Forest,2025-04-01,Public order,132
Waltham Forest,2025-04-01,Robbery,63
Waltham Forest,2025-04-01,Shoplifting,192
Waltham Forest,2025-04-01,Theft from the person,141
Waltham Forest,2025-04-01,Vehicle crime,239
Waltham Forest,2025-04-01,Violence and sexual offences,567
Wandsworth,2025-04-01,Anti-social behaviour,628
Wandsworth,2025-04-01,Bicycle theft,54
Wandsworth,2025-04-01,Burglary,109
Wandsworth,2025-04-01,Criminal damage and arson,124
Wandsworth,2025-04-01,Drugs,101
Wandsworth,2025-04-01,Other crime,40
Wandsworth,2025-04-01,Other theft,213
Wandsworth,2025-04-01,Possession of weapons,13
Wandsworth,2025-04-01,Public order,152
Wandsworth,2025-04-01,Robbery,75
Wandsworth,2025-04-01,Shoplifting,251
Wandsworth,2025-04-01,Theft from the person,134
Wandsworth,2025-04-01,Vehicle crime,205
Wandsworth,2025-04-01,Violence and sexual offences,616
Westminster,2025-04-01,Anti-social behaviour,1095
Westminster,2025-04-01,Bicycle theft,79
Westminster,2025-04-01,Burglary,251
Westminster,2025-04-01,Criminal damage and arson,238
Westminster,2025-04-01,Drugs,223
Westminster,2025-04-01,Other crime,46
Westminster,2025-04-01,Other theft,1338
Westminster,2025-04-01,Possession of weapons,23
Westminster,2025-04-01,Public order,259
Westminster,2025-04-01,Robbery,275
Westminster,2025-04-01,Shoplifting,668
Westminster,2025-04-01,Theft from the person,2036
Westminster,2025-04-01,Vehicle crime,354
Westminster,2025-04-01,Violence and sexual offences,974
Barking and Dagenham,2025-05-01,Anti-social behaviour,385
Barking and Dagenham,2025-05-01,Bicycle theft,11
Barking and Dagenham,2025-05-01,Burglary,62
Barking and Dagenham,2025-05-01,Criminal damage and arson,117
Barking and Dagenham,2025-05-01,Drugs,189
Barking and Dagenham,2025-05-01,Other crime,28
Barking and Dagenham,2025-05-01,Other theft,119
Barking and Dagenham,2025-05-01,Possession of weapons,13
Barking and Dagenham,2025-05-01,Public order,110
Barking and Dagenham,2025-05-01,Robbery,74
Barking and Dagenham,2025-05-01,Shoplifting,81
Barking and Dagenham,2025-05-01,Theft from the person,50
Barking and Dagenham,2025-05-01,Vehicle crime,163
Barking and Dagenham,2025-05-01,Violence and sexual offences,668
Barnet,2025-05-01,Anti-social behaviour,719
Barnet,2025-05-01,Bicycle theft,18
Barnet,2025-05-01,Burglary,150
Barnet,2025-05-01,Criminal damage and arson,174
Barnet,2025-05-01,Drugs,254
Barnet,2025-05-01,Other crime,28
Barnet,2025-05-01,Other theft,203
Barnet,2025-05-01,Possession of weapons,22
Barnet,2025-05-01,Public order,139
Barnet,2025-05-01,Robbery,74
Barnet,2025-05-01,Shoplifting,245
Barnet,2025-05-01,Theft from the person,75
Barnet,2025-05-01,Vehicle crime,285
Barnet,2025-05-01,Violence and sexual offences,689
Bexley,2025-05-01,Anti-social behaviour,341
Bexley,2025-05-01,Bicycle theft,10
Bexley,2025-05-01,Burglary,38
Bexley,2025-05-01,Criminal damage and arson,161
Bexley,2025-05-01,Drugs,106
Bexley,2025-05-01,Other crime,21
Bexley,2025-05-01,Other theft,99
Bexley,2025-05-01,Possession of weapons,11
Bexley,2025-05-01,Public order,112
Bexley,2025-05-01,Robbery,30
Bexley,2025-05-01,Shoplifting,146
Bexley,2025-05-01,Theft from the person,26
Bexley,2025-05-01,Vehicle crime,141
Bexley,2025-05-01,Violence and sexual offences,485
Brent,2025-05-01,Anti-social behaviour,1015
Brent,2025-05-01,Bicycle theft,30
Brent,2025-05-01,Burglary,122
Brent,2025-05-01,Criminal damage and arson,187
Brent,2025-05-01,Drugs,225
Brent,2025-05-01,Other crime,29
Brent,2025-05-01,Other theft,257
Brent,2025-05-01,Possession of weapons,14
Brent,2025-05-01,Public order,202
Brent,2025-05-01,Robbery,92
Brent,2025-05-01,Shoplifting,282
Brent,2025-05-01,Theft from the person,173
Brent,2025-05-01,Vehicle crime,259
Brent,2025-05-01,Violence and sexual offences,972
Bromley,2025-05-01,Anti-social behaviour,500
Bromley,2025-05-01,Bicycle theft,16
Bromley,2025-05-01,Burglary,100
Bromley,2025-05-01,Criminal damage and arson,154
Bromley,2025-05-01,Drugs,104
Bromley,2025-05-01,Other crime,14
Bromley,2025-05-01,Other theft,154
Bromley,2025-05-01,Possession of weapons,8
Bromley,2025-05-01,Public order,124
Bromley,2025-05-01,Robbery,44
Bromley,2025-05-01,Shoplifting,324
Bromley,2025-05-01,Theft from the person,47
Bromley,2025-05-01,Vehicle crime,252
Bromley,2025-05-01,Violence and sexual offences,676
Camden,2025-05-01,Anti-social behaviour,864
Camden,2025-05-01,Bicycle theft,103
Camden,2025-05-01,Burglary,151
Camden,2025-05-01,Criminal damage and arson,166
Camden,2025-05-01,Drugs,153
Camden,2025-05-01,Other crime,20
Camden,2025-05-01,Other theft,551
Camden,2025-05-01,Possession of weapons,13
Camden,2025-05-01,Public order,244
Camden,2025-05-01,Robbery,114
Camden,2025-05-01,Shoplifting,336
Camden,2025-05-01,Theft from the person,577
Camden,2025-05-01,Vehicle crime,206
Camden,2025-05-01,Violence and sexual offences,668
City of London,2025-05-01,Anti-social behaviour,6
City of London,2025-05-01,Bicycle theft,4
City of London,2025-05-01,Burglary,6
City of London,2025-05-01,Criminal damage and arson,3
City of London,2025-05-01,Drugs,5
City of London,2025-05-01,Other crime,2
City of London,2025-05-01,Other theft,48
City of London,2025-05-01,Public order,2
City of London,2025-05-01,Robbery,4
City of London,2025-05-01,Shoplifting,23
City of London,2025-05-01,Theft from the person,38
City of London,2025-05-01,Vehicle crime,2
City of London,2025-05-01,Violence and sexual offences,31
Croydon,2025-05-01,Anti-social behaviour,833
Croydon,2025-05-01,Bicycle theft,17
Croydon,2025-05-01,Burglary,143
Croydon,2025-05-01,Criminal damage and arson,233
Croydon,2025-05-01,Drugs,245
Croydon,2025-05-01,Other crime,61
Croydon,2025-05-01,Other theft,213
Croydon,2025-05-01,Possession of weapons,17
Croydon,2025-05-01,Public order,209
Croydon,2025-05-01,Robbery,110
Croydon,2025-05-01,Shoplifting,285
Croydon,2025-05-01,Theft from the person,79
Croydon,2025-05-01,Vehicle crime,270
Croydon,2025-05-01,Violence and sexual offences,1101
Ealing,2025-05-01,Anti-social behaviour,952
Ealing,2025-05-01,Bicycle theft,31
Ealing,2025-05-01,Burglary,128
Ealing,2025-05-01,Criminal damage and arson,180
Ealing,2025-05-01,Drugs,176
Ealing,2025-05-01,Other crime,31
Ealing,2025-05-01,Other theft,224
Ealing,2025-05-01,Possession of weapons,14
Ealing,2025-05-01,Public order,205
Ealing,2025-05-01,Robbery,88
Ealing,2025-05-01,Shoplifting,181
Ealing,2025-05-01,Theft from the person,96
Ealing,2025-05-01,Vehicle crime,359
Ealing,2025-05-01,Violence and sexual offences,936
Enfield,2025-05-01,Anti-social behaviour,759
Enfield,2025-05-01,Bicycle theft,14
Enfield,2025-05-01,Burglary,135
Enfield,2025-05-01,Criminal damage and arson,174
Enfield,2025-05-01,Drugs,226
Enfield,2025-05-01,Other crime,48
Enfield,2025-05-01,Other theft,211
Enfield,2025-05-01,Possession of weapons,19
Enfield,2025-05-01,Public order,138
Enfield,2025-05-01,Robbery,96
Enfield,2025-05-01,Shoplifting,235
Enfield,2025-05-01,Theft from the person,129
Enfield,2025-05-01,Vehicle crime,285
Enfield,2025-05-01,Violence and sexual offences,755
Greenwich,2025-05-01,Anti-social behaviour,649
Greenwich,2025-05-01,Bicycle theft,28
Greenwich,2025-05-01,Burglary,129
Greenwich,2025-05-01,Criminal damage and arson,184
Greenwich,2025-05-01,Drugs,167
Greenwich,2025-05-01,Other crime,28
Greenwich,2025-05-01,Other theft,211
Greenwich,2025-05-01,Possession of weapons,20
Greenwich,2025-05-01,Public order,200
Greenwich,2025-05-01,Robbery,73
Greenwich,2025-05-01,Shoplifting,247
Greenwich,2025-05-01,Theft from the person,90
Greenwich,2025-05-01,Vehicle crime,193
Greenwich,2025-05-01,Violence and sexual offences,870
Hackney,2025-05-01,Anti-social behaviour,802
Hackney,2025-05-01,Bicycle theft,117
Hackney,2025-05-01,Burglary,156
Hackney,2025-05-01,Criminal damage and arson,172
Hackney,2025-05-01,Drugs,160
Hackney,2025-05-01,Other crime,28
Hackney,2025-05-01,Other theft,290
Hackney,2025-05-01,Possession of weapons,11
Hackney,2025-05-01,Public order,202
Hackney,2025-05-01,Robbery,118
Hackney,2025-05-01,Shoplifting,157
Hackney,2025-05-01,Theft from the person,389
Hackney,2025-05-01,Vehicle crime,160
Hackney,2025-05-01,Violence and sexual offences,748
Hammersmith and Fulham,2025-05-01,Anti-social behaviour,526
Hammersmith and Fulham,2025-05-01,Bicycle theft,56
Hammersmith and Fulham,2025-05-01,Burglary,119
Hammersmith and Fulham,2025-05-01,Criminal damage and arson,109
Hammersmith and Fulham,2025-05-01,Drugs,125
Hammersmith and Fulham,2025-05-01,Other crime,21
Hammersmith and Fulham,2025-05-01,Other theft,214
Hammersmith and Fulham,2025-05-01,Possession of weapons,10
Hammersmith and Fulham,2025-05-01,Public order,140
Hammersmith and Fulham,2025-05-01,Robbery,59
Hammersmith and Fulham,2025-05-01,Shoplifting,193
Hammersmith and Fulham,2025-05-01,Theft from the person,84
Hammersmith and Fulham,2025-05-01,Vehicle crime,149
Hammersmith and Fulham,2025-05-01,Violence and sexual offences,631
Haringey,2025-05-01,Anti-social behaviour,745
Haringey,2025-05-01,Bicycle theft,25
Haringey,2025-05-01,Burglary,125
Haringey,2025-05-01,Criminal damage and arson,152
Haringey,2025-05-01,Drugs,170
Haringey,2025-05-01,Other crime,30
Haringey,2025-05-01,Other theft,251
Haringey,2025-05-01,Possession of weapons,16
Haringey,2025-05-01,Public order,140
Haringey,2025-05-01,Robbery,151
Haringey,2025-05-01,Shoplifting,250
Haringey,2025-05-01,Theft from the person,247
Haringey,2025-05-01,Vehicle crime,282
Haringey,2025-05-01,Violence and sexual offences,751
Harrow,2025-05-01,Anti-social behaviour,462
Harrow,2025-05-01,Bicycle theft,14
Harrow,2025-05-01,Burglary,83
Harrow,2025-05-01,Criminal damage and arson,92
Harrow,2025-05-01,Drugs,81
Harrow,2025-05-01,Other crime,23
Harrow,2025-05-01,Other theft,126
Harrow,2025-05-01,Possession of weapons,8
Harrow,2025-05-01,Public order,84
Harrow,2025-05-01,Robbery,49
Harrow,2025-05-01,Shoplifting,134
Harrow,2025-05-01,Theft from the person,124
Harrow,2025-05-01,Vehicle crime,138
Harrow,2025-05-01,Violence and sexual offences,457
Havering,2025-05-01,Anti-social behaviour,476
Havering,2025-05-01,Bicycle theft,14
Havering,2025-05-01,Burglary,89
Havering,2025-05-01,Criminal damage and arson,114
Havering,2025-05-01,Drugs,122
Havering,2025-05-01,Other crime,26
Havering,2025-05-01,Other theft,135
Havering,2025-05-01,Possession of weapons,8
Havering,2025-05-01,Public order,104
Havering,2025-05-01,Robbery,44
Havering,2025-05-01,Shoplifting,230
Havering,2025-05-01,Theft from the person,34
Havering,2025-05-01,Vehicle crime,191
Havering,2025-05-01,Violence and sexual offences,551
Hillingdon,2025-05-01,Anti-social behaviour,851
Hillingdon,2025-05-01,Bicycle theft,19
Hillingdon,2025-05-01,Burglary,90
Hillingdon,2025-05-01,Criminal damage and arson,167
Hillingdon,2025-05-01,Drugs,135
Hillingdon,2025-05-01,Other crime,133
Hillingdon,2025-05-01,Other theft,272
Hillingdon,2025-05-01,Possession of weapons,6
Hillingdon,2025-05-01,Public order,164
Hillingdon,2025-05-01,Robbery,69
Hillingdon,2025-05-01,Shoplifting,219
Hillingdon,2025-05-01,Theft from the person,80
Hillingdon,2025-05-01,Vehicle crime,322
Hillingdon,2025-05-01,Violence and sexual offences,866
Hounslow,2025-05-01,Anti-social behaviour,686
Hounslow,2025-05-01,Bicycle theft,35
Hounslow,2025-05-01,Burglary,106
Hounslow,2025-05-01,Criminal damage and arson,147
Hounslow,2025-05-01,Drugs,161
Hounslow,2025-05-01,Other crime,34
Hounslow,2025-05-01,Other theft,177
Hounslow,2025-05-01,Possession of weapons,12
Hounslow,2025-05-01,Public order,177
Hounslow,2025-05-01,Robbery,65
Hounslow,2025-05-01,Shoplifting,286
Hounslow,2025-05-01,Theft from the person,60
Hounslow,2025-05-01,Vehicle crime,260
Hounslow,2025-05-01,Violence and sexual offences,792
Islington,2025-05-01,Anti-social behaviour,799
Islington,2025-05-01,Bicycle theft,78
Islington,2025-05-01,Burglary,156
Islington,2025-05-01,Criminal damage and arson,142
Islington,2025-05-01,Drugs,254
Islington,2025-05-01,Other crime,22
Islington,2025-05-01,Other theft,362
Islington,2025-05-01,Possession of weapons,16
Islington,2025-05-01,Public order,205
Islington,2025-05-01,Robbery,132
Islington,2025-05-01,Shoplifting,292
Islington,2025-05-01,Theft from the person,362
Islington,2025-05-01,Vehicle crime,188
Islington,2025-05-01,Violence and sexual offences,675
Kensington and Chelsea,2025-05-01,Anti-social behaviour,486
Kensington and Chelsea,2025-05-01,Bicycle theft,37
Kensington and Chelsea,2025-05-01,Burglary,105
Kensington and Chelsea,2025-05-01,Criminal damage and arson,100
Kensington and Chelsea,2025-05-01,Drugs,66
Kensington and Chelsea,2025-05-01,Other crime,10
Kensington and Chelsea,2025-05-01,Other theft,257
Kensington and Chelsea,2025-05-01,Possession of weapons,9
Kensington and Chelsea,2025-05-01,Public order,102
Kensington and Chelsea,2025-05-01,Robbery,72
Kensington and Chelsea,2025-05-01,Shoplifting,275
Kensington and Chelsea,2025-05-01,Theft from the person,159
Kensington and Chelsea,2025-05-01,Vehicle crime,198
Kensington and Chelsea,2025-05-01,Violence and sexual offences,438
Kingston upon Thames,2025-05-01,Anti-social behaviour,344
Kingston upon Thames,2025-05-01,Bicycle theft,26
Kingston upon Thames,2025-05-01,Burglary,40
Kingston upon Thames,2025-05-01,Criminal damage and arson,84
Kingston upon Thames,2025-05-01,Drugs,62
Kingston upon Thames,2025-05-01,Other crime,19
Kingston upon Thames,2025-05-01,Other theft,79
Kingston upon Thames,2025-05-01,Possession of weapons,6
Kingston upon Thames,2025-05-01,Public order,81
Kingston upon Thames,2025-05-01,Robbery,20
Kingston upon Thames,2025-05-01,Shoplifting,147
Kingston upon Thames,2025-05-01,Theft from the person,27
Kingston upon Thames,2025-05-01,Vehicle crime,99
Kingston upon Thames,2025-05-01,Violence and sexual offences,295
Lambeth,2025-05-01,Anti-social behaviour,861
Lambeth,2025-05-01,Bicycle theft,83
Lambeth,2025-05-01,Burglary,162
Lambeth,2025-05-01,Criminal damage and arson,199
Lambeth,2025-05-01,Drugs,200
Lambeth,2025-05-01,Other crime,34
Lambeth,2025-05-01,Other theft,399
Lambeth,2025-05-01,Possession of weapons,22
Lambeth,2025-05-01,Public order,148
Lambeth,2025-05-01,Robbery,131
Lambeth,2025-05-01,Shoplifting,314
Lambeth,2025-05-01,Theft from the person,507
Lambeth,2025-05-01,Vehicle crime,188
Lambeth,2025-05-01,Violence and sexual offences,908
Lewisham,2025-05-01,Anti-social behaviour,693
Lewisham,2025-05-01,Bicycle theft,39
Lewisham,2025-05-01,Burglary,141
Lewisham,2025-05-01,Criminal damage and arson,183
Lewisham,2025-05-01,Drugs,168
Lewisham,2025-05-01,Other crime,44
Lewisham,2025-05-01,Other theft,232
Lewisham,2025-05-01,Possession of weapons,25
Lewisham,2025-05-01,Public order,188
Lewisham,2025-05-01,Robbery,68
Lewisham,2025-05-01,Shoplifting,159
Lewisham,2025-05-01,Theft from the person,147
Lewisham,2025-05-01,Vehicle crime,243
Lewisham,2025-05-01,Violence and sexual offences,893
Merton,2025-05-01,Anti-social behaviour,334
Merton,2025-05-01,Bicycle theft,16
Merton,2025-05-01,Burglary,64
Merton,2025-05-01,Criminal damage and arson,108
Merton,2025-05-01,Drugs,55
Merton,2025-05-01,Other crime,13
Merton,2025-05-01,Other theft,103
Merton,2025-05-01,Possession of weapons,7
Merton,2025-05-01,Public order,85
Merton,2025-05-01,Robbery,35
Merton,2025-05-01,Shoplifting,143
Merton,2025-05-01,Theft from the person,37
Merton,2025-05-01,Vehicle crime,108
Merton,2025-05-01,Violence and sexual offences,389
Newham,2025-05-01,Anti-social behaviour,835
Newham,2025-05-01,Bicycle theft,53
Newham,2025-05-01,Burglary,126
Newham,2025-05-01,Criminal damage and arson,188
Newham,2025-05-01,Drugs,192
Newham,2025-05-01,Other crime,60
Newham,2025-05-01,Other theft,374
Newham,2025-05-01,Possession of weapons,16
Newham,2025-05-01,Public order,200
Newham,2025-05-01,Robbery,136
Newham,2025-05-01,Shoplifting,477
Newham,2025-05-01,Theft from the person,279
Newham,2025-05-01,Vehicle crime,348
Newham,2025-05-01,Violence and sexual offences,944
Redbridge,2025-05-01,Anti-social behaviour,542
Redbridge,2025-05-01,Bicycle theft,11
Redbridge,2025-05-01,Burglary,64
Redbridge,2025-05-01,Criminal damage and arson,132
Redbridge,2025-05-01,Drugs,110
Redbridge,2025-05-01,Other crime,33
Redbridge,2025-05-01,Other theft,177
Redbridge,2025-05-01,Possession of weapons,10
Redbridge,2025-05-01,Public order,112
Redbridge,2025-05-01,Robbery,75
Redbridge,2025-05-01,Shoplifting,227
Redbridge,2025-05-01,Theft from the person,85
Redbridge,2025-05-01,Vehicle crime,264
Redbridge,2025-05-01,Violence and sexual offences,773
Richmond upon Thames,2025-05-01,Anti-social behaviour,305
Richmond upon Thames,2025-05-01,Bicycle theft,43
Richmond upon Thames,2025-05-01,Burglary,98
Richmond upon Thames,2025-05-01,Criminal damage and arson,96
Richmond upon Thames,2025-05-01,Drugs,121
Richmond upon Thames,2025-05-01,Other crime,7
Richmond upon Thames,2025-05-01,Other theft,110
Richmond upon Thames,2025-05-01,Possession of weapons,4
Richmond upon Thames,2025-05-01,Public order,108
Richmond upon Thames,2025-05-01,Robbery,17
Richmond upon Thames,2025-05-01,Shoplifting,104
Richmond upon Thames,2025-05-01,Theft from the person,20
Richmond upon Thames,2025-05-01,Vehicle crime,143
Richmond upon Thames,2025-05-01,Violence and sexual offences,301
Southwark,2025-05-01,Anti-social behaviour,889
Southwark,2025-05-01,Bicycle theft,93
Southwark,2025-05-01,Burglary,215
Southwark,2025-05-01,Criminal damage and arson,136
Southwark,2025-05-01,Drugs,157
Southwark,2025-05-01,Other crime,31
Southwark,2025-05-01,Other theft,438
Southwark,2025-05-01,Possession of weapons,24
Southwark,2025-05-01,Public order,166
Southwark,2025-05-01,Robbery,175
Southwark,2025-05-01,Shoplifting,220
Southwark,2025-05-01,Theft from the person,656
Southwark,2025-05-01,Vehicle crime,230
Southwark,2025-05-01,Violence and sexual offences,860
Sutton,2025-05-01,Anti-social behaviour,283
Sutton,2025-05-01,Bicycle theft,13
Sutton,2025-05-01,Burglary,78
Sutton,2025-05-01,Criminal damage and arson,87
Sutton,2025-05-01,Drugs,51
Sutton,2025-05-01,Other crime,23
Sutton,2025-05-01,Other theft,71
Sutton,2025-05-01,Possession of weapons,4
Sutton,2025-05-01,Public order,71
Sutton,2025-05-01,Robbery,28
Sutton,2025-05-01,Shoplifting,159
Sutton,2025-05-01,Theft from the person,10
Sutton,2025-05-01,Vehicle crime,116
Sutton,2025-05-01,Violence and sexual offences,441
Tower Hamlets,2025-05-01,Anti-social behaviour,1057
Tower Hamlets,2025-05-01,Bicycle theft,77
Tower Hamlets,2025-05-01,Burglary,129
Tower Hamlets,2025-05-01,Criminal damage and arson,183
Tower Hamlets,2025-05-01,Drugs,232
Tower Hamlets,2025-05-01,Other crime,36
Tower Hamlets,2025-05-01,Other theft,335
Tower Hamlets,2025-05-01,Possession of weapons,22
Tower Hamlets,2025-05-01,Public order,196
Tower Hamlets,2025-05-01,Robbery,81
Tower Hamlets,2025-05-01,Shoplifting,290
Tower Hamlets,2025-05-01,Theft from the person,228
Tower Hamlets,2025-05-01,Vehicle crime,188
Tower Hamlets,2025-05-01,Violence and sexual offences,1013
Waltham Forest,2025-05-01,Anti-social behaviour,641
Waltham Forest,2025-05-01,Bicycle theft,50
Waltham Forest,2025-05-01,Burglary,123
Waltham Forest,2025-05-01,Criminal damage and arson,154
Waltham Forest,2025-05-01,Drugs,145
Waltham Forest,2025-05-01,Other crime,25
Waltham Forest,2025-05-01,Other theft,181
Waltham Forest,2025-05-01,Possession of weapons,12
Waltham Forest,2025-05-01,Public order,134
Waltham Forest,2025-05-01,Robbery,81
Waltham Forest,2025-05-01,Shoplifting,221
Waltham Forest,2025-05-01,Theft from the person,168
Waltham Forest,2025-05-01,Vehicle crime,234
Waltham Forest,2025-05-01,Violence and sexual offences,565
Wandsworth,2025-05-01,Anti-social behaviour,693
Wandsworth,2025-05-01,Bicycle theft,60
Wandsworth,2025-05-01,Burglary,105
Wandsworth,2025-05-01,Criminal damage and arson,146
Wandsworth,2025-05-01,Drugs,106
Wandsworth,2025-05-01,Other crime,25
Wandsworth,2025-05-01,Other theft,246
Wandsworth,2025-05-01,Possession of weapons,7
Wandsworth,2025-05-01,Public order,151
Wandsworth,2025-05-01,Robbery,74
Wandsworth,2025-05-01,Shoplifting,222
Wandsworth,2025-05-01,Theft from the person,132
Wandsworth,2025-05-01,Vehicle crime,279
Wandsworth,2025-05-01,Violence and sexual offences,672
Westminster,2025-05-01,Anti-social behaviour,1218
Westminster,2025-05-01,Bicycle theft,93
Westminster,2025-05-01,Burglary,269
Westminster,2025-05-01,Criminal damage and arson,188
Westminster,2025-05-01,Drugs,196
Westminster,2025-05-01,Other crime,50
Westminster,2025-05-01,Other theft,1380
Westminster,2025-05-01,Possession of weapons,18
Westminster,2025-05-01,Public order,270
Westminster,2025-05-01,Robbery,261
Westminster,2025-05-01,Shoplifting,704
Westminster,2025-05-01,Theft from the person,1780
Westminster,2025-05-01,Vehicle crime,344
Westminster,2025-05-01,Violence and sexual offences,1114
Barking and Dagenham,2025-06-01,Anti-social behaviour,454
Barking and Dagenham,2025-06-01,Bicycle theft,13
Barking and Dagenham,2025-06-01,Burglary,78
Barking and Dagenham,2025-06-01,Criminal damage and arson,136
Barking and Dagenham,2025-06-01,Drugs,127
Barking and Dagenham,2025-06-01,Other crime,39
Barking and Dagenham,2025-06-01,Other theft,130
Barking and Dagenham,2025-06-01,Possession of weapons,14
Barking and Dagenham,2025-06-01,Public order,147
Barking and Dagenham,2025-06-01,Robbery,55
Barking and Dagenham,2025-06-01,Shoplifting,86
Barking and Dagenham,2025-06-01,Theft from the person,68
Barking and Dagenham,2025-06-01,Vehicle crime,180
Barking and Dagenham,2025-06-01,Violence and sexual offences,693
Barnet,2025-06-01,Anti-social behaviour,801
Barnet,2025-06-01,Bicycle theft,21
Barnet,2025-06-01,Burglary,113
Barnet,2025-06-01,Criminal damage and arson,164
Barnet,2025-06-01,Drugs,170
Barnet,2025-06-01,Other crime,34
Barnet,2025-06-01,Other theft,218
Barnet,2025-06-01,Possession of weapons,22
Barnet,2025-06-01,Public order,197
Barnet,2025-06-01,Robbery,55
Barnet,2025-06-01,Shoplifting,224
Barnet,2025-06-01,Theft from the person,86
Barnet,2025-06-01,Vehicle crime,315
Barnet,2025-06-01,Violence and sexual offences,694
Bexley,2025-06-01,Anti-social behaviour,340
Bexley,2025-06-01,Bicycle theft,3
Bexley,2025-06-01,Burglary,63
Bexley,2025-06-01,Criminal damage and arson,148
Bexley,2025-06-01,Drugs,80
Bexley,2025-06-01,Other crime,36
Bexley,2025-06-01,Other theft,94
Bexley,2025-06-01,Possession of weapons,7
Bexley,2025-06-01,Public order,96
Bexley,2025-06-01,Robbery,33
Bexley,2025-06-01,Shoplifting,141
Bexley,2025-06-01,Theft from the person,26
Bexley,2025-06-01,Vehicle crime,129
Bexley,2025-06-01,Violence and sexual offences,518
Brent,2025-06-01,Anti-social behaviour,991
Brent,2025-06-01,Bicycle theft,26
Brent,2025-06-01,Burglary,102
Brent,2025-06-01,Criminal damage and arson,173
Brent,2025-06-01,Drugs,240
Brent,2025-06-01,Other crime,35
Brent,2025-06-01,Other theft,249
Brent,2025-06-01,Possession of weapons,22
Brent,2025-06-01,Public order,209
Brent,2025-06-01,Robbery,130
Brent,2025-06-01,Shoplifting,266
Brent,2025-06-01,Theft from the person,141
Brent,2025-06-01,Vehicle crime,267
Brent,2025-06-01,Violence and sexual offences,1003
Bromley,2025-06-01,Anti-social behaviour,499
Bromley,2025-06-01,Bicycle theft,13
Bromley,2025-06-01,Burglary,90
Bromley,2025-06-01,Criminal damage and arson,173
Bromley,2025-06-01,Drugs,84
Bromley,2025-06-01,Other crime,37
Bromley,2025-06-01,Other theft,135
Bromley,2025-06-01,Possession of weapons,19
Bromley,2025-06-01,Public order,171
Bromley,2025-06-01,Robbery,63
Bromley,2025-06-01,Shoplifting,172
Bromley,2025-06-01,Theft from the person,40
Bromley,2025-06-01,Vehicle crime,284
Bromley,2025-06-01,Violence and sexual offences,695
Camden,2025-06-01,Anti-social behaviour,927
Camden,2025-06-01,Bicycle theft,79
Camden,2025-06-01,Burglary,154
Camden,2025-06-01,Criminal damage and arson,155
Camden,2025-06-01,Drugs,114
Camden,2025-06-01,Other crime,16
Camden,2025-06-01,Other theft,539
Camden,2025-06-01,Possession of weapons,7
Camden,2025-06-01,Public order,228
Camden,2025-06-01,Robbery,127
Camden,2025-06-01,Shoplifting,385
Camden,2025-06-01,Theft from the person,573
Camden,2025-06-01,Vehicle crime,185
Camden,2025-06-01,Violence and sexual offences,672
City of London,2025-06-01,Anti-social behaviour,6
City of London,2025-06-01,Bicycle theft,2
City of London,2025-06-01,Burglary,9
City of London,2025-06-01,Criminal damage and arson,7
City of London,2025-06-01,Drugs,13
City of London,2025-06-01,Other theft,48
City of London,2025-06-01,Public order,7
City of London,2025-06-01,Robbery,9
City of London,2025-06-01,Shoplifting,35
City of London,2025-06-01,Theft from the person,34
City of London,2025-06-01,Vehicle crime,3
City of London,2025-06-01,Violence and sexual offences,23
Croydon,2025-06-01,Anti-social behaviour,864
Croydon,2025-06-01,Bicycle theft,14
Croydon,2025-06-01,Burglary,142
Croydon,2025-06-01,Criminal damage and arson,175
Croydon,2025-06-01,Drugs,180
Croydon,2025-06-01,Other crime,45
Croydon,2025-06-01,Other theft,244
Croydon,2025-06-01,Possession of weapons,27
Croydon,2025-06-01,Public order,233
Croydon,2025-06-01,Robbery,106
Croydon,2025-06-01,Shoplifting,231
Croydon,2025-06-01,Theft from the person,58
Croydon,2025-06-01,Vehicle crime,283
Croydon,2025-06-01,Violence and sexual offences,1156
Ealing,2025-06-01,Anti-social behaviour,1008
Ealing,2025-06-01,Bicycle theft,34
Ealing,2025-06-01,Burglary,88
Ealing,2025-06-01,Criminal damage and arson,194
Ealing,2025-06-01,Drugs,226
Ealing,2025-06-01,Other crime,32
Ealing,2025-06-01,Other theft,221
Ealing,2025-06-01,Possession of weapons,25
Ealing,2025-06-01,Public order,219
Ealing,2025-06-01,Robbery,79
Ealing,2025-06-01,Shoplifting,237
Ealing,2025-06-01,Theft from the person,112
Ealing,2025-06-01,Vehicle crime,380
Ealing,2025-06-01,Violence and sexual offences,1007
Enfield,2025-06-01,Anti-social behaviour,721
Enfield,2025-06-01,Bicycle theft,17
Enfield,2025-06-01,Burglary,114
Enfield,2025-06-01,Criminal damage and arson,168
Enfield,2025-06-01,Drugs,183
Enfield,2025-06-01,Other crime,46
Enfield,2025-06-01,Other theft,209
Enfield,2025-06-01,Possession of weapons,20
Enfield,2025-06-01,Public order,173
Enfield,2025-06-01,Robbery,97
Enfield,2025-06-01,Shoplifting,242
Enfield,2025-06-01,Theft from the person,101
Enfield,2025-06-01,Vehicle crime,258
Enfield,2025-06-01,Violence and sexual offences,847
Greenwich,2025-06-01,Anti-social behaviour,665
Greenwich,2025-06-01,Bicycle theft,25
Greenwich,2025-06-01,Burglary,135
Greenwich,2025-06-01,Criminal damage and arson,170
Greenwich,2025-06-01,Drugs,141
Greenwich,2025-06-01,Other crime,39
Greenwich,2025-06-01,Other theft,196
Greenwich,2025-06-01,Possession of weapons,20
Greenwich,2025-06-01,Public order,186
Greenwich,2025-06-01,Robbery,61
Greenwich,2025-06-01,Shoplifting,222
Greenwich,2025-06-01,Theft from the person,92
Greenwich,2025-06-01,Vehicle crime,180
Greenwich,2025-06-01,Violence and sexual offences,920
Hackney,2025-06-01,Anti-social behaviour,771
Hackney,2025-06-01,Bicycle theft,118
Hackney,2025-06-01,Burglary,207
Hackney,2025-06-01,Criminal damage and arson,137
Hackney,2025-06-01,Drugs,192
Hackney,2025-06-01,Other crime,23
Hackney,2025-06-01,Other theft,265
Hackney,2025-06-01,Possession of weapons,23
Hackney,2025-06-01,Public order,181
Hackney,2025-06-01,Robbery,126
Hackney,2025-06-01,Shoplifting,197
Hackney,2025-06-01,Theft from the person,431
Hackney,2025-06-01,Vehicle crime,196
Hackney,2025-06-01,Violence and sexual offences,794
Hammersmith and Fulham,2025-06-01,Anti-social behaviour,521
Hammersmith and Fulham,2025-06-01,Bicycle theft,57
Hammersmith and Fulham,2025-06-01,Burglary,96
Hammersmith and Fulham,2025-06-01,Criminal damage and arson,124
Hammersmith and Fulham,2025-06-01,Drugs,123
Hammersmith and Fulham,2025-06-01,Other crime,19
Hammersmith and Fulham,2025-06-01,Other theft,204
Hammersmith and Fulham,2025-06-01,Possession of weapons,11
Hammersmith and Fulham,2025-06-01,Public order,145
Hammersmith and Fulham,2025-06-01,Robbery,63
Hammersmith and Fulham,2025-06-01,Shoplifting,174
Hammersmith and Fulham,2025-06-01,Theft from the person,81
Hammersmith and Fulham,2025-06-01,Vehicle crime,152
Hammersmith and Fulham,2025-06-01,Violence and sexual offences,546
Haringey,2025-06-01,Anti-social behaviour,809
Haringey,2025-06-01,Bicycle theft,20
Haringey,2025-06-01,Burglary,119
Haringey,2025-06-01,Criminal damage and arson,175
Haringey,2025-06-01,Drugs,177
Haringey,2025-06-01,Other crime,32
Haringey,2025-06-01,Other theft,201
Haringey,2025-06-01,Possession of weapons,23
Haringey,2025-06-01,Public order,167
Haringey,2025-06-01,Robbery,127
Haringey,2025-06-01,Shoplifting,217
Haringey,2025-06-01,Theft from the person,237
Haringey,2025-06-01,Vehicle crime,273
Haringey,2025-06-01,Violence and sexual offences,745
Harrow,2025-06-01,Anti-social behaviour,517
Harrow,2025-06-01,Bicycle theft,11
Harrow,2025-06-01,Burglary,71
Harrow,2025-06-01,Criminal damage and arson,95
Harrow,2025-06-01,Drugs,48
Harrow,2025-06-01,Other crime,18
Harrow,2025-06-01,Other theft,118
Harrow,2025-06-01,Possession of weapons,9
Harrow,2025-06-01,Public order,81
Harrow,2025-06-01,Robbery,46
Harrow,2025-06-01,Shoplifting,140
Harrow,2025-06-01,Theft from the person,103
Harrow,2025-06-01,Vehicle crime,167
Harrow,2025-06-01,Violence and sexual offences,508
Havering,2025-06-01,Anti-social behaviour,499
Havering,2025-06-01,Bicycle theft,13
Havering,2025-06-01,Burglary,69
Havering,2025-06-01,Criminal damage and arson,118
Havering,2025-06-01,Drugs,150
Havering,2025-06-01,Other crime,30
Havering,2025-06-01,Other theft,147
Havering,2025-06-01,Possession of weapons,11
Havering,2025-06-01,Public order,144
Havering,2025-06-01,Robbery,45
Havering,2025-06-01,Shoplifting,192
Havering,2025-06-01,Theft from the person,22
Havering,2025-06-01,Vehicle crime,189
Havering,2025-06-01,Violence and sexual offences,627
Hillingdon,2025-06-01,Anti-social behaviour,808
Hillingdon,2025-06-01,Bicycle theft,19
Hillingdon,2025-06-01,Burglary,87
Hillingdon,2025-06-01,Criminal damage and arson,183
Hillingdon,2025-06-01,Drugs,108
Hillingdon,2025-06-01,Other crime,175
Hillingdon,2025-06-01,Other theft,256
Hillingdon,2025-06-01,Possession of weapons,10
Hillingdon,2025-06-01,Public order,194
Hillingdon,2025-06-01,Robbery,64
Hillingdon,2025-06-01,Shoplifting,244
Hillingdon,2025-06-01,Theft from the person,124
Hillingdon,2025-06-01,Vehicle crime,273
Hillingdon,2025-06-01,Violence and sexual offences,881
Hounslow,2025-06-01,Anti-social behaviour,712
Hounslow,2025-06-01,Bicycle theft,37
Hounslow,2025-06-01,Burglary,89
Hounslow,2025-06-01,Criminal damage and arson,195
Hounslow,2025-06-01,Drugs,142
Hounslow,2025-06-01,Other crime,28
Hounslow,2025-06-01,Other theft,202
Hounslow,2025-06-01,Possession of weapons,21
Hounslow,2025-06-01,Public order,195
Hounslow,2025-06-01,Robbery,50
Hounslow,2025-06-01,Shoplifting,325
Hounslow,2025-06-01,Theft from the person,64
Hounslow,2025-06-01,Vehicle crime,262
Hounslow,2025-06-01,Violence and sexual offences,870
Islington,2025-06-01,Anti-social behaviour,837
Islington,2025-06-01,Bicycle theft,79
Islington,2025-06-01,Burglary,146
Islington,2025-06-01,Criminal damage and arson,140
Islington,2025-06-01,Drugs,173
Islington,2025-06-01,Other crime,37
Islington,2025-06-01,Other theft,332
Islington,2025-06-01,Possession of weapons,13
Islington,2025-06-01,Public order,206
Islington,2025-06-01,Robbery,118
Islington,2025-06-01,Shoplifting,265
Islington,2025-06-01,Theft from the person,349
Islington,2025-06-01,Vehicle crime,148
Islington,2025-06-01,Violence and sexual offences,696
Kensington and Chelsea,2025-06-01,Anti-social behaviour,466
Kensington and Chelsea,2025-06-01,Bicycle theft,36
Kensington and Chelsea,2025-06-01,Burglary,101
Kensington and Chelsea,2025-06-01,Criminal damage and arson,98
Kensington and Chelsea,2025-06-01,Drugs,68
Kensington and Chelsea,2025-06-01,Other crime,19
Kensington and Chelsea,2025-06-01,Other theft,281
Kensington and Chelsea,2025-06-01,Possession of weapons,13
Kensington and Chelsea,2025-06-01,Public order,124
Kensington and Chelsea,2025-06-01,Robbery,64
Kensington and Chelsea,2025-06-01,Shoplifting,325
Kensington and Chelsea,2025-06-01,Theft from the person,176
Kensington and Chelsea,2025-06-01,Vehicle crime,189
Kensington and Chelsea,2025-06-01,Violence and sexual offences,444
Kingston upon Thames,2025-06-01,Anti-social behaviour,327
Kingston upon Thames,2025-06-01,Bicycle theft,15
Kingston upon Thames,2025-06-01,Burglary,54
Kingston upon Thames,2025-06-01,Criminal damage and arson,60
Kingston upon Thames,2025-06-01,Drugs,52
Kingston upon Thames,2025-06-01,Other crime,12
Kingston upon Thames,2025-06-01,Other theft,88
Kingston upon Thames,2025-06-01,Possession of weapons,6
Kingston upon Thames,2025-06-01,Public order,83
Kingston upon Thames,2025-06-01,Robbery,17
Kingston upon Thames,2025-06-01,Shoplifting,137
Kingston upon Thames,2025-06-01,Theft from the person,35
Kingston upon Thames,2025-06-01,Vehicle crime,91
Kingston upon Thames,2025-06-01,Violence and sexual offences,321
Lambeth,2025-06-01,Anti-social behaviour,938
Lambeth,2025-06-01,Bicycle theft,59
Lambeth,2025-06-01,Burglary,165
Lambeth,2025-06-01,Criminal damage and arson,216
Lambeth,2025-06-01,Drugs,149
Lambeth,2025-06-01,Other crime,38
Lambeth,2025-06-01,Other theft,421
Lambeth,2025-06-01,Possession of weapons,22
Lambeth,2025-06-01,Public order,218
Lambeth,2025-06-01,Robbery,145
Lambeth,2025-06-01,Shoplifting,305
Lambeth,2025-06-01,Theft from the person,466
Lambeth,2025-06-01,Vehicle crime,216
Lambeth,2025-06-01,Violence and sexual offences,999
Lewisham,2025-06-01,Anti-social behaviour,708
Lewisham,2025-06-01,Bicycle theft,32
Lewisham,2025-06-01,Burglary,97
Lewisham,2025-06-01,Criminal damage and arson,188
Lewisham,2025-06-01,Drugs,146
Lewisham,2025-06-01,Other crime,35
Lewisham,2025-06-01,Other theft,211
Lewisham,2025-06-01,Possession of weapons,27
Lewisham,2025-06-01,Public order,215
Lewisham,2025-06-01,Robbery,71
Lewisham,2025-06-01,Shoplifting,160
Lewisham,2025-06-01,Theft from the person,115
Lewisham,2025-06-01,Vehicle crime,207
Lewisham,2025-06-01,Violence and sexual offences,928
Merton,2025-06-01,Anti-social behaviour,330
Merton,2025-06-01,Bicycle theft,19
Merton,2025-06-01,Burglary,69
Merton,2025-06-01,Criminal damage and arson,95
Merton,2025-06-01,Drugs,46
Merton,2025-06-01,Other crime,22
Merton,2025-06-01,Other theft,88
Merton,2025-06-01,Possession of weapons,13
Merton,2025-06-01,Public order,79
Merton,2025-06-01,Robbery,26
Merton,2025-06-01,Shoplifting,115
Merton,2025-06-01,Theft from the person,29
Merton,2025-06-01,Vehicle crime,108
Merton,2025-06-01,Violence and sexual offences,439
Newham,2025-06-01,Anti-social behaviour,985
Newham,2025-06-01,Bicycle theft,57
Newham,2025-06-01,Burglary,91
Newham,2025-06-01,Criminal damage and arson,171
Newham,2025-06-01,Drugs,182
Newham,2025-06-01,Other crime,49
Newham,2025-06-01,Other theft,373
Newham,2025-06-01,Possession of weapons,10
Newham,2025-06-01,Public order,215
Newham,2025-06-01,Robbery,142
Newham,2025-06-01,Shoplifting,432
Newham,2025-06-01,Theft from the person,280
Newham,2025-06-01,Vehicle crime,258
Newham,2025-06-01,Violence and sexual offences,1045
Redbridge,2025-06-01,Anti-social behaviour,556
Redbridge,2025-06-01,Bicycle theft,15
Redbridge,2025-06-01,Burglary,61
Redbridge,2025-06-01,Criminal damage and arson,116
Redbridge,2025-06-01,Drugs,133
Redbridge,2025-06-01,Other crime,24
Redbridge,2025-06-01,Other theft,166
Redbridge,2025-06-01,Possession of weapons,12
Redbridge,2025-06-01,Public order,123
Redbridge,2025-06-01,Robbery,76
Redbridge,2025-06-01,Shoplifting,212
Redbridge,2025-06-01,Theft from the person,71
Redbridge,2025-06-01,Vehicle crime,236
Redbridge,2025-06-01,Violence and sexual offences,799
Richmond upon Thames,2025-06-01,Anti-social behaviour,301
Richmond upon Thames,2025-06-01,Bicycle theft,40
Richmond upon Thames,2025-06-01,Burglary,84
Richmond upon Thames,2025-06-01,Criminal damage and arson,102
Richmond upon Thames,2025-06-01,Drugs,30
Richmond upon Thames,2025-06-01,Other crime,14
Richmond upon Thames,2025-06-01,Other theft,83
Richmond upon Thames,2025-06-01,Possession of weapons,5
Richmond upon Thames,2025-06-01,Public order,86
Richmond upon Thames,2025-06-01,Robbery,34
Richmond upon Thames,2025-06-01,Shoplifting,101
Richmond upon Thames,2025-06-01,Theft from the person,21
Richmond upon Thames,2025-06-01,Vehicle crime,138
Richmond upon Thames,2025-06-01,Violence and sexual offences,308
Southwark,2025-06-01,Anti-social behaviour,957
Southwark,2025-06-01,Bicycle theft,118
Southwark,2025-06-01,Burglary,230
Southwark,2025-06-01,Criminal damage and arson,153
Southwark,2025-06-01,Drugs,151
Southwark,2025-06-01,Other crime,27
Southwark,2025-06-01,Other theft,425
Southwark,2025-06-01,Possession of weapons,33
Southwark,2025-06-01,Public order,190
Southwark,2025-06-01,Robbery,165
Southwark,2025-06-01,Shoplifting,187
Southwark,2025-06-01,Theft from the person,643
Southwark,2025-06-01,Vehicle crime,216
Southwark,2025-06-01,Violence and sexual offences,919
Sutton,2025-06-01,Anti-social behaviour,276
Sutton,2025-06-01,Bicycle theft,5
Sutton,2025-06-01,Burglary,81
Sutton,2025-06-01,Criminal damage and arson,85
Sutton,2025-06-01,Drugs,49
Sutton,2025-06-01,Other crime,15
Sutton,2025-06-01,Other theft,73
Sutton,2025-06-01,Possession of weapons,7
Sutton,2025-06-01,Public order,90
Sutton,2025-06-01,Robbery,21
Sutton,2025-06-01,Shoplifting,103
Sutton,2025-06-01,Theft from the person,8
Sutton,2025-06-01,Vehicle crime,104
Sutton,2025-06-01,Violence and sexual offences,456
Tower Hamlets,2025-06-01,Anti-social behaviour,1186
Tower Hamlets,2025-06-01,Bicycle theft,103
Tower Hamlets,2025-06-01,Burglary,134
Tower Hamlets,2025-06-01,Criminal damage and arson,157
Tower Hamlets,2025-06-01,Drugs,339
Tower Hamlets,2025-06-01,Other crime,45
Tower Hamlets,2025-06-01,Other theft,288
Tower Hamlets,2025-06-01,Possession of weapons,18
Tower Hamlets,2025-06-01,Public order,264
Tower Hamlets,2025-06-01,Robbery,117
Tower Hamlets,2025-06-01,Shoplifting,331
Tower Hamlets,2025-06-01,Theft from the person,235
Tower Hamlets,2025-06-01,Vehicle crime,199
Tower Hamlets,2025-06-01,Violence and sexual offences,998
Waltham Forest,2025-06-01,Anti-social behaviour,641
Waltham Forest,2025-06-01,Bicycle theft,31
Waltham Forest,2025-06-01,Burglary,74
Waltham Forest,2025-06-01,Criminal damage and arson,125
Waltham Forest,2025-06-01,Drugs,163
Waltham Forest,2025-06-01,Other crime,20
Waltham Forest,2025-06-01,Other theft,167
Waltham Forest,2025-06-01,Possession of weapons,12
Waltham Forest,2025-06-01,Public order,140
Waltham Forest,2025-06-01,Robbery,84
Waltham Forest,2025-06-01,Shoplifting,186
Waltham Forest,2025-06-01,Theft from the person,130
Waltham Forest,2025-06-01,Vehicle crime,233
Waltham Forest,2025-06-01,Violence and sexual offences,621
Wandsworth,2025-06-01,Anti-social behaviour,750
Wandsworth,2025-06-01,Bicycle theft,71
Wandsworth,2025-06-01,Burglary,149
Wandsworth,2025-06-01,Criminal damage and arson,149
Wandsworth,2025-06-01,Drugs,117
Wandsworth,2025-06-01,Other crime,45
Wandsworth,2025-06-01,Other theft,241
Wandsworth,2025-06-01,Possession of weapons,21
Wandsworth,2025-06-01,Public order,187
Wandsworth,2025-06-01,Robbery,62
Wandsworth,2025-06-01,Shoplifting,223
Wandsworth,2025-06-01,Theft from the person,133
Wandsworth,2025-06-01,Vehicle crime,280
Wandsworth,2025-06-01,Violence and sexual offences,794
Westminster,2025-06-01,Anti-social behaviour,1254
Westminster,2025-06-01,Bicycle theft,75
Westminster,2025-06-01,Burglary,251
Westminster,2025-06-01,Criminal damage and arson,210
Westminster,2025-06-01,Drugs,216
Westminster,2025-06-01,Other crime,43
Westminster,2025-06-01,Other theft,1471
Westminster,2025-06-01,Possession of weapons,30
Westminster,2025-06-01,Public order,322
Westminster,2025-06-01,Robbery,266
Westminster,2025-06-01,Shoplifting,715
Westminster,2025-06-01,Theft from the person,1863
Westminster,2025-06-01,Vehicle crime,242
Westminster,2025-06-01,Violence and sexual offences,1157
Barking and Dagenham,2025-07-01,Anti-social behaviour,506
Barking and Dagenham,2025-07-01,Bicycle theft,14
Barking and Dagenham,2025-07-01,Burglary,61
Barking and Dagenham,2025-07-01,Criminal damage and arson,138
Barking and Dagenham,2025-07-01,Drugs,136
Barking and Dagenham,2025-07-01,Other crime,32
Barking and Dagenham,2025-07-01,Other theft,135
Barking and Dagenham,2025-07-01,Possession of weapons,9
Barking and Dagenham,2025-07-01,Public order,119
Barking and Dagenham,2025-07-01,Robbery,78
Barking and Dagenham,2025-07-01,Shoplifting,93
Barking and Dagenham,2025-07-01,Theft from the person,52
Barking and Dagenham,2025-07-01,Vehicle crime,170
Barking and Dagenham,2025-07-01,Violence and sexual offences,720
Barnet,2025-07-01,Anti-social behaviour,861
Barnet,2025-07-01,Bicycle theft,14
Barnet,2025-07-01,Burglary,107
Barnet,2025-07-01,Criminal damage and arson,194
Barnet,2025-07-01,Drugs,189
Barnet,2025-07-01,Other crime,35
Barnet,2025-07-01,Other theft,240
Barnet,2025-07-01,Possession of weapons,14
Barnet,2025-07-01,Public order,175
Barnet,2025-07-01,Robbery,49
Barnet,2025-07-01,Shoplifting,224
Barnet,2025-07-01,Theft from the person,93
Barnet,2025-07-01,Vehicle crime,309
Barnet,2025-07-01,Violence and sexual offences,866
Bexley,2025-07-01,Anti-social behaviour,379
Bexley,2025-07-01,Bicycle theft,11
Bexley,2025-07-01,Burglary,47
Bexley,2025-07-01,Criminal damage and arson,181
Bexley,2025-07-01,Drugs,92
Bexley,2025-07-01,Other crime,22
Bexley,2025-07-01,Other theft,103
Bexley,2025-07-01,Possession of weapons,14
Bexley,2025-07-01,Public order,118
Bexley,2025-07-01,Robbery,29
Bexley,2025-07-01,Shoplifting,163
Bexley,2025-07-01,Theft from the person,8
Bexley,2025-07-01,Vehicle crime,115
Bexley,2025-07-01,Violence and sexual offences,503
Brent,2025-07-01,Anti-social behaviour,1121
Brent,2025-07-01,Bicycle theft,27
Brent,2025-07-01,Burglary,136
Brent,2025-07-01,Criminal damage and arson,195
Brent,2025-07-01,Drugs,239
Brent,2025-07-01,Other crime,37
Brent,2025-07-01,Other theft,289
Brent,2025-07-01,Possession of weapons,21
Brent,2025-07-01,Public order,271
Brent,2025-07-01,Robbery,144
Brent,2025-07-01,Shoplifting,328
Brent,2025-07-01,Theft from the person,187
Brent,2025-07-01,Vehicle crime,279
Brent,2025-07-01,Violence and sexual offences,1024
Bromley,2025-07-01,Anti-social behaviour,558
Bromley,2025-07-01,Bicycle theft,13
Bromley,2025-07-01,Burglary,79
Bromley,2025-07-01,Criminal damage and arson,269
Bromley,2025-07-01,Drugs,113
Bromley,2025-07-01,Other crime,27
Bromley,2025-07-01,Other theft,181
Bromley,2025-07-01,Possession of weapons,12
Bromley,2025-07-01,Public order,191
Bromley,2025-07-01,Robbery,59
Bromley,2025-07-01,Shoplifting,188
Bromley,2025-07-01,Theft from the person,54
Bromley,2025-07-01,Vehicle crime,284
Bromley,2025-07-01,Violence and sexual offences,737
Camden,2025-07-01,Anti-social behaviour,931
Camden,2025-07-01,Bicycle theft,98
Camden,2025-07-01,Burglary,156
Camden,2025-07-01,Criminal damage and arson,165
Camden,2025-07-01,Drugs,112
Camden,2025-07-01,Other crime,31
Camden,2025-07-01,Other theft,640
Camden,2025-07-01,Possession of weapons,14
Camden,2025-07-01,Public order,226
Camden,2025-07-01,Robbery,123
Camden,2025-07-01,Shoplifting,378
Camden,2025-07-01,Theft from the person,608
Camden,2025-07-01,Vehicle crime,217
Camden,2025-07-01,Violence and sexual offences,738
City of London,2025-07-01,Anti-social behaviour,5
City of London,2025-07-01,Bicycle theft,5
City of London,2025-07-01,Burglary,6
City of London,2025-07-01,Criminal damage and arson,6
City of London,2025-07-01,Drugs,17
City of London,2025-07-01,Other theft,48
City of London,2025-07-01,Public order,10
City of London,2025-07-01,Robbery,13
City of London,2025-07-01,Shoplifting,39
City of London,2025-07-01,Theft from the person,46
City of London,2025-07-01,Vehicle crime,2
City of London,2025-07-01,Violence and sexual offences,15
Croydon,2025-07-01,Anti-social behaviour,969
Croydon,2025-07-01,Bicycle theft,14
Croydon,2025-07-01,Burglary,185
Croydon,2025-07-01,Criminal damage and arson,245
Croydon,2025-07-01,Drugs,156
Croydon,2025-07-01,Other crime,58
Croydon,2025-07-01,Other theft,257
Croydon,2025-07-01,Possession of weapons,24
Croydon,2025-07-01,Public order,239
Croydon,2025-07-01,Robbery,106
Croydon,2025-07-01,Shoplifting,252
Croydon,2025-07-01,Theft from the person,66
Croydon,2025-07-01,Vehicle crime,301
Croydon,2025-07-01,Violence and sexual offences,1206
Ealing,2025-07-01,Anti-social behaviour,1121
Ealing,2025-07-01,Bicycle theft,43
Ealing,2025-07-01,Burglary,121
Ealing,2025-07-01,Criminal damage and arson,202
Ealing,2025-07-01,Drugs,251
Ealing,2025-07-01,Other crime,37
Ealing,2025-07-01,Other theft,253
Ealing,2025-07-01,Possession of weapons,30
Ealing,2025-07-01,Public order,200
Ealing,2025-07-01,Robbery,98
Ealing,2025-07-01,Shoplifting,267
Ealing,2025-07-01,Theft from the person,117
Ealing,2025-07-01,Vehicle crime,332
Ealing,2025-07-01,Violence and sexual offences,1089
Enfield,2025-07-01,Anti-social behaviour,817
Enfield,2025-07-01,Bicycle theft,19
Enfield,2025-07-01,Burglary,102
Enfield,2025-07-01,Criminal damage and arson,184
Enfield,2025-07-01,Drugs,170
Enfield,2025-07-01,Other crime,37
Enfield,2025-07-01,Other theft,252
Enfield,2025-07-01,Possession of weapons,20
Enfield,2025-07-01,Public order,175
Enfield,2025-07-01,Robbery,81
Enfield,2025-07-01,Shoplifting,250
Enfield,2025-07-01,Theft from the person,111
Enfield,2025-07-01,Vehicle crime,312
Enfield,2025-07-01,Violence and sexual offences,879
Greenwich,2025-07-01,Anti-social behaviour,750
Greenwich,2025-07-01,Bicycle theft,34
Greenwich,2025-07-01,Burglary,117
Greenwich,2025-07-01,Criminal damage and arson,163
Greenwich,2025-07-01,Drugs,181
Greenwich,2025-07-01,Other crime,33
Greenwich,2025-07-01,Other theft,211
Greenwich,2025-07-01,Possession of weapons,22
Greenwich,2025-07-01,Public order,226
Greenwich,2025-07-01,Robbery,54
Greenwich,2025-07-01,Shoplifting,255
Greenwich,2025-07-01,Theft from the person,71
Greenwich,2025-07-01,Vehicle crime,217
Greenwich,2025-07-01,Violence and sexual offences,891
Hackney,2025-07-01,Anti-social behaviour,832
Hackney,2025-07-01,Bicycle theft,117
Hackney,2025-07-01,Burglary,214
Hackney,2025-07-01,Criminal damage and arson,137
Hackney,2025-07-01,Drugs,234
Hackney,2025-07-01,Other crime,35
Hackney,2025-07-01,Other theft,245
Hackney,2025-07-01,Possession of weapons,21
Hackney,2025-07-01,Public order,223
Hackney,2025-07-01,Robbery,169
Hackney,2025-07-01,Shoplifting,214
Hackney,2025-07-01,Theft from the person,411
Hackney,2025-07-01,Vehicle crime,205
Hackney,2025-07-01,Violence and sexual offences,849
Hammersmith and Fulham,2025-07-01,Anti-social behaviour,586
Hammersmith and Fulham,2025-07-01,Bicycle theft,52
Hammersmith and Fulham,2025-07-01,Burglary,119
Hammersmith and Fulham,2025-07-01,Criminal damage and arson,126
Hammersmith and Fulham,2025-07-01,Drugs,115
Hammersmith and Fulham,2025-07-01,Other crime,23
Hammersmith and Fulham,2025-07-01,Other theft,175
Hammersmith and Fulham,2025-07-01,Possession of weapons,14
Hammersmith and Fulham,2025-07-01,Public order,152
Hammersmith and Fulham,2025-07-01,Robbery,66
Hammersmith and Fulham,2025-07-01,Shoplifting,196
Hammersmith and Fulham,2025-07-01,Theft from the person,74
Hammersmith and Fulham,2025-07-01,Vehicle crime,127
Hammersmith and Fulham,2025-07-01,Violence and sexual offences,612
Haringey,2025-07-01,Anti-social behaviour,858
Haringey,2025-07-01,Bicycle theft,27
Haringey,2025-07-01,Burglary,142
Haringey,2025-07-01,Criminal damage and arson,160
Haringey,2025-07-01,Drugs,198
Haringey,2025-07-01,Other crime,32
Haringey,2025-07-01,Other theft,200
Haringey,2025-07-01,Possession of weapons,23
Haringey,2025-07-01,Public order,200
Haringey,2025-07-01,Robbery,109
Haringey,2025-07-01,Shoplifting,273
Haringey,2025-07-01,Theft from the person,228
Haringey,2025-07-01,Vehicle crime,334
Haringey,2025-07-01,Violence and sexual offences,807
Harrow,2025-07-01,Anti-social behaviour,551
Harrow,2025-07-01,Bicycle theft,17
Harrow,2025-07-01,Burglary,68
Harrow,2025-07-01,Criminal damage and arson,89
Harrow,2025-07-01,Drugs,61
Harrow,2025-07-01,Other crime,21
Harrow,2025-07-01,Other theft,128
Harrow,2025-07-01,Possession of weapons,4
Harrow,2025-07-01,Public order,93
Harrow,2025-07-01,Robbery,62
Harrow,2025-07-01,Shoplifting,150
Harrow,2025-07-01,Theft from the person,106
Harrow,2025-07-01,Vehicle crime,169
Harrow,2025-07-01,Violence and sexual offences,489
Havering,2025-07-01,Anti-social behaviour,563
Havering,2025-07-01,Bicycle theft,17
Havering,2025-07-01,Burglary,65
Havering,2025-07-01,Criminal damage and arson,117
Havering,2025-07-01,Drugs,158
Havering,2025-07-01,Other crime,24
Havering,2025-07-01,Other theft,132
Havering,2025-07-01,Possession of weapons,14
Havering,2025-07-01,Public order,149
Havering,2025-07-01,Robbery,68
Havering,2025-07-01,Shoplifting,203
Havering,2025-07-01,Theft from the person,29
Havering,2025-07-01,Vehicle crime,194
Havering,2025-07-01,Violence and sexual offences,658
Hillingdon,2025-07-01,Anti-social behaviour,866
Hillingdon,2025-07-01,Bicycle theft,21
Hillingdon,2025-07-01,Burglary,94
Hillingdon,2025-07-01,Criminal damage and arson,197
Hillingdon,2025-07-01,Drugs,173
Hillingdon,2025-07-01,Other crime,179
Hillingdon,2025-07-01,Other theft,280
Hillingdon,2025-07-01,Possession of weapons,24
Hillingdon,2025-07-01,Public order,241
Hillingdon,2025-07-01,Robbery,60
Hillingdon,2025-07-01,Shoplifting,284
Hillingdon,2025-07-01,Theft from the person,113
Hillingdon,2025-07-01,Vehicle crime,259
Hillingdon,2025-07-01,Violence and sexual offences,942
Hounslow,2025-07-01,Anti-social behaviour,659
Hounslow,2025-07-01,Bicycle theft,48
Hounslow,2025-07-01,Burglary,114
Hounslow,2025-07-01,Criminal damage and arson,180
Hounslow,2025-07-01,Drugs,126
Hounslow,2025-07-01,Other crime,60
Hounslow,2025-07-01,Other theft,162
Hounslow,2025-07-01,Possession of weapons,21
Hounslow,2025-07-01,Public order,195
Hounslow,2025-07-01,Robbery,57
Hounslow,2025-07-01,Shoplifting,319
Hounslow,2025-07-01,Theft from the person,89
Hounslow,2025-07-01,Vehicle crime,268
Hounslow,2025-07-01,Violence and sexual offences,876
Islington,2025-07-01,Anti-social behaviour,926
Islington,2025-07-01,Bicycle theft,73
Islington,2025-07-01,Burglary,161
Islington,2025-07-01,Criminal damage and arson,152
Islington,2025-07-01,Drugs,228
Islington,2025-07-01,Other crime,26
Islington,2025-07-01,Other theft,331
Islington,2025-07-01,Possession of weapons,17
Islington,2025-07-01,Public order,201
Islington,2025-07-01,Robbery,103
Islington,2025-07-01,Shoplifting,274
Islington,2025-07-01,Theft from the person,301
Islington,2025-07-01,Vehicle crime,146
Islington,2025-07-01,Violence and sexual offences,739
Kensington and Chelsea,2025-07-01,Anti-social behaviour,475
Kensington and Chelsea,2025-07-01,Bicycle theft,40
Kensington and Chelsea,2025-07-01,Burglary,107
Kensington and Chelsea,2025-07-01,Criminal damage and arson,107
Kensington and Chelsea,2025-07-01,Drugs,81
Kensington and Chelsea,2025-07-01,Other crime,10
Kensington and Chelsea,2025-07-01,Other theft,238
Kensington and Chelsea,2025-07-01,Possession of weapons,14
Kensington and Chelsea,2025-07-01,Public order,132
Kensington and Chelsea,2025-07-01,Robbery,40
Kensington and Chelsea,2025-07-01,Shoplifting,339
Kensington and Chelsea,2025-07-01,Theft from the person,147
Kensington and Chelsea,2025-07-01,Vehicle crime,192
Kensington and Chelsea,2025-07-01,Violence and sexual offences,471
Kingston upon Thames,2025-07-01,Anti-social behaviour,326
Kingston upon Thames,2025-07-01,Bicycle theft,25
Kingston upon Thames,2025-07-01,Burglary,75
Kingston upon Thames,2025-07-01,Criminal damage and arson,92
Kingston upon Thames,2025-07-01,Drugs,44
Kingston upon Thames,2025-07-01,Other crime,16
Kingston upon Thames,2025-07-01,Other theft,83
Kingston upon Thames,2025-07-01,Possession of weapons,7
Kingston upon Thames,2025-07-01,Public order,103
Kingston upon Thames,2025-07-01,Robbery,16
Kingston upon Thames,2025-07-01,Shoplifting,169
Kingston upon Thames,2025-07-01,Theft from the person,32
Kingston upon Thames,2025-07-01,Vehicle crime,82
Kingston upon Thames,2025-07-01,Violence and sexual offences,377
Lambeth,2025-07-01,Anti-social behaviour,1026
Lambeth,2025-07-01,Bicycle theft,86
Lambeth,2025-07-01,Burglary,156
Lambeth,2025-07-01,Criminal damage and arson,216
Lambeth,2025-07-01,Drugs,145
Lambeth,2025-07-01,Other crime,37
Lambeth,2025-07-01,Other theft,415
Lambeth,2025-07-01,Possession of weapons,22
Lambeth,2025-07-01,Public order,248
Lambeth,2025-07-01,Robbery,154
Lambeth,2025-07-01,Shoplifting,320
Lambeth,2025-07-01,Theft from the person,408
Lambeth,2025-07-01,Vehicle crime,196
Lambeth,2025-07-01,Violence and sexual offences,1044
Lewisham,2025-07-01,Anti-social behaviour,726
Lewisham,2025-07-01,Bicycle theft,27
Lewisham,2025-07-01,Burglary,99
Lewisham,2025-07-01,Criminal damage and arson,187
Lewisham,2025-07-01,Drugs,159
Lewisham,2025-07-01,Other crime,38
Lewisham,2025-07-01,Other theft,219
Lewisham,2025-07-01,Possession of weapons,27
Lewisham,2025-07-01,Public order,204
Lewisham,2025-07-01,Robbery,96
Lewisham,2025-07-01,Shoplifting,168
Lewisham,2025-07-01,Theft from the person,107
Lewisham,2025-07-01,Vehicle crime,208
Lewisham,2025-07-01,Violence and sexual offences,988
Merton,2025-07-01,Anti-social behaviour,447
Merton,2025-07-01,Bicycle theft,24
Merton,2025-07-01,Burglary,83
Merton,2025-07-01,Criminal damage and arson,82
Merton,2025-07-01,Drugs,47
Merton,2025-07-01,Other crime,18
Merton,2025-07-01,Other theft,112
Merton,2025-07-01,Possession of weapons,13
Merton,2025-07-01,Public order,102
Merton,2025-07-01,Robbery,28
Merton,2025-07-01,Shoplifting,125
Merton,2025-07-01,Theft from the person,22
Merton,2025-07-01,Vehicle crime,108
Merton,2025-07-01,Violence and sexual offences,464
Newham,2025-07-01,Anti-social behaviour,1103
Newham,2025-07-01,Bicycle theft,47
Newham,2025-07-01,Burglary,101
Newham,2025-07-01,Criminal damage and arson,180
Newham,2025-07-01,Drugs,259
Newham,2025-07-01,Other crime,48
Newham,2025-07-01,Other theft,400
Newham,2025-07-01,Possession of weapons,26
Newham,2025-07-01,Public order,228
Newham,2025-07-01,Robbery,127
Newham,2025-07-01,Shoplifting,383
Newham,2025-07-01,Theft from the person,339
Newham,2025-07-01,Vehicle crime,354
Newham,2025-07-01,Violence and sexual offences,1165
Redbridge,2025-07-01,Anti-social behaviour,626
Redbridge,2025-07-01,Bicycle theft,24
Redbridge,2025-07-01,Burglary,66
Redbridge,2025-07-01,Criminal damage and arson,143
Redbridge,2025-07-01,Drugs,119
Redbridge,2025-07-01,Other crime,33
Redbridge,2025-07-01,Other theft,178
Redbridge,2025-07-01,Possession of weapons,15
Redbridge,2025-07-01,Public order,185
Redbridge,2025-07-01,Robbery,72
Redbridge,2025-07-01,Shoplifting,192
Redbridge,2025-07-01,Theft from the person,74
Redbridge,2025-07-01,Vehicle crime,226
Redbridge,2025-07-01,Violence and sexual offences,799
Richmond upon Thames,2025-07-01,Anti-social behaviour,299
Richmond upon Thames,2025-07-01,Bicycle theft,45
Richmond upon Thames,2025-07-01,Burglary,72
Richmond upon Thames,2025-07-01,Criminal damage and arson,114
Richmond upon Thames,2025-07-01,Drugs,44
Richmond upon Thames,2025-07-01,Other crime,12
Richmond upon Thames,2025-07-01,Other theft,99
Richmond upon Thames,2025-07-01,Possession of weapons,3
Richmond upon Thames,2025-07-01,Public order,78
Richmond upon Thames,2025-07-01,Robbery,28
Richmond upon Thames,2025-07-01,Shoplifting,116
Richmond upon Thames,2025-07-01,Theft from the person,35
Richmond upon Thames,2025-07-01,Vehicle crime,123
Richmond upon Thames,2025-07-01,Violence and sexual offences,313
Southwark,2025-07-01,Anti-social behaviour,946
Southwark,2025-07-01,Bicycle theft,119
Southwark,2025-07-01,Burglary,212
Southwark,2025-07-01,Criminal damage and arson,147
Southwark,2025-07-01,Drugs,178
Southwark,2025-07-01,Other crime,43
Southwark,2025-07-01,Other theft,435
Southwark,2025-07-01,Possession of weapons,31
Southwark,2025-07-01,Public order,233
Southwark,2025-07-01,Robbery,144
Southwark,2025-07-01,Shoplifting,209
Southwark,2025-07-01,Theft from the person,518
Southwark,2025-07-01,Vehicle crime,207
Southwark,2025-07-01,Violence and sexual offences,946
Sutton,2025-07-01,Anti-social behaviour,336
Sutton,2025-07-01,Bicycle theft,8
Sutton,2025-07-01,Burglary,81
Sutton,2025-07-01,Criminal damage and arson,106
Sutton,2025-07-01,Drugs,56
Sutton,2025-07-01,Other crime,22
Sutton,2025-07-01,Other theft,80
Sutton,2025-07-01,Possession of weapons,8
Sutton,2025-07-01,Public order,112
Sutton,2025-07-01,Robbery,27
Sutton,2025-07-01,Shoplifting,77
Sutton,2025-07-01,Theft from the person,20
Sutton,2025-07-01,Vehicle crime,100
Sutton,2025-07-01,Violence and sexual offences,502
Tower Hamlets,2025-07-01,Anti-social behaviour,1306
Tower Hamlets,2025-07-01,Bicycle theft,90
Tower Hamlets,2025-07-01,Burglary,156
Tower Hamlets,2025-07-01,Criminal damage and arson,182
Tower Hamlets,2025-07-01,Drugs,284
Tower Hamlets,2025-07-01,Other crime,55
Tower Hamlets,2025-07-01,Other theft,328
Tower Hamlets,2025-07-01,Possession of weapons,26
Tower Hamlets,2025-07-01,Public order,268
Tower Hamlets,2025-07-01,Robbery,119
Tower Hamlets,2025-07-01,Shoplifting,306
Tower Hamlets,2025-07-01,Theft from the person,254
Tower Hamlets,2025-07-01,Vehicle crime,214
Tower Hamlets,2025-07-01,Violence and sexual offences,1102
Waltham Forest,2025-07-01,Anti-social behaviour,695
Waltham Forest,2025-07-01,Bicycle theft,29
Waltham Forest,2025-07-01,Burglary,78
Waltham Forest,2025-07-01,Criminal damage and arson,137
Waltham Forest,2025-07-01,Drugs,144
Waltham Forest,2025-07-01,Other crime,22
Waltham Forest,2025-07-01,Other theft,183
Waltham Forest,2025-07-01,Possession of weapons,12
Waltham Forest,2025-07-01,Public order,180
Waltham Forest,2025-07-01,Robbery,70
Waltham Forest,2025-07-01,Shoplifting,205
Waltham Forest,2025-07-01,Theft from the person,138
Waltham Forest,2025-07-01,Vehicle crime,223
Waltham Forest,2025-07-01,Violence and sexual offences,624
Wandsworth,2025-07-01,Anti-social behaviour,814
Wandsworth,2025-07-01,Bicycle theft,61
Wandsworth,2025-07-01,Burglary,148
Wandsworth,2025-07-01,Criminal damage and arson,126
Wandsworth,2025-07-01,Drugs,121
Wandsworth,2025-07-01,Other crime,29
Wandsworth,2025-07-01,Other theft,227
Wandsworth,2025-07-01,Possession of weapons,23
Wandsworth,2025-07-01,Public order,189
Wandsworth,2025-07-01,Robbery,57
Wandsworth,2025-07-01,Shoplifting,270
Wandsworth,2025-07-01,Theft from the person,130
Wandsworth,2025-07-01,Vehicle crime,228
Wandsworth,2025-07-01,Violence and sexual offences,823
Westminster,2025-07-01,Anti-social behaviour,1318
Westminster,2025-07-01,Bicycle theft,103
Westminster,2025-07-01,Burglary,238
Westminster,2025-07-01,Criminal damage and arson,186
Westminster,2025-07-01,Drugs,197
Westminster,2025-07-01,Other crime,53
Westminster,2025-07-01,Other theft,1560
Westminster,2025-07-01,Possession of weapons,34
Westminster,2025-07-01,Public order,335
Westminster,2025-07-01,Robbery,308
Westminster,2025-07-01,Shoplifting,669
Westminster,2025-07-01,Theft from the person,1889
Westminster,2025-07-01,Vehicle crime,260
Westminster,2025-07-01,Violence and sexual offences,1164
Barking and Dagenham,2025-08-01,Anti-social behaviour,443
Barking and Dagenham,2025-08-01,Bicycle theft,14
Barking and Dagenham,2025-08-01,Burglary,60
Barking and Dagenham,2025-08-01,Criminal damage and arson,133
Barking and Dagenham,2025-08-01,Drugs,150
Barking and Dagenham,2025-08-01,Other crime,20
Barking and Dagenham,2025-08-01,Other theft,126
Barking and Dagenham,2025-08-01,Possession of weapons,12
Barking and Dagenham,2025-08-01,Public order,108
Barking and Dagenham,2025-08-01,Robbery,49
Barking and Dagenham,2025-08-01,Shoplifting,60
Barking and Dagenham,2025-08-01,Theft from the person,56
Barking and Dagenham,2025-08-01,Vehicle crime,141
Barking and Dagenham,2025-08-01,Violence and sexual offences,677
Barnet,2025-08-01,Anti-social behaviour,792
Barnet,2025-08-01,Bicycle theft,20
Barnet,2025-08-01,Burglary,177
Barnet,2025-08-01,Criminal damage and arson,162
Barnet,2025-08-01,Drugs,177
Barnet,2025-08-01,Other crime,35
Barnet,2025-08-01,Other theft,167
Barnet,2025-08-01,Possession of weapons,15
Barnet,2025-08-01,Public order,144
Barnet,2025-08-01,Robbery,51
Barnet,2025-08-01,Shoplifting,274
Barnet,2025-08-01,Theft from the person,67
Barnet,2025-08-01,Vehicle crime,303
Barnet,2025-08-01,Violence and sexual offences,638
Bexley,2025-08-01,Anti-social behaviour,371
Bexley,2025-08-01,Bicycle theft,8
Bexley,2025-08-01,Burglary,60
Bexley,2025-08-01,Criminal damage and arson,137
Bexley,2025-08-01,Drugs,60
Bexley,2025-08-01,Other crime,24
Bexley,2025-08-01,Other theft,89
Bexley,2025-08-01,Possession of weapons,7
Bexley,2025-08-01,Public order,83
Bexley,2025-08-01,Robbery,30
Bexley,2025-08-01,Shoplifting,141
Bexley,2025-08-01,Theft from the person,15
Bexley,2025-08-01,Vehicle crime,139
Bexley,2025-08-01,Violence and sexual offences,521
Brent,2025-08-01,Anti-social behaviour,1002
Brent,2025-08-01,Bicycle theft,21
Brent,2025-08-01,Burglary,131
Brent,2025-08-01,Criminal damage and arson,157
Brent,2025-08-01,Drugs,303
Brent,2025-08-01,Other crime,41
Brent,2025-08-01,Other theft,261
Brent,2025-08-01,Possession of weapons,23
Brent,2025-08-01,Public order,193
Brent,2025-08-01,Robbery,112
Brent,2025-08-01,Shoplifting,331
Brent,2025-08-01,Theft from the person,164
Brent,2025-08-01,Vehicle crime,249
Brent,2025-08-01,Violence and sexual offences,939
Bromley,2025-08-01,Anti-social behaviour,567
Bromley,2025-08-01,Bicycle theft,22
Bromley,2025-08-01,Burglary,69
Bromley,2025-08-01,Criminal damage and arson,222
Bromley,2025-08-01,Drugs,115
Bromley,2025-08-01,Other crime,40
Bromley,2025-08-01,Other theft,171
Bromley,2025-08-01,Possession of weapons,15
Bromley,2025-08-01,Public order,190
Bromley,2025-08-01,Robbery,51
Bromley,2025-08-01,Shoplifting,218
Bromley,2025-08-01,Theft from the person,64
Bromley,2025-08-01,Vehicle crime,292
Bromley,2025-08-01,Violence and sexual offences,574
Camden,2025-08-01,Anti-social behaviour,788
Camden,2025-08-01,Bicycle theft,74
Camden,2025-08-01,Burglary,197
Camden,2025-08-01,Criminal damage and arson,143
Camden,2025-08-01,Drugs,123
Camden,2025-08-01,Other crime,12
Camden,2025-08-01,Other theft,574
Camden,2025-08-01,Possession of weapons,13
Camden,2025-08-01,Public order,181
Camden,2025-08-01,Robbery,125
Camden,2025-08-01,Shoplifting,387
Camden,2025-08-01,Theft from the person,481
Camden,2025-08-01,Vehicle crime,248
Camden,2025-08-01,Violence and sexual offences,653
City of London,2025-08-01,Anti-social behaviour,1
City of London,2025-08-01,Bicycle theft,7
City of London,2025-08-01,Burglary,4
City of London,2025-08-01,Criminal damage and arson,6
City of London,2025-08-01,Drugs,6
City of London,2025-08-01,Other theft,52
City of London,2025-08-01,Possession of weapons,2
City of London,2025-08-01,Public order,4
City of London,2025-08-01,Robbery,11
City of London,2025-08-01,Shoplifting,37
City of London,2025-08-01,Theft from the person,38
City of London,2025-08-01,Vehicle crime,6
City of London,2025-08-01,Violence and sexual offences,20
Croydon,2025-08-01,Anti-social behaviour,958
Croydon,2025-08-01,Bicycle theft,19
Croydon,2025-08-01,Burglary,153
Croydon,2025-08-01,Criminal damage and arson,243
Croydon,2025-08-01,Drugs,167
Croydon,2025-08-01,Other crime,47
Croydon,2025-08-01,Other theft,207
Croydon,2025-08-01,Possession of weapons,20
Croydon,2025-08-01,Public order,222
Croydon,2025-08-01,Robbery,76
Croydon,2025-08-01,Shoplifting,280
Croydon,2025-08-01,Theft from the person,89
Croydon,2025-08-01,Vehicle crime,302
Croydon,2025-08-01,Violence and sexual offences,1067
Ealing,2025-08-01,Anti-social behaviour,1042
Ealing,2025-08-01,Bicycle theft,29
Ealing,2025-08-01,Burglary,133
Ealing,2025-08-01,Criminal damage and arson,174
Ealing,2025-08-01,Drugs,158
Ealing,2025-08-01,Other crime,39
Ealing,2025-08-01,Other theft,231
Ealing,2025-08-01,Possession of weapons,10
Ealing,2025-08-01,Public order,224
Ealing,2025-08-01,Robbery,71
Ealing,2025-08-01,Shoplifting,248
Ealing,2025-08-01,Theft from the person,49
Ealing,2025-08-01,Vehicle crime,339
Ealing,2025-08-01,Violence and sexual offences,940
Enfield,2025-08-01,Anti-social behaviour,693
Enfield,2025-08-01,Bicycle theft,17
Enfield,2025-08-01,Burglary,164
Enfield,2025-08-01,Criminal damage and arson,152
Enfield,2025-08-01,Drugs,173
Enfield,2025-08-01,Other crime,40
Enfield,2025-08-01,Other theft,189
Enfield,2025-08-01,Possession of weapons,20
Enfield,2025-08-01,Public order,137
Enfield,2025-08-01,Robbery,80
Enfield,2025-08-01,Shoplifting,261
Enfield,2025-08-01,Theft from the person,83
Enfield,2025-08-01,Vehicle crime,240
Enfield,2025-08-01,Violence and sexual offences,688
Greenwich,2025-08-01,Anti-social behaviour,685
Greenwich,2025-08-01,Bicycle theft,22
Greenwich,2025-08-01,Burglary,125
Greenwich,2025-08-01,Criminal damage and arson,196
Greenwich,2025-08-01,Drugs,154
Greenwich,2025-08-01,Other crime,23
Greenwich,2025-08-01,Other theft,223
Greenwich,2025-08-01,Possession of weapons,17
Greenwich,2025-08-01,Public order,190
Greenwich,2025-08-01,Robbery,83
Greenwich,2025-08-01,Shoplifting,240
Greenwich,2025-08-01,Theft from the person,60
Greenwich,2025-08-01,Vehicle crime,213
Greenwich,2025-08-01,Violence and sexual offences,878
Hackney,2025-08-01,Anti-social behaviour,774
Hackney,2025-08-01,Bicycle theft,100
Hackney,2025-08-01,Burglary,163
Hackney,2025-08-01,Criminal damage and arson,153
Hackney,2025-08-01,Drugs,205
Hackney,2025-08-01,Other crime,26
Hackney,2025-08-01,Other theft,232
Hackney,2025-08-01,Possession of weapons,35
Hackney,2025-08-01,Public order,197
Hackney,2025-08-01,Robbery,136
Hackney,2025-08-01,Shoplifting,237
Hackney,2025-08-01,Theft from the person,345
Hackney,2025-08-01,Vehicle crime,145
Hackney,2025-08-01,Violence and sexual offences,798
Hammersmith and Fulham,2025-08-01,Anti-social behaviour,579
Hammersmith and Fulham,2025-08-01,Bicycle theft,54
Hammersmith and Fulham,2025-08-01,Burglary,107
Hammersmith and Fulham,2025-08-01,Criminal damage and arson,111
Hammersmith and Fulham,2025-08-01,Drugs,101
Hammersmith and Fulham,2025-08-01,Other crime,24
Hammersmith and Fulham,2025-08-01,Other theft,169
Hammersmith and Fulham,2025-08-01,Possession of weapons,16
Hammersmith and Fulham,2025-08-01,Public order,156
Hammersmith and Fulham,2025-08-01,Robbery,52
Hammersmith and Fulham,2025-08-01,Shoplifting,229
Hammersmith and Fulham,2025-08-01,Theft from the person,77
Hammersmith and Fulham,2025-08-01,Vehicle crime,138
Hammersmith and Fulham,2025-08-01,Violence and sexual offences,556
Haringey,2025-08-01,Anti-social behaviour,761
Haringey,2025-08-01,Bicycle theft,25
Haringey,2025-08-01,Burglary,147
Haringey,2025-08-01,Criminal damage and arson,161
Haringey,2025-08-01,Drugs,159
Haringey,2025-08-01,Other crime,32
Haringey,2025-08-01,Other theft,190
Haringey,2025-08-01,Possession of weapons,22
Haringey,2025-08-01,Public order,141
Haringey,2025-08-01,Robbery,106
Haringey,2025-08-01,Shoplifting,235
Haringey,2025-08-01,Theft from the person,212
Haringey,2025-08-01,Vehicle crime,307
Haringey,2025-08-01,Violence and sexual offences,720
Harrow,2025-08-01,Anti-social behaviour,467
Harrow,2025-08-01,Bicycle theft,6
Harrow,2025-08-01,Burglary,78
Harrow,2025-08-01,Criminal damage and arson,86
Harrow,2025-08-01,Drugs,67
Harrow,2025-08-01,Other crime,17
Harrow,2025-08-01,Other theft,125
Harrow,2025-08-01,Possession of weapons,11
Harrow,2025-08-01,Public order,76
Harrow,2025-08-01,Robbery,43
Harrow,2025-08-01,Shoplifting,153
Harrow,2025-08-01,Theft from the person,98
Harrow,2025-08-01,Vehicle crime,156
Harrow,2025-08-01,Violence and sexual offences,454
Havering,2025-08-01,Anti-social behaviour,514
Havering,2025-08-01,Bicycle theft,8
Havering,2025-08-01,Burglary,82
Havering,2025-08-01,Criminal damage and arson,115
Havering,2025-08-01,Drugs,132
Havering,2025-08-01,Other crime,32
Havering,2025-08-01,Other theft,108
Havering,2025-08-01,Possession of weapons,13
Havering,2025-08-01,Public order,137
Havering,2025-08-01,Robbery,54
Havering,2025-08-01,Shoplifting,211
Havering,2025-08-01,Theft from the person,30
Havering,2025-08-01,Vehicle crime,148
Havering,2025-08-01,Violence and sexual offences,578
Hillingdon,2025-08-01,Anti-social behaviour,846
Hillingdon,2025-08-01,Bicycle theft,25
Hillingdon,2025-08-01,Burglary,107
Hillingdon,2025-08-01,Criminal damage and arson,167
Hillingdon,2025-08-01,Drugs,118
Hillingdon,2025-08-01,Other crime,213
Hillingdon,2025-08-01,Other theft,271
Hillingdon,2025-08-01,Possession of weapons,9
Hillingdon,2025-08-01,Public order,205
Hillingdon,2025-08-01,Robbery,62
Hillingdon,2025-08-01,Shoplifting,308
Hillingdon,2025-08-01,Theft from the person,76
Hillingdon,2025-08-01,Vehicle crime,294
Hillingdon,2025-08-01,Violence and sexual offences,772
Hounslow,2025-08-01,Anti-social behaviour,729
Hounslow,2025-08-01,Bicycle theft,34
Hounslow,2025-08-01,Burglary,120
Hounslow,2025-08-01,Criminal damage and arson,170
Hounslow,2025-08-01,Drugs,121
Hounslow,2025-08-01,Other crime,23
Hounslow,2025-08-01,Other theft,181
Hounslow,2025-08-01,Possession of weapons,18
Hounslow,2025-08-01,Public order,193
Hounslow,2025-08-01,Robbery,60
Hounslow,2025-08-01,Shoplifting,275
Hounslow,2025-08-01,Theft from the person,84
Hounslow,2025-08-01,Vehicle crime,202
Hounslow,2025-08-01,Violence and sexual offences,776
Islington,2025-08-01,Anti-social behaviour,789
Islington,2025-08-01,Bicycle theft,51
Islington,2025-08-01,Burglary,115
Islington,2025-08-01,Criminal damage and arson,122
Islington,2025-08-01,Drugs,175
Islington,2025-08-01,Other crime,29
Islington,2025-08-01,Other theft,268
Islington,2025-08-01,Possession of weapons,22
Islington,2025-08-01,Public order,206
Islington,2025-08-01,Robbery,106
Islington,2025-08-01,Shoplifting,255
Islington,2025-08-01,Theft from the person,392
Islington,2025-08-01,Vehicle crime,156
Islington,2025-08-01,Violence and sexual offences,692
Kensington and Chelsea,2025-08-01,Anti-social behaviour,512
Kensington and Chelsea,2025-08-01,Bicycle theft,21
Kensington and Chelsea,2025-08-01,Burglary,83
Kensington and Chelsea,2025-08-01,Criminal damage and arson,111
Kensington and Chelsea,2025-08-01,Drugs,458
Kensington and Chelsea,2025-08-01,Other crime,16
Kensington and Chelsea,2025-08-01,Other theft,266
Kensington and Chelsea,2025-08-01,Possession of weapons,37
Kensington and Chelsea,2025-08-01,Public order,173
Kensington and Chelsea,2025-08-01,Robbery,63
Kensington and Chelsea,2025-08-01,Shoplifting,335
Kensington and Chelsea,2025-08-01,Theft from the person,319
Kensington and Chelsea,2025-08-01,Vehicle crime,200
Kensington and Chelsea,2025-08-01,Violence and sexual offences,587
Kingston upon Thames,2025-08-01,Anti-social behaviour,292
Kingston upon Thames,2025-08-01,Bicycle theft,30
Kingston upon Thames,2025-08-01,Burglary,32
Kingston upon Thames,2025-08-01,Criminal damage and arson,62
Kingston upon Thames,2025-08-01,Drugs,45
Kingston upon Thames,2025-08-01,Other crime,18
Kingston upon Thames,2025-08-01,Other theft,69
Kingston upon Thames,2025-08-01,Possession of weapons,6
Kingston upon Thames,2025-08-01,Public order,94
Kingston upon Thames,2025-08-01,Robbery,21
Kingston upon Thames,2025-08-01,Shoplifting,119
Kingston upon Thames,2025-08-01,Theft from the person,29
Kingston upon Thames,2025-08-01,Vehicle crime,91
Kingston upon Thames,2025-08-01,Violence and sexual offences,290
Lambeth,2025-08-01,Anti-social behaviour,968
Lambeth,2025-08-01,Bicycle theft,79
Lambeth,2025-08-01,Burglary,144
Lambeth,2025-08-01,Criminal damage and arson,176
Lambeth,2025-08-01,Drugs,140
Lambeth,2025-08-01,Other crime,31
Lambeth,2025-08-01,Other theft,402
Lambeth,2025-08-01,Possession of weapons,20
Lambeth,2025-08-01,Public order,223
Lambeth,2025-08-01,Robbery,128
Lambeth,2025-08-01,Shoplifting,310
Lambeth,2025-08-01,Theft from the person,401
Lambeth,2025-08-01,Vehicle crime,216
Lambeth,2025-08-01,Violence and sexual offences,907
Lewisham,2025-08-01,Anti-social behaviour,785
Lewisham,2025-08-01,Bicycle theft,20
Lewisham,2025-08-01,Burglary,132
Lewisham,2025-08-01,Criminal damage and arson,167
Lewisham,2025-08-01,Drugs,157
Lewisham,2025-08-01,Other crime,34
Lewisham,2025-08-01,Other theft,183
Lewisham,2025-08-01,Possession of weapons,29
Lewisham,2025-08-01,Public order,202
Lewisham,2025-08-01,Robbery,71
Lewisham,2025-08-01,Shoplifting,214
Lewisham,2025-08-01,Theft from the person,93
Lewisham,2025-08-01,Vehicle crime,228
Lewisham,2025-08-01,Violence and sexual offences,862
Merton,2025-08-01,Anti-social behaviour,348
Merton,2025-08-01,Bicycle theft,18
Merton,2025-08-01,Burglary,53
Merton,2025-08-01,Criminal damage and arson,106
Merton,2025-08-01,Drugs,45
Merton,2025-08-01,Other crime,17
Merton,2025-08-01,Other theft,85
Merton,2025-08-01,Possession of weapons,7
Merton,2025-08-01,Public order,78
Merton,2025-08-01,Robbery,23
Merton,2025-08-01,Shoplifting,122
Merton,2025-08-01,Theft from the person,26
Merton,2025-08-01,Vehicle crime,94
Merton,2025-08-01,Violence and sexual offences,405
Newham,2025-08-01,Anti-social behaviour,958
Newham,2025-08-01,Bicycle theft,65
Newham,2025-08-01,Burglary,128
Newham,2025-08-01,Criminal damage and arson,179
Newham,2025-08-01,Drugs,193
Newham,2025-08-01,Other crime,51
Newham,2025-08-01,Other theft,264
Newham,2025-08-01,Possession of weapons,33
Newham,2025-08-01,Public order,225
Newham,2025-08-01,Robbery,135
Newham,2025-08-01,Shoplifting,428
Newham,2025-08-01,Theft from the person,256
Newham,2025-08-01,Vehicle crime,313
Newham,2025-08-01,Violence and sexual offences,958
Redbridge,2025-08-01,Anti-social behaviour,628
Redbridge,2025-08-01,Bicycle theft,15
Redbridge,2025-08-01,Burglary,89
Redbridge,2025-08-01,Criminal damage and arson,122
Redbridge,2025-08-01,Drugs,96
Redbridge,2025-08-01,Other crime,18
Redbridge,2025-08-01,Other theft,150
Redbridge,2025-08-01,Possession of weapons,12
Redbridge,2025-08-01,Public order,152
Redbridge,2025-08-01,Robbery,70
Redbridge,2025-08-01,Shoplifting,199
Redbridge,2025-08-01,Theft from the person,75
Redbridge,2025-08-01,Vehicle crime,203
Redbridge,2025-08-01,Violence and sexual offences,772
Richmond upon Thames,2025-08-01,Anti-social behaviour,300
Richmond upon Thames,2025-08-01,Bicycle theft,34
Richmond upon Thames,2025-08-01,Burglary,72
Richmond upon Thames,2025-08-01,Criminal damage and arson,93
Richmond upon Thames,2025-08-01,Drugs,48
Richmond upon Thames,2025-08-01,Other crime,17
Richmond upon Thames,2025-08-01,Other theft,80
Richmond upon Thames,2025-08-01,Possession of weapons,3
Richmond upon Thames,2025-08-01,Public order,75
Richmond upon Thames,2025-08-01,Robbery,19
Richmond upon Thames,2025-08-01,Shoplifting,83
Richmond upon Thames,2025-08-01,Theft from the person,14
Richmond upon Thames,2025-08-01,Vehicle crime,100
Richmond upon Thames,2025-08-01,Violence and sexual offences,264
Southwark,2025-08-01,Anti-social behaviour,881
Southwark,2025-08-01,Bicycle theft,92
Southwark,2025-08-01,Burglary,216
Southwark,2025-08-01,Criminal damage and arson,179
Southwark,2025-08-01,Drugs,151
Southwark,2025-08-01,Other crime,28
Southwark,2025-08-01,Other theft,440
Southwark,2025-08-01,Possession of weapons,30
Southwark,2025-08-01,Public order,176
Southwark,2025-08-01,Robbery,137
Southwark,2025-08-01,Shoplifting,231
Southwark,2025-08-01,Theft from the person,489
Southwark,2025-08-01,Vehicle crime,215
Southwark,2025-08-01,Violence and sexual offences,916
Sutton,2025-08-01,Anti-social behaviour,316
Sutton,2025-08-01,Bicycle theft,7
Sutton,2025-08-01,Burglary,85
Sutton,2025-08-01,Criminal damage and arson,74
Sutton,2025-08-01,Drugs,58
Sutton,2025-08-01,Other crime,13
Sutton,2025-08-01,Other theft,85
Sutton,2025-08-01,Possession of weapons,8
Sutton,2025-08-01,Public order,87
Sutton,2025-08-01,Robbery,22
Sutton,2025-08-01,Shoplifting,92
Sutton,2025-08-01,Theft from the person,27
Sutton,2025-08-01,Vehicle crime,88
Sutton,2025-08-01,Violence and sexual offences,366
Tower Hamlets,2025-08-01,Anti-social behaviour,1141
Tower Hamlets,2025-08-01,Bicycle theft,94
Tower Hamlets,2025-08-01,Burglary,194
Tower Hamlets,2025-08-01,Criminal damage and arson,174
Tower Hamlets,2025-08-01,Drugs,203
Tower Hamlets,2025-08-01,Other crime,40
Tower Hamlets,2025-08-01,Other theft,314
Tower Hamlets,2025-08-01,Possession of weapons,23
Tower Hamlets,2025-08-01,Public order,260
Tower Hamlets,2025-08-01,Robbery,120
Tower Hamlets,2025-08-01,Shoplifting,335
Tower Hamlets,2025-08-01,Theft from the person,204
Tower Hamlets,2025-08-01,Vehicle crime,195
Tower Hamlets,2025-08-01,Violence and sexual offences,986
Waltham Forest,2025-08-01,Anti-social behaviour,630
Waltham Forest,2025-08-01,Bicycle theft,40
Waltham Forest,2025-08-01,Burglary,99
Waltham Forest,2025-08-01,Criminal damage and arson,118
Waltham Forest,2025-08-01,Drugs,129
Waltham Forest,2025-08-01,Other crime,21
Waltham Forest,2025-08-01,Other theft,181
Waltham Forest,2025-08-01,Possession of weapons,5
Waltham Forest,2025-08-01,Public order,98
Waltham Forest,2025-08-01,Robbery,74
Waltham Forest,2025-08-01,Shoplifting,184
Waltham Forest,2025-08-01,Theft from the person,104
Waltham Forest,2025-08-01,Vehicle crime,191
Waltham Forest,2025-08-01,Violence and sexual offences,519
Wandsworth,2025-08-01,Anti-social behaviour,682
Wandsworth,2025-08-01,Bicycle theft,50
Wandsworth,2025-08-01,Burglary,179
Wandsworth,2025-08-01,Criminal damage and arson,148
Wandsworth,2025-08-01,Drugs,133
Wandsworth,2025-08-01,Other crime,26
Wandsworth,2025-08-01,Other theft,191
Wandsworth,2025-08-01,Possession of weapons,25
Wandsworth,2025-08-01,Public order,169
Wandsworth,2025-08-01,Robbery,70
Wandsworth,2025-08-01,Shoplifting,348
Wandsworth,2025-08-01,Theft from the person,117
Wandsworth,2025-08-01,Vehicle crime,270
Wandsworth,2025-08-01,Violence and sexual offences,723
Westminster,2025-08-01,Anti-social behaviour,1301
Westminster,2025-08-01,Bicycle theft,102
Westminster,2025-08-01,Burglary,218
Westminster,2025-08-01,Criminal damage and arson,223
Westminster,2025-08-01,Drugs,451
Westminster,2025-08-01,Other crime,51
Westminster,2025-08-01,Other theft,1395
Westminster,2025-08-01,Possession of weapons,34
Westminster,2025-08-01,Public order,349
Westminster,2025-08-01,Robbery,291
Westminster,2025-08-01,Shoplifting,653
Westminster,2025-08-01,Theft from the person,1449
Westminster,2025-08-01,Vehicle crime,310
Westminster,2025-08-01,Violence and sexual offences,1147
Barking and Dagenham,2025-09-01,Anti-social behaviour,360
Barking and Dagenham,2025-09-01,Bicycle theft,10
Barking and Dagenham,2025-09-01,Burglary,64
Barking and Dagenham,2025-09-01,Criminal damage and arson,105
Barking and Dagenham,2025-09-01,Drugs,121
Barking and Dagenham,2025-09-01,Other crime,20
Barking and Dagenham,2025-09-01,Other theft,100
Barking and Dagenham,2025-09-01,Possession of weapons,10
Barking and Dagenham,2025-09-01,Public order,115
Barking and Dagenham,2025-09-01,Robbery,63
Barking and Dagenham,2025-09-01,Shoplifting,88
Barking and Dagenham,2025-09-01,Theft from the person,62
Barking and Dagenham,2025-09-01,Vehicle crime,182
Barking and Dagenham,2025-09-01,Violence and sexual offences,712
Barnet,2025-09-01,Anti-social behaviour,658
Barnet,2025-09-01,Bicycle theft,16
Barnet,2025-09-01,Burglary,150
Barnet,2025-09-01,Criminal damage and arson,173
Barnet,2025-09-01,Drugs,125
Barnet,2025-09-01,Other crime,43
Barnet,2025-09-01,Other theft,222
Barnet,2025-09-01,Possession of weapons,15
Barnet,2025-09-01,Public order,157
Barnet,2025-09-01,Robbery,52
Barnet,2025-09-01,Shoplifting,254
Barnet,2025-09-01,Theft from the person,86
Barnet,2025-09-01,Vehicle crime,355
Barnet,2025-09-01,Violence and sexual offences,705
Bexley,2025-09-01,Anti-social behaviour,309
Bexley,2025-09-01,Bicycle theft,7
Bexley,2025-09-01,Burglary,62
Bexley,2025-09-01,Criminal damage and arson,117
Bexley,2025-09-01,Drugs,75
Bexley,2025-09-01,Other crime,17
Bexley,2025-09-01,Other theft,108
Bexley,2025-09-01,Possession of weapons,10
Bexley,2025-09-01,Public order,106
Bexley,2025-09-01,Robbery,31
Bexley,2025-09-01,Shoplifting,139
Bexley,2025-09-01,Theft from the person,23
Bexley,2025-09-01,Vehicle crime,113
Bexley,2025-09-01,Violence and sexual offences,513
Brent,2025-09-01,Anti-social behaviour,842
Brent,2025-09-01,Bicycle theft,20
Brent,2025-09-01,Burglary,130
Brent,2025-09-01,Criminal damage and arson,169
Brent,2025-09-01,Drugs,317
Brent,2025-09-01,Other crime,40
Brent,2025-09-01,Other theft,270
Brent,2025-09-01,Possession of weapons,17
Brent,2025-09-01,Public order,212
Brent,2025-09-01,Robbery,99
Brent,2025-09-01,Shoplifting,277
Brent,2025-09-01,Theft from the person,154
Brent,2025-09-01,Vehicle crime,254
Brent,2025-09-01,Violence and sexual offences,828
Bromley,2025-09-01,Anti-social behaviour,432
Bromley,2025-09-01,Bicycle theft,15
Bromley,2025-09-01,Burglary,105
Bromley,2025-09-01,Criminal damage and arson,193
Bromley,2025-09-01,Drugs,113
Bromley,2025-09-01,Other crime,24
Bromley,2025-09-01,Other theft,171
Bromley,2025-09-01,Possession of weapons,19
Bromley,2025-09-01,Public order,136
Bromley,2025-09-01,Robbery,56
Bromley,2025-09-01,Shoplifting,227
Bromley,2025-09-01,Theft from the person,59
Bromley,2025-09-01,Vehicle crime,307
Bromley,2025-09-01,Violence and sexual offences,563
Camden,2025-09-01,Anti-social behaviour,661
Camden,2025-09-01,Bicycle theft,80
Camden,2025-09-01,Burglary,197
Camden,2025-09-01,Criminal damage and arson,144
Camden,2025-09-01,Drugs,113
Camden,2025-09-01,Other crime,17
Camden,2025-09-01,Other theft,610
Camden,2025-09-01,Possession of weapons,14
Camden,2025-09-01,Public order,217
Camden,2025-09-01,Robbery,125
Camden,2025-09-01,Shoplifting,350
Camden,2025-09-01,Theft from the person,503
Camden,2025-09-01,Vehicle crime,243
Camden,2025-09-01,Violence and sexual offences,675
City of London,2025-09-01,Anti-social behaviour,7
City of London,2025-09-01,Burglary,10
City of London,2025-09-01,Criminal damage and arson,2
City of London,2025-09-01,Drugs,11
City of London,2025-09-01,Other theft,31
City of London,2025-09-01,Possession of weapons,1
City of London,2025-09-01,Public order,6
City of London,2025-09-01,Robbery,5
City of London,2025-09-01,Shoplifting,41
City of London,2025-09-01,Theft from the person,34
City of London,2025-09-01,Vehicle crime,1
City of London,2025-09-01,Violence and sexual offences,24
Croydon,2025-09-01,Anti-social behaviour,752
Croydon,2025-09-01,Bicycle theft,14
Croydon,2025-09-01,Burglary,125
Croydon,2025-09-01,Criminal damage and arson,202
Croydon,2025-09-01,Drugs,170
Croydon,2025-09-01,Other crime,39
Croydon,2025-09-01,Other theft,216
Croydon,2025-09-01,Possession of weapons,26
Croydon,2025-09-01,Public order,215
Croydon,2025-09-01,Robbery,93
Croydon,2025-09-01,Shoplifting,292
Croydon,2025-09-01,Theft from the person,83
Croydon,2025-09-01,Vehicle crime,338
Croydon,2025-09-01,Violence and sexual offences,970
Ealing,2025-09-01,Anti-social behaviour,902
Ealing,2025-09-01,Bicycle theft,39
Ealing,2025-09-01,Burglary,132
Ealing,2025-09-01,Criminal damage and arson,185
Ealing,2025-09-01,Drugs,145
Ealing,2025-09-01,Other crime,27
Ealing,2025-09-01,Other theft,248
Ealing,2025-09-01,Possession of weapons,28
Ealing,2025-09-01,Public order,145
Ealing,2025-09-01,Robbery,58
Ealing,2025-09-01,Shoplifting,171
Ealing,2025-09-01,Theft from the person,77
Ealing,2025-09-01,Vehicle crime,347
Ealing,2025-09-01,Violence and sexual offences,900
Enfield,2025-09-01,Anti-social behaviour,609
Enfield,2025-09-01,Bicycle theft,18
Enfield,2025-09-01,Burglary,172
Enfield,2025-09-01,Criminal damage and arson,149
Enfield,2025-09-01,Drugs,179
Enfield,2025-09-01,Other crime,39
Enfield,2025-09-01,Other theft,208
Enfield,2025-09-01,Possession of weapons,22
Enfield,2025-09-01,Public order,129
Enfield,2025-09-01,Robbery,80
Enfield,2025-09-01,Shoplifting,245
Enfield,2025-09-01,Theft from the person,87
Enfield,2025-09-01,Vehicle crime,361
Enfield,2025-09-01,Violence and sexual offences,751
Greenwich,2025-09-01,Anti-social behaviour,491
Greenwich,2025-09-01,Bicycle theft,22
Greenwich,2025-09-01,Burglary,110
Greenwich,2025-09-01,Criminal damage and arson,150
Greenwich,2025-09-01,Drugs,173
Greenwich,2025-09-01,Other crime,37
Greenwich,2025-09-01,Other theft,216
Greenwich,2025-09-01,Possession of weapons,20
Greenwich,2025-09-01,Public order,178
Greenwich,2025-09-01,Robbery,67
Greenwich,2025-09-01,Shoplifting,220
Greenwich,2025-09-01,Theft from the person,42
Greenwich,2025-09-01,Vehicle crime,214
Greenwich,2025-09-01,Violence and sexual offences,841
Hackney,2025-09-01,Anti-social behaviour,651
Hackney,2025-09-01,Bicycle theft,117
Hackney,2025-09-01,Burglary,164
Hackney,2025-09-01,Criminal damage and arson,140
Hackney,2025-09-01,Drugs,179
Hackney,2025-09-01,Other crime,34
Hackney,2025-09-01,Other theft,285
Hackney,2025-09-01,Possession of weapons,24
Hackney,2025-09-01,Public order,225
Hackney,2025-09-01,Robbery,128
Hackney,2025-09-01,Shoplifting,178
Hackney,2025-09-01,Theft from the person,316
Hackney,2025-09-01,Vehicle crime,198
Hackney,2025-09-01,Violence and sexual offences,750
Hammersmith and Fulham,2025-09-01,Anti-social behaviour,528
Hammersmith and Fulham,2025-09-01,Bicycle theft,64
Hammersmith and Fulham,2025-09-01,Burglary,94
Hammersmith and Fulham,2025-09-01,Criminal damage and arson,90
Hammersmith and Fulham,2025-09-01,Drugs,120
Hammersmith and Fulham,2025-09-01,Other crime,18
Hammersmith and Fulham,2025-09-01,Other theft,206
Hammersmith and Fulham,2025-09-01,Possession of weapons,17
Hammersmith and Fulham,2025-09-01,Public order,107
Hammersmith and Fulham,2025-09-01,Robbery,47
Hammersmith and Fulham,2025-09-01,Shoplifting,198
Hammersmith and Fulham,2025-09-01,Theft from the person,66
Hammersmith and Fulham,2025-09-01,Vehicle crime,166
Hammersmith and Fulham,2025-09-01,Violence and sexual offences,514
Haringey,2025-09-01,Anti-social behaviour,589
Haringey,2025-09-01,Bicycle theft,28
Haringey,2025-09-01,Burglary,112
Haringey,2025-09-01,Criminal damage and arson,118
Haringey,2025-09-01,Drugs,200
Haringey,2025-09-01,Other crime,31
Haringey,2025-09-01,Other theft,164
Haringey,2025-09-01,Possession of weapons,25
Haringey,2025-09-01,Public order,140
Haringey,2025-09-01,Robbery,90
Haringey,2025-09-01,Shoplifting,176
Haringey,2025-09-01,Theft from the person,176
Haringey,2025-09-01,Vehicle crime,300
Haringey,2025-09-01,Violence and sexual offences,670
Harrow,2025-09-01,Anti-social behaviour,391
Harrow,2025-09-01,Bicycle theft,10
Harrow,2025-09-01,Burglary,96
Harrow,2025-09-01,Criminal damage and arson,89
Harrow,2025-09-01,Drugs,86
Harrow,2025-09-01,Other crime,13
Harrow,2025-09-01,Other theft,123
Harrow,2025-09-01,Possession of weapons,6
Harrow,2025-09-01,Public order,88
Harrow,2025-09-01,Robbery,62
Harrow,2025-09-01,Shoplifting,129
Harrow,2025-09-01,Theft from the person,89
Harrow,2025-09-01,Vehicle crime,152
Harrow,2025-09-01,Violence and sexual offences,468
Havering,2025-09-01,Anti-social behaviour,388
Havering,2025-09-01,Bicycle theft,2
Havering,2025-09-01,Burglary,69
Havering,2025-09-01,Criminal damage and arson,130
Havering,2025-09-01,Drugs,106
Havering,2025-09-01,Other crime,27
Havering,2025-09-01,Other theft,137
Havering,2025-09-01,Possession of weapons,10
Havering,2025-09-01,Public order,106
Havering,2025-09-01,Robbery,56
Havering,2025-09-01,Shoplifting,184
Havering,2025-09-01,Theft from the person,43
Havering,2025-09-01,Vehicle crime,165
Havering,2025-09-01,Violence and sexual offences,544
Hillingdon,2025-09-01,Anti-social behaviour,678
Hillingdon,2025-09-01,Bicycle theft,26
Hillingdon,2025-09-01,Burglary,117
Hillingdon,2025-09-01,Criminal damage and arson,170
Hillingdon,2025-09-01,Drugs,137
Hillingdon,2025-09-01,Other crime,167
Hillingdon,2025-09-01,Other theft,249
Hillingdon,2025-09-01,Possession of weapons,7
Hillingdon,2025-09-01,Public order,195
Hillingdon,2025-09-01,Robbery,78
Hillingdon,2025-09-01,Shoplifting,300
Hillingdon,2025-09-01,Theft from the person,89
Hillingdon,2025-09-01,Vehicle crime,323
Hillingdon,2025-09-01,Violence and sexual offences,821
Hounslow,2025-09-01,Anti-social behaviour,613
Hounslow,2025-09-01,Bicycle theft,52
Hounslow,2025-09-01,Burglary,121
Hounslow,2025-09-01,Criminal damage and arson,194
Hounslow,2025-09-01,Drugs,106
Hounslow,2025-09-01,Other crime,22
Hounslow,2025-09-01,Other theft,188
Hounslow,2025-09-01,Possession of weapons,5
Hounslow,2025-09-01,Public order,184
Hounslow,2025-09-01,Robbery,52
Hounslow,2025-09-01,Shoplifting,184
Hounslow,2025-09-01,Theft from the person,102
Hounslow,2025-09-01,Vehicle crime,253
Hounslow,2025-09-01,Violence and sexual offences,756
Islington,2025-09-01,Anti-social behaviour,739
Islington,2025-09-01,Bicycle theft,81
Islington,2025-09-01,Burglary,146
Islington,2025-09-01,Criminal damage and arson,124
Islington,2025-09-01,Drugs,144
Islington,2025-09-01,Other crime,21
Islington,2025-09-01,Other theft,369
Islington,2025-09-01,Possession of weapons,22
Islington,2025-09-01,Public order,211
Islington,2025-09-01,Robbery,130
Islington,2025-09-01,Shoplifting,280
Islington,2025-09-01,Theft from the person,256
Islington,2025-09-01,Vehicle crime,180
Islington,2025-09-01,Violence and sexual offences,660
Kensington and Chelsea,2025-09-01,Anti-social behaviour,394
Kensington and Chelsea,2025-09-01,Bicycle theft,35
Kensington and Chelsea,2025-09-01,Burglary,99
Kensington and Chelsea,2025-09-01,Criminal damage and arson,81
Kensington and Chelsea,2025-09-01,Drugs,64
Kensington and Chelsea,2025-09-01,Other crime,13
Kensington and Chelsea,2025-09-01,Other theft,238
Kensington and Chelsea,2025-09-01,Possession of weapons,4
Kensington and Chelsea,2025-09-01,Public order,107
Kensington and Chelsea,2025-09-01,Robbery,46
Kensington and Chelsea,2025-09-01,Shoplifting,302
Kensington and Chelsea,2025-09-01,Theft from the person,114
Kensington and Chelsea,2025-09-01,Vehicle crime,182
Kensington and Chelsea,2025-09-01,Violence and sexual offences,428
Kingston upon Thames,2025-09-01,Anti-social behaviour,261
Kingston upon Thames,2025-09-01,Bicycle theft,22
Kingston upon Thames,2025-09-01,Burglary,50
Kingston upon Thames,2025-09-01,Criminal damage and arson,67
Kingston upon Thames,2025-09-01,Drugs,66
Kingston upon Thames,2025-09-01,Other crime,17
Kingston upon Thames,2025-09-01,Other theft,74
Kingston upon Thames,2025-09-01,Possession of weapons,14
Kingston upon Thames,2025-09-01,Public order,77
Kingston upon Thames,2025-09-01,Robbery,19
Kingston upon Thames,2025-09-01,Shoplifting,119
Kingston upon Thames,2025-09-01,Theft from the person,34
Kingston upon Thames,2025-09-01,Vehicle crime,72
Kingston upon Thames,2025-09-01,Violence and sexual offences,296
Lambeth,2025-09-01,Anti-social behaviour,902
Lambeth,2025-09-01,Bicycle theft,85
Lambeth,2025-09-01,Burglary,152
Lambeth,2025-09-01,Criminal damage and arson,208
Lambeth,2025-09-01,Drugs,171
Lambeth,2025-09-01,Other crime,32
Lambeth,2025-09-01,Other theft,342
Lambeth,2025-09-01,Possession of weapons,16
Lambeth,2025-09-01,Public order,196
Lambeth,2025-09-01,Robbery,147
Lambeth,2025-09-01,Shoplifting,248
Lambeth,2025-09-01,Theft from the person,478
Lambeth,2025-09-01,Vehicle crime,215
Lambeth,2025-09-01,Violence and sexual offences,858
Lewisham,2025-09-01,Anti-social behaviour,565
Lewisham,2025-09-01,Bicycle theft,29
Lewisham,2025-09-01,Burglary,135
Lewisham,2025-09-01,Criminal damage and arson,146
Lewisham,2025-09-01,Drugs,125
Lewisham,2025-09-01,Other crime,34
Lewisham,2025-09-01,Other theft,222
Lewisham,2025-09-01,Possession of weapons,23
Lewisham,2025-09-01,Public order,208
Lewisham,2025-09-01,Robbery,75
Lewisham,2025-09-01,Shoplifting,187
Lewisham,2025-09-01,Theft from the person,88
Lewisham,2025-09-01,Vehicle crime,211
Lewisham,2025-09-01,Violence and sexual offences,864
Merton,2025-09-01,Anti-social behaviour,286
Merton,2025-09-01,Bicycle theft,21
Merton,2025-09-01,Burglary,47
Merton,2025-09-01,Criminal damage and arson,74
Merton,2025-09-01,Drugs,40
Merton,2025-09-01,Other crime,18
Merton,2025-09-01,Other theft,91
Merton,2025-09-01,Possession of weapons,8
Merton,2025-09-01,Public order,74
Merton,2025-09-01,Robbery,26
Merton,2025-09-01,Shoplifting,81
Merton,2025-09-01,Theft from the person,22
Merton,2025-09-01,Vehicle crime,98
Merton,2025-09-01,Violence and sexual offences,419
Newham,2025-09-01,Anti-social behaviour,822
Newham,2025-09-01,Bicycle theft,40
Newham,2025-09-01,Burglary,147
Newham,2025-09-01,Criminal damage and arson,181
Newham,2025-09-01,Drugs,192
Newham,2025-09-01,Other crime,32
Newham,2025-09-01,Other theft,347
Newham,2025-09-01,Possession of weapons,26
Newham,2025-09-01,Public order,199
Newham,2025-09-01,Robbery,105
Newham,2025-09-01,Shoplifting,380
Newham,2025-09-01,Theft from the person,281
Newham,2025-09-01,Vehicle crime,365
Newham,2025-09-01,Violence and sexual offences,980
Redbridge,2025-09-01,Anti-social behaviour,480
Redbridge,2025-09-01,Bicycle theft,18
Redbridge,2025-09-01,Burglary,102
Redbridge,2025-09-01,Criminal damage and arson,110
Redbridge,2025-09-01,Drugs,103
Redbridge,2025-09-01,Other crime,32
Redbridge,2025-09-01,Other theft,195
Redbridge,2025-09-01,Possession of weapons,8
Redbridge,2025-09-01,Public order,141
Redbridge,2025-09-01,Robbery,72
Redbridge,2025-09-01,Shoplifting,216
Redbridge,2025-09-01,Theft from the person,92
Redbridge,2025-09-01,Vehicle crime,235
Redbridge,2025-09-01,Violence and sexual offences,779
Richmond upon Thames,2025-09-01,Anti-social behaviour,227
Richmond upon Thames,2025-09-01,Bicycle theft,37
Richmond upon Thames,2025-09-01,Burglary,75
Richmond upon Thames,2025-09-01,Criminal damage and arson,118
Richmond upon Thames,2025-09-01,Drugs,45
Richmond upon Thames,2025-09-01,Other crime,14
Richmond upon Thames,2025-09-01,Other theft,90
Richmond upon Thames,2025-09-01,Possession of weapons,1
Richmond upon Thames,2025-09-01,Public order,67
Richmond upon Thames,2025-09-01,Robbery,12
Richmond upon Thames,2025-09-01,Shoplifting,72
Richmond upon Thames,2025-09-01,Theft from the person,15
Richmond upon Thames,2025-09-01,Vehicle crime,107
Richmond upon Thames,2025-09-01,Violence and sexual offences,267
Southwark,2025-09-01,Anti-social behaviour,826
Southwark,2025-09-01,Bicycle theft,88
Southwark,2025-09-01,Burglary,185
Southwark,2025-09-01,Criminal damage and arson,169
Southwark,2025-09-01,Drugs,157
Southwark,2025-09-01,Other crime,27
Southwark,2025-09-01,Other theft,407
Southwark,2025-09-01,Possession of weapons,17
Southwark,2025-09-01,Public order,203
Southwark,2025-09-01,Robbery,133
Southwark,2025-09-01,Shoplifting,246
Southwark,2025-09-01,Theft from the person,575
Southwark,2025-09-01,Vehicle crime,181
Southwark,2025-09-01,Violence and sexual offences,766
Sutton,2025-09-01,Anti-social behaviour,241
Sutton,2025-09-01,Bicycle theft,7
Sutton,2025-09-01,Burglary,73
Sutton,2025-09-01,Criminal damage and arson,67
Sutton,2025-09-01,Drugs,67
Sutton,2025-09-01,Other crime,17
Sutton,2025-09-01,Other theft,77
Sutton,2025-09-01,Possession of weapons,7
Sutton,2025-09-01,Public order,116
Sutton,2025-09-01,Robbery,28
Sutton,2025-09-01,Shoplifting,126
Sutton,2025-09-01,Theft from the person,17
Sutton,2025-09-01,Vehicle crime,105
Sutton,2025-09-01,Violence and sexual offences,447
Tower Hamlets,2025-09-01,Anti-social behaviour,877
Tower Hamlets,2025-09-01,Bicycle theft,88
Tower Hamlets,2025-09-01,Burglary,257
Tower Hamlets,2025-09-01,Criminal damage and arson,182
Tower Hamlets,2025-09-01,Drugs,274
Tower Hamlets,2025-09-01,Other crime,43
Tower Hamlets,2025-09-01,Other theft,343
Tower Hamlets,2025-09-01,Possession of weapons,17
Tower Hamlets,2025-09-01,Public order,226
Tower Hamlets,2025-09-01,Robbery,98
Tower Hamlets,2025-09-01,Shoplifting,268
Tower Hamlets,2025-09-01,Theft from the person,180
Tower Hamlets,2025-09-01,Vehicle crime,233
Tower Hamlets,2025-09-01,Violence and sexual offences,912
Waltham Forest,2025-09-01,Anti-social behaviour,548
Waltham Forest,2025-09-01,Bicycle theft,37
Waltham Forest,2025-09-01,Burglary,117
Waltham Forest,2025-09-01,Criminal damage and arson,116
Waltham Forest,2025-09-01,Drugs,160
Waltham Forest,2025-09-01,Other crime,33
Waltham Forest,2025-09-01,Other theft,196
Waltham Forest,2025-09-01,Possession of weapons,15
Waltham Forest,2025-09-01,Public order,121
Waltham Forest,2025-09-01,Robbery,38
Waltham Forest,2025-09-01,Shoplifting,180
Waltham Forest,2025-09-01,Theft from the person,92
Waltham Forest,2025-09-01,Vehicle crime,234
Waltham Forest,2025-09-01,Violence and sexual offences,574
Wandsworth,2025-09-01,Anti-social behaviour,594
Wandsworth,2025-09-01,Bicycle theft,59
Wandsworth,2025-09-01,Burglary,138
Wandsworth,2025-09-01,Criminal damage and arson,128
Wandsworth,2025-09-01,Drugs,182
Wandsworth,2025-09-01,Other crime,23
Wandsworth,2025-09-01,Other theft,234
Wandsworth,2025-09-01,Possession of weapons,15
Wandsworth,2025-09-01,Public order,137
Wandsworth,2025-09-01,Robbery,66
Wandsworth,2025-09-01,Shoplifting,260
Wandsworth,2025-09-01,Theft from the person,86
Wandsworth,2025-09-01,Vehicle crime,240
Wandsworth,2025-09-01,Violence and sexual offences,674
Westminster,2025-09-01,Anti-social behaviour,1121
Westminster,2025-09-01,Bicycle theft,103
Westminster,2025-09-01,Burglary,214
Westminster,2025-09-01,Criminal damage and arson,207
Westminster,2025-09-01,Drugs,211
Westminster,2025-09-01,Other crime,29
Westminster,2025-09-01,Other theft,1253
Westminster,2025-09-01,Possession of weapons,33
Westminster,2025-09-01,Public order,349
Westminster,2025-09-01,Robbery,265
Westminster,2025-09-01,Shoplifting,676
Westminster,2025-09-01,Theft from the person,1438
Westminster,2025-09-01,Vehicle crime,288
Westminster,2025-09-01,Violence and sexual offences,1152
Barking and Dagenham,2025-10-01,Anti-social behaviour,410
Barking and Dagenham,2025-10-01,Bicycle theft,15
Barking and Dagenham,2025-10-01,Burglary,73
Barking and Dagenham,2025-10-01,Criminal damage and arson,107
Barking and Dagenham,2025-10-01,Drugs,123
Barking and Dagenham,2025-10-01,Other crime,25
Barking and Dagenham,2025-10-01,Other theft,150
Barking and Dagenham,2025-10-01,Possession of weapons,16
Barking and Dagenham,2025-10-01,Public order,110
Barking and Dagenham,2025-10-01,Robbery,96
Barking and Dagenham,2025-10-01,Shoplifting,90
Barking and Dagenham,2025-10-01,Theft from the person,67
Barking and Dagenham,2025-10-01,Vehicle crime,185
Barking and Dagenham,2025-10-01,Violence and sexual offences,658
Barnet,2025-10-01,Anti-social behaviour,758
Barnet,2025-10-01,Bicycle theft,20
Barnet,2025-10-01,Burglary,183
Barnet,2025-10-01,Criminal damage and arson,164
Barnet,2025-10-01,Drugs,143
Barnet,2025-10-01,Other crime,24
Barnet,2025-10-01,Other theft,175
Barnet,2025-10-01,Possession of weapons,7
Barnet,2025-10-01,Public order,168
Barnet,2025-10-01,Robbery,69
Barnet,2025-10-01,Shoplifting,262
Barnet,2025-10-01,Theft from the person,86
Barnet,2025-10-01,Vehicle crime,401
Barnet,2025-10-01,Violence and sexual offences,802
Bexley,2025-10-01,Anti-social behaviour,342
Bexley,2025-10-01,Bicycle theft,2
Bexley,2025-10-01,Burglary,78
Bexley,2025-10-01,Criminal damage and arson,119
Bexley,2025-10-01,Drugs,83
Bexley,2025-10-01,Other crime,23
Bexley,2025-10-01,Other theft,101
Bexley,2025-10-01,Possession of weapons,9
Bexley,2025-10-01,Public order,112
Bexley,2025-10-01,Robbery,31
Bexley,2025-10-01,Shoplifting,152
Bexley,2025-10-01,Theft from the person,20
Bexley,2025-10-01,Vehicle crime,168
Bexley,2025-10-01,Violence and sexual offences,483
Brent,2025-10-01,Anti-social behaviour,982
Brent,2025-10-01,Bicycle theft,25
Brent,2025-10-01,Burglary,129
Brent,2025-10-01,Criminal damage and arson,188
Brent,2025-10-01,Drugs,354
Brent,2025-10-01,Other crime,40
Brent,2025-10-01,Other theft,304
Brent,2025-10-01,Possession of weapons,20
Brent,2025-10-01,Public order,193
Brent,2025-10-01,Robbery,99
Brent,2025-10-01,Shoplifting,204
Brent,2025-10-01,Theft from the person,241
Brent,2025-10-01,Vehicle crime,274
Brent,2025-10-01,Violence and sexual offences,938
Bromley,2025-10-01,Anti-social behaviour,427
Bromley,2025-10-01,Bicycle theft,22
Bromley,2025-10-01,Burglary,104
Bromley,2025-10-01,Criminal damage and arson,139
Bromley,2025-10-01,Drugs,92
Bromley,2025-10-01,Other crime,27
Bromley,2025-10-01,Other theft,148
Bromley,2025-10-01,Possession of weapons,10
Bromley,2025-10-01,Public order,141
Bromley,2025-10-01,Robbery,42
Bromley,2025-10-01,Shoplifting,235
Bromley,2025-10-01,Theft from the person,46
Bromley,2025-10-01,Vehicle crime,344
Bromley,2025-10-01,Violence and sexual offences,623
Camden,2025-10-01,Anti-social behaviour,791
Camden,2025-10-01,Bicycle theft,72
Camden,2025-10-01,Burglary,213
Camden,2025-10-01,Criminal damage and arson,152
Camden,2025-10-01,Drugs,105
Camden,2025-10-01,Other crime,17
Camden,2025-10-01,Other theft,665
Camden,2025-10-01,Possession of weapons,8
Camden,2025-10-01,Public order,241
Camden,2025-10-01,Robbery,101
Camden,2025-10-01,Shoplifting,253
Camden,2025-10-01,Theft from the person,531
Camden,2025-10-01,Vehicle crime,177
Camden,2025-10-01,Violence and sexual offences,742
City of London,2025-10-01,Anti-social behaviour,5
City of London,2025-10-01,Bicycle theft,10
City of London,2025-10-01,Burglary,10
City of London,2025-10-01,Criminal damage and arson,4
City of London,2025-10-01,Drugs,6
City of London,2025-10-01,Other theft,87
City of London,2025-10-01,Public order,4
City of London,2025-10-01,Robbery,4
City of London,2025-10-01,Shoplifting,24
City of London,2025-10-01,Theft from the person,33
City of London,2025-10-01,Vehicle crime,4
City of London,2025-10-01,Violence and sexual offences,23
Croydon,2025-10-01,Anti-social behaviour,673
Croydon,2025-10-01,Bicycle theft,19
Croydon,2025-10-01,Burglary,145
Croydon,2025-10-01,Criminal damage and arson,228
Croydon,2025-10-01,Drugs,162
Croydon,2025-10-01,Other crime,38
Croydon,2025-10-01,Other theft,217
Croydon,2025-10-01,Possession of weapons,13
Croydon,2025-10-01,Public order,209
Croydon,2025-10-01,Robbery,90
Croydon,2025-10-01,Shoplifting,228
Croydon,2025-10-01,Theft from the person,46
Croydon,2025-10-01,Vehicle crime,332
Croydon,2025-10-01,Violence and sexual offences,998
Ealing,2025-10-01,Anti-social behaviour,1116
Ealing,2025-10-01,Bicycle theft,33
Ealing,2025-10-01,Burglary,173
Ealing,2025-10-01,Criminal damage and arson,204
Ealing,2025-10-01,Drugs,209
Ealing,2025-10-01,Other crime,36
Ealing,2025-10-01,Other theft,233
Ealing,2025-10-01,Possession of weapons,22
Ealing,2025-10-01,Public order,200
Ealing,2025-10-01,Robbery,59
Ealing,2025-10-01,Shoplifting,203
Ealing,2025-10-01,Theft from the person,116
Ealing,2025-10-01,Vehicle crime,357
Ealing,2025-10-01,Violence and sexual offences,973
Enfield,2025-10-01,Anti-social behaviour,660
Enfield,2025-10-01,Bicycle theft,22
Enfield,2025-10-01,Burglary,162
Enfield,2025-10-01,Criminal damage and arson,194
Enfield,2025-10-01,Drugs,156
Enfield,2025-10-01,Other crime,39
Enfield,2025-10-01,Other theft,250
Enfield,2025-10-01,Possession of weapons,16
Enfield,2025-10-01,Public order,132
Enfield,2025-10-01,Robbery,73
Enfield,2025-10-01,Shoplifting,194
Enfield,2025-10-01,Theft from the person,95
Enfield,2025-10-01,Vehicle crime,363
Enfield,2025-10-01,Violence and sexual offences,838
Greenwich,2025-10-01,Anti-social behaviour,543
Greenwich,2025-10-01,Bicycle theft,26
Greenwich,2025-10-01,Burglary,137
Greenwich,2025-10-01,Criminal damage and arson,201
Greenwich,2025-10-01,Drugs,171
Greenwich,2025-10-01,Other crime,39
Greenwich,2025-10-01,Other theft,232
Greenwich,2025-10-01,Possession of weapons,16
Greenwich,2025-10-01,Public order,164
Greenwich,2025-10-01,Robbery,50
Greenwich,2025-10-01,Shoplifting,195
Greenwich,2025-10-01,Theft from the person,67
Greenwich,2025-10-01,Vehicle crime,210
Greenwich,2025-10-01,Violence and sexual offences,809
Hackney,2025-10-01,Anti-social behaviour,751
Hackney,2025-10-01,Bicycle theft,136
Hackney,2025-10-01,Burglary,155
Hackney,2025-10-01,Criminal damage and arson,139
Hackney,2025-10-01,Drugs,178
Hackney,2025-10-01,Other crime,25
Hackney,2025-10-01,Other theft,285
Hackney,2025-10-01,Possession of weapons,21
Hackney,2025-10-01,Public order,205
Hackney,2025-10-01,Robbery,134
Hackney,2025-10-01,Shoplifting,192
Hackney,2025-10-01,Theft from the person,298
Hackney,2025-10-01,Vehicle crime,162
Hackney,2025-10-01,Violence and sexual offences,755
Hammersmith and Fulham,2025-10-01,Anti-social behaviour,520
Hammersmith and Fulham,2025-10-01,Bicycle theft,78
Hammersmith and Fulham,2025-10-01,Burglary,90
Hammersmith and Fulham,2025-10-01,Criminal damage and arson,91
Hammersmith and Fulham,2025-10-01,Drugs,127
Hammersmith and Fulham,2025-10-01,Other crime,30
Hammersmith and Fulham,2025-10-01,Other theft,218
Hammersmith and Fulham,2025-10-01,Possession of weapons,13
Hammersmith and Fulham,2025-10-01,Public order,132
Hammersmith and Fulham,2025-10-01,Robbery,50
Hammersmith and Fulham,2025-10-01,Shoplifting,211
Hammersmith and Fulham,2025-10-01,Theft from the person,79
Hammersmith and Fulham,2025-10-01,Vehicle crime,123
Hammersmith and Fulham,2025-10-01,Violence and sexual offences,544
Haringey,2025-10-01,Anti-social behaviour,690
Haringey,2025-10-01,Bicycle theft,30
Haringey,2025-10-01,Burglary,110
Haringey,2025-10-01,Criminal damage and arson,128
Haringey,2025-10-01,Drugs,141
Haringey,2025-10-01,Other crime,27
Haringey,2025-10-01,Other theft,195
Haringey,2025-10-01,Possession of weapons,18
Haringey,2025-10-01,Public order,142
Haringey,2025-10-01,Robbery,126
Haringey,2025-10-01,Shoplifting,245
Haringey,2025-10-01,Theft from the person,175
Haringey,2025-10-01,Vehicle crime,316
Haringey,2025-10-01,Violence and sexual offences,712
Harrow,2025-10-01,Anti-social behaviour,537
Harrow,2025-10-01,Bicycle theft,12
Harrow,2025-10-01,Burglary,116
Harrow,2025-10-01,Criminal damage and arson,83
Harrow,2025-10-01,Drugs,105
Harrow,2025-10-01,Other crime,29
Harrow,2025-10-01,Other theft,124
Harrow,2025-10-01,Possession of weapons,8
Harrow,2025-10-01,Public order,112
Harrow,2025-10-01,Robbery,57
Harrow,2025-10-01,Shoplifting,133
Harrow,2025-10-01,Theft from the person,71
Harrow,2025-10-01,Vehicle crime,165
Harrow,2025-10-01,Violence and sexual offences,470
Havering,2025-10-01,Anti-social behaviour,490
Havering,2025-10-01,Bicycle theft,11
Havering,2025-10-01,Burglary,80
Havering,2025-10-01,Criminal damage and arson,110
Havering,2025-10-01,Drugs,99
Havering,2025-10-01,Other crime,23
Havering,2025-10-01,Other theft,130
Havering,2025-10-01,Possession of weapons,16
Havering,2025-10-01,Public order,114
Havering,2025-10-01,Robbery,39
Havering,2025-10-01,Shoplifting,169
Havering,2025-10-01,Theft from the person,40
Havering,2025-10-01,Vehicle crime,160
Havering,2025-10-01,Violence and sexual offences,571
Hillingdon,2025-10-01,Anti-social behaviour,870
Hillingdon,2025-10-01,Bicycle theft,43
Hillingdon,2025-10-01,Burglary,144
Hillingdon,2025-10-01,Criminal damage and arson,167
Hillingdon,2025-10-01,Drugs,144
Hillingdon,2025-10-01,Other crime,177
Hillingdon,2025-10-01,Other theft,277
Hillingdon,2025-10-01,Possession of weapons,17
Hillingdon,2025-10-01,Public order,191
Hillingdon,2025-10-01,Robbery,46
Hillingdon,2025-10-01,Shoplifting,278
Hillingdon,2025-10-01,Theft from the person,97
Hillingdon,2025-10-01,Vehicle crime,276
Hillingdon,2025-10-01,Violence and sexual offences,782
Hounslow,2025-10-01,Anti-social behaviour,764
Hounslow,2025-10-01,Bicycle theft,36
Hounslow,2025-10-01,Burglary,117
Hounslow,2025-10-01,Criminal damage and arson,175
Hounslow,2025-10-01,Drugs,129
Hounslow,2025-10-01,Other crime,38
Hounslow,2025-10-01,Other theft,212
Hounslow,2025-10-01,Possession of weapons,11
Hounslow,2025-10-01,Public order,201
Hounslow,2025-10-01,Robbery,53
Hounslow,2025-10-01,Shoplifting,203
Hounslow,2025-10-01,Theft from the person,57
Hounslow,2025-10-01,Vehicle crime,224
Hounslow,2025-10-01,Violence and sexual offences,818
Islington,2025-10-01,Anti-social behaviour,764
Islington,2025-10-01,Bicycle theft,71
Islington,2025-10-01,Burglary,151
Islington,2025-10-01,Criminal damage and arson,162
Islington,2025-10-01,Drugs,184
Islington,2025-10-01,Other crime,32
Islington,2025-10-01,Other theft,337
Islington,2025-10-01,Possession of weapons,21
Islington,2025-10-01,Public order,202
Islington,2025-10-01,Robbery,87
Islington,2025-10-01,Shoplifting,271
Islington,2025-10-01,Theft from the person,202
Islington,2025-10-01,Vehicle crime,154
Islington,2025-10-01,Violence and sexual offences,751
Kensington and Chelsea,2025-10-01,Anti-social behaviour,405
Kensington and Chelsea,2025-10-01,Bicycle theft,38
Kensington and Chelsea,2025-10-01,Burglary,149
Kensington and Chelsea,2025-10-01,Criminal damage and arson,89
Kensington and Chelsea,2025-10-01,Drugs,124
Kensington and Chelsea,2025-10-01,Other crime,14
Kensington and Chelsea,2025-10-01,Other theft,237
Kensington and Chelsea,2025-10-01,Possession of weapons,7
Kensington and Chelsea,2025-10-01,Public order,100
Kensington and Chelsea,2025-10-01,Robbery,62
Kensington and Chelsea,2025-10-01,Shoplifting,243
Kensington and Chelsea,2025-10-01,Theft from the person,145
Kensington and Chelsea,2025-10-01,Vehicle crime,230
Kensington and Chelsea,2025-10-01,Violence and sexual offences,445
Kingston upon Thames,2025-10-01,Anti-social behaviour,297
Kingston upon Thames,2025-10-01,Bicycle theft,17
Kingston upon Thames,2025-10-01,Burglary,55
Kingston upon Thames,2025-10-01,Criminal damage and arson,87
Kingston upon Thames,2025-10-01,Drugs,92
Kingston upon Thames,2025-10-01,Other crime,9
Kingston upon Thames,2025-10-01,Other theft,77
Kingston upon Thames,2025-10-01,Possession of weapons,8
Kingston upon Thames,2025-10-01,Public order,92
Kingston upon Thames,2025-10-01,Robbery,30
Kingston upon Thames,2025-10-01,Shoplifting,132
Kingston upon Thames,2025-10-01,Theft from the person,43
Kingston upon Thames,2025-10-01,Vehicle crime,81
Kingston upon Thames,2025-10-01,Violence and sexual offences,383
Lambeth,2025-10-01,Anti-social behaviour,853
Lambeth,2025-10-01,Bicycle theft,98
Lambeth,2025-10-01,Burglary,135
Lambeth,2025-10-01,Criminal damage and arson,174
Lambeth,2025-10-01,Drugs,153
Lambeth,2025-10-01,Other crime,46
Lambeth,2025-10-01,Other theft,374
Lambeth,2025-10-01,Possession of weapons,29
Lambeth,2025-10-01,Public order,182
Lambeth,2025-10-01,Robbery,150
Lambeth,2025-10-01,Shoplifting,255
Lambeth,2025-10-01,Theft from the person,382
Lambeth,2025-10-01,Vehicle crime,190
Lambeth,2025-10-01,Violence and sexual offences,938
Lewisham,2025-10-01,Anti-social behaviour,614
Lewisham,2025-10-01,Bicycle theft,30
Lewisham,2025-10-01,Burglary,134
Lewisham,2025-10-01,Criminal damage and arson,169
Lewisham,2025-10-01,Drugs,180
Lewisham,2025-10-01,Other crime,41
Lewisham,2025-10-01,Other theft,193
Lewisham,2025-10-01,Possession of weapons,24
Lewisham,2025-10-01,Public order,193
Lewisham,2025-10-01,Robbery,75
Lewisham,2025-10-01,Shoplifting,207
Lewisham,2025-10-01,Theft from the person,107
Lewisham,2025-10-01,Vehicle crime,253
Lewisham,2025-10-01,Violence and sexual offences,943
Merton,2025-10-01,Anti-social behaviour,331
Merton,2025-10-01,Bicycle theft,26
Merton,2025-10-01,Burglary,55
Merton,2025-10-01,Criminal damage and arson,107
Merton,2025-10-01,Drugs,59
Merton,2025-10-01,Other crime,8
Merton,2025-10-01,Other theft,103
Merton,2025-10-01,Possession of weapons,7
Merton,2025-10-01,Public order,80
Merton,2025-10-01,Robbery,22
Merton,2025-10-01,Shoplifting,103
Merton,2025-10-01,Theft from the person,24
Merton,2025-10-01,Vehicle crime,116
Merton,2025-10-01,Violence and sexual offences,378
Newham,2025-10-01,Anti-social behaviour,911
Newham,2025-10-01,Bicycle theft,41
Newham,2025-10-01,Burglary,158
Newham,2025-10-01,Criminal damage and arson,176
Newham,2025-10-01,Drugs,186
Newham,2025-10-01,Other crime,59
Newham,2025-10-01,Other theft,396
Newham,2025-10-01,Possession of weapons,21
Newham,2025-10-01,Public order,208
Newham,2025-10-01,Robbery,172
Newham,2025-10-01,Shoplifting,411
Newham,2025-10-01,Theft from the person,422
Newham,2025-10-01,Vehicle crime,413
Newham,2025-10-01,Violence and sexual offences,1028
Redbridge,2025-10-01,Anti-social behaviour,612
Redbridge,2025-10-01,Bicycle theft,18
Redbridge,2025-10-01,Burglary,129
Redbridge,2025-10-01,Criminal damage and arson,138
Redbridge,2025-10-01,Drugs,129
Redbridge,2025-10-01,Other crime,31
Redbridge,2025-10-01,Other theft,181
Redbridge,2025-10-01,Possession of weapons,10
Redbridge,2025-10-01,Public order,127
Redbridge,2025-10-01,Robbery,66
Redbridge,2025-10-01,Shoplifting,169
Redbridge,2025-10-01,Theft from the person,105
Redbridge,2025-10-01,Vehicle crime,227
Redbridge,2025-10-01,Violence and sexual offences,799
Richmond upon Thames,2025-10-01,Anti-social behaviour,269
Richmond upon Thames,2025-10-01,Bicycle theft,26
Richmond upon Thames,2025-10-01,Burglary,85
Richmond upon Thames,2025-10-01,Criminal damage and arson,95
Richmond upon Thames,2025-10-01,Drugs,48
Richmond upon Thames,2025-10-01,Other crime,12
Richmond upon Thames,2025-10-01,Other theft,92
Richmond upon Thames,2025-10-01,Possession of weapons,3
Richmond upon Thames,2025-10-01,Public order,54
Richmond upon Thames,2025-10-01,Robbery,24
Richmond upon Thames,2025-10-01,Shoplifting,100
Richmond upon Thames,2025-10-01,Theft from the person,21
Richmond upon Thames,2025-10-01,Vehicle crime,158
Richmond upon Thames,2025-10-01,Violence and sexual offences,300
Southwark,2025-10-01,Anti-social behaviour,835
Southwark,2025-10-01,Bicycle theft,113
Southwark,2025-10-01,Burglary,199
Southwark,2025-10-01,Criminal damage and arson,145
Southwark,2025-10-01,Drugs,164
Southwark,2025-10-01,Other crime,33
Southwark,2025-10-01,Other theft,480
Southwark,2025-10-01,Possession of weapons,18
Southwark,2025-10-01,Public order,170
Southwark,2025-10-01,Robbery,116
Southwark,2025-10-01,Shoplifting,233
Southwark,2025-10-01,Theft from the person,585
Southwark,2025-10-01,Vehicle crime,206
Southwark,2025-10-01,Violence and sexual offences,895
Sutton,2025-10-01,Anti-social behaviour,267
Sutton,2025-10-01,Bicycle theft,7
Sutton,2025-10-01,Burglary,59
Sutton,2025-10-01,Criminal damage and arson,88
Sutton,2025-10-01,Drugs,63
Sutton,2025-10-01,Other crime,22
Sutton,2025-10-01,Other theft,74
Sutton,2025-10-01,Possession of weapons,8
Sutton,2025-10-01,Public order,94
Sutton,2025-10-01,Robbery,27
Sutton,2025-10-01,Shoplifting,148
Sutton,2025-10-01,Theft from the person,22
Sutton,2025-10-01,Vehicle crime,94
Sutton,2025-10-01,Violence and sexual offences,456
Tower Hamlets,2025-10-01,Anti-social behaviour,849
Tower Hamlets,2025-10-01,Bicycle theft,114
Tower Hamlets,2025-10-01,Burglary,242
Tower Hamlets,2025-10-01,Criminal damage and arson,164
Tower Hamlets,2025-10-01,Drugs,225
Tower Hamlets,2025-10-01,Other crime,40
Tower Hamlets,2025-10-01,Other theft,361
Tower Hamlets,2025-10-01,Possession of weapons,21
Tower Hamlets,2025-10-01,Public order,251
Tower Hamlets,2025-10-01,Robbery,109
Tower Hamlets,2025-10-01,Shoplifting,265
Tower Hamlets,2025-10-01,Theft from the person,195
Tower Hamlets,2025-10-01,Vehicle crime,215
Tower Hamlets,2025-10-01,Violence and sexual offences,1028
Waltham Forest,2025-10-01,Anti-social behaviour,626
Waltham Forest,2025-10-01,Bicycle theft,34
Waltham Forest,2025-10-01,Burglary,94
Waltham Forest,2025-10-01,Criminal damage and arson,141
Waltham Forest,2025-10-01,Drugs,139
Waltham Forest,2025-10-01,Other crime,15
Waltham Forest,2025-10-01,Other theft,188
Waltham Forest,2025-10-01,Possession of weapons,13
Waltham Forest,2025-10-01,Public order,118
Waltham Forest,2025-10-01,Robbery,56
Waltham Forest,2025-10-01,Shoplifting,191
Waltham Forest,2025-10-01,Theft from the person,119
Waltham Forest,2025-10-01,Vehicle crime,197
Waltham Forest,2025-10-01,Violence and sexual offences,613
Wandsworth,2025-10-01,Anti-social behaviour,612
Wandsworth,2025-10-01,Bicycle theft,60
Wandsworth,2025-10-01,Burglary,132
Wandsworth,2025-10-01,Criminal damage and arson,132
Wandsworth,2025-10-01,Drugs,154
Wandsworth,2025-10-01,Other crime,31
Wandsworth,2025-10-01,Other theft,292
Wandsworth,2025-10-01,Possession of weapons,7
Wandsworth,2025-10-01,Public order,160
Wandsworth,2025-10-01,Robbery,59
Wandsworth,2025-10-01,Shoplifting,225
Wandsworth,2025-10-01,Theft from the person,127
Wandsworth,2025-10-01,Vehicle crime,298
Wandsworth,2025-10-01,Violence and sexual offences,744
Westminster,2025-10-01,Anti-social behaviour,1211
Westminster,2025-10-01,Bicycle theft,99
Westminster,2025-10-01,Burglary,245
Westminster,2025-10-01,Criminal damage and arson,203
Westminster,2025-10-01,Drugs,249
Westminster,2025-10-01,Other crime,33
Westminster,2025-10-01,Other theft,1352
Westminster,2025-10-01,Possession of weapons,35
Westminster,2025-10-01,Public order,332
Westminster,2025-10-01,Robbery,292
Westminster,2025-10-01,Shoplifting,738
Westminster,2025-10-01,Theft from the person,1637
Westminster,2025-10-01,Vehicle crime,302
Westminster,2025-10-01,Violence and sexual offences,1113
Barking and Dagenham,2025-11-01,Anti-social behaviour,329
Barking and Dagenham,2025-11-01,Bicycle theft,18
Barking and Dagenham,2025-11-01,Burglary,99
Barking and Dagenham,2025-11-01,Criminal damage and arson,111
Barking and Dagenham,2025-11-01,Drugs,116
Barking and Dagenham,2025-11-01,Other crime,20
Barking and Dagenham,2025-11-01,Other theft,134
Barking and Dagenham,2025-11-01,Possession of weapons,11
Barking and Dagenham,2025-11-01,Public order,95
Barking and Dagenham,2025-11-01,Robbery,96
Barking and Dagenham,2025-11-01,Shoplifting,78
Barking and Dagenham,2025-11-01,Theft from the person,72
Barking and Dagenham,2025-11-01,Vehicle crime,192
Barking and Dagenham,2025-11-01,Violence and sexual offences,699
Barnet,2025-11-01,Anti-social behaviour,659
Barnet,2025-11-01,Bicycle theft,13
Barnet,2025-11-01,Burglary,171
Barnet,2025-11-01,Criminal damage and arson,149
Barnet,2025-11-01,Drugs,176
Barnet,2025-11-01,Other crime,33
Barnet,2025-11-01,Other theft,231
Barnet,2025-11-01,Possession of weapons,12
Barnet,2025-11-01,Public order,162
Barnet,2025-11-01,Robbery,64
Barnet,2025-11-01,Shoplifting,257
Barnet,2025-11-01,Theft from the person,101
Barnet,2025-11-01,Vehicle crime,356
Barnet,2025-11-01,Violence and sexual offences,644
Bexley,2025-11-01,Anti-social behaviour,295
Bexley,2025-11-01,Bicycle theft,7
Bexley,2025-11-01,Burglary,88
Bexley,2025-11-01,Criminal damage and arson,164
Bexley,2025-11-01,Drugs,74
Bexley,2025-11-01,Other crime,14
Bexley,2025-11-01,Other theft,100
Bexley,2025-11-01,Possession of weapons,13
Bexley,2025-11-01,Public order,102
Bexley,2025-11-01,Robbery,16
Bexley,2025-11-01,Shoplifting,107
Bexley,2025-11-01,Theft from the person,20
Bexley,2025-11-01,Vehicle crime,133
Bexley,2025-11-01,Violence and sexual offences,474
Brent,2025-11-01,Anti-social behaviour,725
Brent,2025-11-01,Bicycle theft,25
Brent,2025-11-01,Burglary,184
Brent,2025-11-01,Criminal damage and arson,166
Brent,2025-11-01,Drugs,263
Brent,2025-11-01,Other crime,31
Brent,2025-11-01,Other theft,271
Brent,2025-11-01,Possession of weapons,10
Brent,2025-11-01,Public order,177
Brent,2025-11-01,Robbery,98
Brent,2025-11-01,Shoplifting,209
Brent,2025-11-01,Theft from the person,197
Brent,2025-11-01,Vehicle crime,254
Brent,2025-11-01,Violence and sexual offences,818
Bromley,2025-11-01,Anti-social behaviour,421
Bromley,2025-11-01,Bicycle theft,5
Bromley,2025-11-01,Burglary,145
Bromley,2025-11-01,Criminal damage and arson,172
Bromley,2025-11-01,Drugs,88
Bromley,2025-11-01,Other crime,37
Bromley,2025-11-01,Other theft,149
Bromley,2025-11-01,Possession of weapons,22
Bromley,2025-11-01,Public order,133
Bromley,2025-11-01,Robbery,76
Bromley,2025-11-01,Shoplifting,214
Bromley,2025-11-01,Theft from the person,48
Bromley,2025-11-01,Vehicle crime,290
Bromley,2025-11-01,Violence and sexual offences,626
Camden,2025-11-01,Anti-social behaviour,764
Camden,2025-11-01,Bicycle theft,65
Camden,2025-11-01,Burglary,215
Camden,2025-11-01,Criminal damage and arson,126
Camden,2025-11-01,Drugs,171
Camden,2025-11-01,Other crime,14
Camden,2025-11-01,Other theft,586
Camden,2025-11-01,Possession of weapons,12
Camden,2025-11-01,Public order,219
Camden,2025-11-01,Robbery,114
Camden,2025-11-01,Shoplifting,308
Camden,2025-11-01,Theft from the person,634
Camden,2025-11-01,Vehicle crime,199
Camden,2025-11-01,Violence and sexual offences,695
City of London,2025-11-01,Anti-social behaviour,3
City of London,2025-11-01,Bicycle theft,3
City of London,2025-11-01,Burglary,4
City of London,2025-11-01,Criminal damage and arson,2
City of London,2025-11-01,Drugs,11
City of London,2025-11-01,Other theft,60
City of London,2025-11-01,Public order,4
City of London,2025-11-01,Robbery,1
City of London,2025-11-01,Shoplifting,27
City of London,2025-11-01,Theft from the person,31
City of London,2025-11-01,Vehicle crime,4
City of London,2025-11-01,Violence and sexual offences,25
Croydon,2025-11-01,Anti-social behaviour,628
Croydon,2025-11-01,Bicycle theft,18
Croydon,2025-11-01,Burglary,149
Croydon,2025-11-01,Criminal damage and arson,188
Croydon,2025-11-01,Drugs,174
Croydon,2025-11-01,Other crime,31
Croydon,2025-11-01,Other theft,226
Croydon,2025-11-01,Possession of weapons,31
Croydon,2025-11-01,Public order,197
Croydon,2025-11-01,Robbery,79
Croydon,2025-11-01,Shoplifting,221
Croydon,2025-11-01,Theft from the person,77
Croydon,2025-11-01,Vehicle crime,258
Croydon,2025-11-01,Violence and sexual offences,1006
Ealing,2025-11-01,Anti-social behaviour,917
Ealing,2025-11-01,Bicycle theft,26
Ealing,2025-11-01,Burglary,205
Ealing,2025-11-01,Criminal damage and arson,188
Ealing,2025-11-01,Drugs,240
Ealing,2025-11-01,Other crime,27
Ealing,2025-11-01,Other theft,232
Ealing,2025-11-01,Possession of weapons,19
Ealing,2025-11-01,Public order,163
Ealing,2025-11-01,Robbery,67
Ealing,2025-11-01,Shoplifting,199
Ealing,2025-11-01,Theft from the person,112
Ealing,2025-11-01,Vehicle crime,364
Ealing,2025-11-01,Violence and sexual offences,910
Enfield,2025-11-01,Anti-social behaviour,666
Enfield,2025-11-01,Bicycle theft,9
Enfield,2025-11-01,Burglary,191
Enfield,2025-11-01,Criminal damage and arson,166
Enfield,2025-11-01,Drugs,150
Enfield,2025-11-01,Other crime,41
Enfield,2025-11-01,Other theft,208
Enfield,2025-11-01,Possession of weapons,13
Enfield,2025-11-01,Public order,137
Enfield,2025-11-01,Robbery,76
Enfield,2025-11-01,Shoplifting,155
Enfield,2025-11-01,Theft from the person,140
Enfield,2025-11-01,Vehicle crime,332
Enfield,2025-11-01,Violence and sexual offences,771
Greenwich,2025-11-01,Anti-social behaviour,461
Greenwich,2025-11-01,Bicycle theft,24
Greenwich,2025-11-01,Burglary,122
Greenwich,2025-11-01,Criminal damage and arson,163
Greenwich,2025-11-01,Drugs,127
Greenwich,2025-11-01,Other crime,45
Greenwich,2025-11-01,Other theft,216
Greenwich,2025-11-01,Possession of weapons,16
Greenwich,2025-11-01,Public order,168
Greenwich,2025-11-01,Robbery,76
Greenwich,2025-11-01,Shoplifting,203
Greenwich,2025-11-01,Theft from the person,65
Greenwich,2025-11-01,Vehicle crime,199
Greenwich,2025-11-01,Violence and sexual offences,792
Hackney,2025-11-01,Anti-social behaviour,651
Hackney,2025-11-01,Bicycle theft,106
Hackney,2025-11-01,Burglary,154
Hackney,2025-11-01,Criminal damage and arson,134
Hackney,2025-11-01,Drugs,166
Hackney,2025-11-01,Other crime,30
Hackney,2025-11-01,Other theft,257
Hackney,2025-11-01,Possession of weapons,25
Hackney,2025-11-01,Public order,145
Hackney,2025-11-01,Robbery,156
Hackney,2025-11-01,Shoplifting,180
Hackney,2025-11-01,Theft from the person,344
Hackney,2025-11-01,Vehicle crime,141
Hackney,2025-11-01,Violence and sexual offences,698
Hammersmith and Fulham,2025-11-01,Anti-social behaviour,496
Hammersmith and Fulham,2025-11-01,Bicycle theft,41
Hammersmith and Fulham,2025-11-01,Burglary,100
Hammersmith and Fulham,2025-11-01,Criminal damage and arson,99
Hammersmith and Fulham,2025-11-01,Drugs,114
Hammersmith and Fulham,2025-11-01,Other crime,17
Hammersmith and Fulham,2025-11-01,Other theft,206
Hammersmith and Fulham,2025-11-01,Possession of weapons,8
Hammersmith and Fulham,2025-11-01,Public order,137
Hammersmith and Fulham,2025-11-01,Robbery,41
Hammersmith and Fulham,2025-11-01,Shoplifting,181
Hammersmith and Fulham,2025-11-01,Theft from the person,80
Hammersmith and Fulham,2025-11-01,Vehicle crime,134
Hammersmith and Fulham,2025-11-01,Violence and sexual offences,522
Haringey,2025-11-01,Anti-social behaviour,662
Haringey,2025-11-01,Bicycle theft,27
Haringey,2025-11-01,Burglary,108
Haringey,2025-11-01,Criminal damage and arson,143
Haringey,2025-11-01,Drugs,115
Haringey,2025-11-01,Other crime,22
Haringey,2025-11-01,Other theft,238
Haringey,2025-11-01,Possession of weapons,12
Haringey,2025-11-01,Public order,154
Haringey,2025-11-01,Robbery,114
Haringey,2025-11-01,Shoplifting,229
Haringey,2025-11-01,Theft from the person,171
Haringey,2025-11-01,Vehicle crime,321
Haringey,2025-11-01,Violence and sexual offences,730
Harrow,2025-11-01,Anti-social behaviour,428
Harrow,2025-11-01,Bicycle theft,8
Harrow,2025-11-01,Burglary,123
Harrow,2025-11-01,Criminal damage and arson,94
Harrow,2025-11-01,Drugs,141
Harrow,2025-11-01,Other crime,23
Harrow,2025-11-01,Other theft,116
Harrow,2025-11-01,Possession of weapons,6
Harrow,2025-11-01,Public order,81
Harrow,2025-11-01,Robbery,35
Harrow,2025-11-01,Shoplifting,121
Harrow,2025-11-01,Theft from the person,72
Harrow,2025-11-01,Vehicle crime,152
Harrow,2025-11-01,Violence and sexual offences,475
Havering,2025-11-01,Anti-social behaviour,425
Havering,2025-11-01,Bicycle theft,11
Havering,2025-11-01,Burglary,93
Havering,2025-11-01,Criminal damage and arson,129
Havering,2025-11-01,Drugs,84
Havering,2025-11-01,Other crime,14
Havering,2025-11-01,Other theft,106
Havering,2025-11-01,Possession of weapons,17
Havering,2025-11-01,Public order,91
Havering,2025-11-01,Robbery,65
Havering,2025-11-01,Shoplifting,150
Havering,2025-11-01,Theft from the person,43
Havering,2025-11-01,Vehicle crime,185
Havering,2025-11-01,Violence and sexual offences,565
Hillingdon,2025-11-01,Anti-social behaviour,674
Hillingdon,2025-11-01,Bicycle theft,18
Hillingdon,2025-11-01,Burglary,129
Hillingdon,2025-11-01,Criminal damage and arson,166
Hillingdon,2025-11-01,Drugs,223
Hillingdon,2025-11-01,Other crime,154
Hillingdon,2025-11-01,Other theft,293
Hillingdon,2025-11-01,Possession of weapons,11
Hillingdon,2025-11-01,Public order,168
Hillingdon,2025-11-01,Robbery,60
Hillingdon,2025-11-01,Shoplifting,287
Hillingdon,2025-11-01,Theft from the person,92
Hillingdon,2025-11-01,Vehicle crime,332
Hillingdon,2025-11-01,Violence and sexual offences,750
Hounslow,2025-11-01,Anti-social behaviour,513
Hounslow,2025-11-01,Bicycle theft,40
Hounslow,2025-11-01,Burglary,133
Hounslow,2025-11-01,Criminal damage and arson,167
Hounslow,2025-11-01,Drugs,123
Hounslow,2025-11-01,Other crime,34
Hounslow,2025-11-01,Other theft,187
Hounslow,2025-11-01,Possession of weapons,17
Hounslow,2025-11-01,Public order,162
Hounslow,2025-11-01,Robbery,33
Hounslow,2025-11-01,Shoplifting,198
Hounslow,2025-11-01,Theft from the person,74
Hounslow,2025-11-01,Vehicle crime,231
Hounslow,2025-11-01,Violence and sexual offences,848
Islington,2025-11-01,Anti-social behaviour,720
Islington,2025-11-01,Bicycle theft,73
Islington,2025-11-01,Burglary,134
Islington,2025-11-01,Criminal damage and arson,135
Islington,2025-11-01,Drugs,169
Islington,2025-11-01,Other crime,23
Islington,2025-11-01,Other theft,367
Islington,2025-11-01,Possession of weapons,26
Islington,2025-11-01,Public order,162
Islington,2025-11-01,Robbery,90
Islington,2025-11-01,Shoplifting,273
Islington,2025-11-01,Theft from the person,248
Islington,2025-11-01,Vehicle crime,132
Islington,2025-11-01,Violence and sexual offences,738
Kensington and Chelsea,2025-11-01,Anti-social behaviour,403
Kensington and Chelsea,2025-11-01,Bicycle theft,19
Kensington and Chelsea,2025-11-01,Burglary,102
Kensington and Chelsea,2025-11-01,Criminal damage and arson,83
Kensington and Chelsea,2025-11-01,Drugs,68
Kensington and Chelsea,2025-11-01,Other crime,9
Kensington and Chelsea,2025-11-01,Other theft,230
Kensington and Chelsea,2025-11-01,Possession of weapons,8
Kensington and Chelsea,2025-11-01,Public order,100
Kensington and Chelsea,2025-11-01,Robbery,49
Kensington and Chelsea,2025-11-01,Shoplifting,260
Kensington and Chelsea,2025-11-01,Theft from the person,171
Kensington and Chelsea,2025-11-01,Vehicle crime,200
Kensington and Chelsea,2025-11-01,Violence and sexual offences,388
Kingston upon Thames,2025-11-01,Anti-social behaviour,252
Kingston upon Thames,2025-11-01,Bicycle theft,31
Kingston upon Thames,2025-11-01,Burglary,70
Kingston upon Thames,2025-11-01,Criminal damage and arson,81
Kingston upon Thames,2025-11-01,Drugs,57
Kingston upon Thames,2025-11-01,Other crime,11
Kingston upon Thames,2025-11-01,Other theft,71
Kingston upon Thames,2025-11-01,Possession of weapons,7
Kingston upon Thames,2025-11-01,Public order,58
Kingston upon Thames,2025-11-01,Robbery,18
Kingston upon Thames,2025-11-01,Shoplifting,129
Kingston upon Thames,2025-11-01,Theft from the person,45
Kingston upon Thames,2025-11-01,Vehicle crime,119
Kingston upon Thames,2025-11-01,Violence and sexual offences,361
Lambeth,2025-11-01,Anti-social behaviour,749
Lambeth,2025-11-01,Bicycle theft,75
Lambeth,2025-11-01,Burglary,147
Lambeth,2025-11-01,Criminal damage and arson,163
Lambeth,2025-11-01,Drugs,138
Lambeth,2025-11-01,Other crime,44
Lambeth,2025-11-01,Other theft,368
Lambeth,2025-11-01,Possession of weapons,28
Lambeth,2025-11-01,Public order,188
Lambeth,2025-11-01,Robbery,175
Lambeth,2025-11-01,Shoplifting,266
Lambeth,2025-11-01,Theft from the person,465
Lambeth,2025-11-01,Vehicle crime,185
Lambeth,2025-11-01,Violence and sexual offences,857
Lewisham,2025-11-01,Anti-social behaviour,531
Lewisham,2025-11-01,Bicycle theft,37
Lewisham,2025-11-01,Burglary,131
Lewisham,2025-11-01,Criminal damage and arson,169
Lewisham,2025-11-01,Drugs,157
Lewisham,2025-11-01,Other crime,34
Lewisham,2025-11-01,Other theft,220
Lewisham,2025-11-01,Possession of weapons,30
Lewisham,2025-11-01,Public order,152
Lewisham,2025-11-01,Robbery,110
Lewisham,2025-11-01,Shoplifting,205
Lewisham,2025-11-01,Theft from the person,98
Lewisham,2025-11-01,Vehicle crime,209
Lewisham,2025-11-01,Violence and sexual offences,918
Merton,2025-11-01,Anti-social behaviour,230
Merton,2025-11-01,Bicycle theft,13
Merton,2025-11-01,Burglary,64
Merton,2025-11-01,Criminal damage and arson,80
Merton,2025-11-01,Drugs,71
Merton,2025-11-01,Other crime,20
Merton,2025-11-01,Other theft,98
Merton,2025-11-01,Possession of weapons,5
Merton,2025-11-01,Public order,61
Merton,2025-11-01,Robbery,30
Merton,2025-11-01,Shoplifting,91
Merton,2025-11-01,Theft from the person,30
Merton,2025-11-01,Vehicle crime,117
Merton,2025-11-01,Violence and sexual offences,426
Newham,2025-11-01,Anti-social behaviour,804
Newham,2025-11-01,Bicycle theft,51
Newham,2025-11-01,Burglary,142
Newham,2025-11-01,Criminal damage and arson,148
Newham,2025-11-01,Drugs,180
Newham,2025-11-01,Other crime,42
Newham,2025-11-01,Other theft,378
Newham,2025-11-01,Possession of weapons,20
Newham,2025-11-01,Public order,198
Newham,2025-11-01,Robbery,152
Newham,2025-11-01,Shoplifting,341
Newham,2025-11-01,Theft from the person,388
Newham,2025-11-01,Vehicle crime,423
Newham,2025-11-01,Violence and sexual offences,992
Redbridge,2025-11-01,Anti-social behaviour,458
Redbridge,2025-11-01,Bicycle theft,8
Redbridge,2025-11-01,Burglary,105
Redbridge,2025-11-01,Criminal damage and arson,119
Redbridge,2025-11-01,Drugs,74
Redbridge,2025-11-01,Other crime,36
Redbridge,2025-11-01,Other theft,156
Redbridge,2025-11-01,Possession of weapons,15
Redbridge,2025-11-01,Public order,123
Redbridge,2025-11-01,Robbery,76
Redbridge,2025-11-01,Shoplifting,179
Redbridge,2025-11-01,Theft from the person,136
Redbridge,2025-11-01,Vehicle crime,241
Redbridge,2025-11-01,Violence and sexual offences,753
Richmond upon Thames,2025-11-01,Anti-social behaviour,254
Richmond upon Thames,2025-11-01,Bicycle theft,24
Richmond upon Thames,2025-11-01,Burglary,61
Richmond upon Thames,2025-11-01,Criminal damage and arson,86
Richmond upon Thames,2025-11-01,Drugs,39
Richmond upon Thames,2025-11-01,Other crime,11
Richmond upon Thames,2025-11-01,Other theft,78
Richmond upon Thames,2025-11-01,Possession of weapons,5
Richmond upon Thames,2025-11-01,Public order,67
Richmond upon Thames,2025-11-01,Robbery,12
Richmond upon Thames,2025-11-01,Shoplifting,110
Richmond upon Thames,2025-11-01,Theft from the person,20
Richmond upon Thames,2025-11-01,Vehicle crime,122
Richmond upon Thames,2025-11-01,Violence and sexual offences,256
Southwark,2025-11-01,Anti-social behaviour,783
Southwark,2025-11-01,Bicycle theft,94
Southwark,2025-11-01,Burglary,188
Southwark,2025-11-01,Criminal damage and arson,128
Southwark,2025-11-01,Drugs,163
Southwark,2025-11-01,Other crime,39
Southwark,2025-11-01,Other theft,421
Southwark,2025-11-01,Possession of weapons,35
Southwark,2025-11-01,Public order,165
Southwark,2025-11-01,Robbery,190
Southwark,2025-11-01,Shoplifting,202
Southwark,2025-11-01,Theft from the person,569
Southwark,2025-11-01,Vehicle crime,199
Southwark,2025-11-01,Violence and sexual offences,812
Sutton,2025-11-01,Anti-social behaviour,238
Sutton,2025-11-01,Bicycle theft,4
Sutton,2025-11-01,Burglary,69
Sutton,2025-11-01,Criminal damage and arson,93
Sutton,2025-11-01,Drugs,68
Sutton,2025-11-01,Other crime,18
Sutton,2025-11-01,Other theft,69
Sutton,2025-11-01,Possession of weapons,11
Sutton,2025-11-01,Public order,84
Sutton,2025-11-01,Robbery,21
Sutton,2025-11-01,Shoplifting,116
Sutton,2025-11-01,Theft from the person,26
Sutton,2025-11-01,Vehicle crime,123
Sutton,2025-11-01,Violence and sexual offences,465
Tower Hamlets,2025-11-01,Anti-social behaviour,810
Tower Hamlets,2025-11-01,Bicycle theft,95
Tower Hamlets,2025-11-01,Burglary,273
Tower Hamlets,2025-11-01,Criminal damage and arson,158
Tower Hamlets,2025-11-01,Drugs,254
Tower Hamlets,2025-11-01,Other crime,29
Tower Hamlets,2025-11-01,Other theft,321
Tower Hamlets,2025-11-01,Possession of weapons,19
Tower Hamlets,2025-11-01,Public order,223
Tower Hamlets,2025-11-01,Robbery,110
Tower Hamlets,2025-11-01,Shoplifting,218
Tower Hamlets,2025-11-01,Theft from the person,278
Tower Hamlets,2025-11-01,Vehicle crime,204
Tower Hamlets,2025-11-01,Violence and sexual offences,967
Waltham Forest,2025-11-01,Anti-social behaviour,584
Waltham Forest,2025-11-01,Bicycle theft,35
Waltham Forest,2025-11-01,Burglary,118
Waltham Forest,2025-11-01,Criminal damage and arson,141
Waltham Forest,2025-11-01,Drugs,131
Waltham Forest,2025-11-01,Other crime,24
Waltham Forest,2025-11-01,Other theft,219
Waltham Forest,2025-11-01,Possession of weapons,14
Waltham Forest,2025-11-01,Public order,110
Waltham Forest,2025-11-01,Robbery,70
Waltham Forest,2025-11-01,Shoplifting,140
Waltham Forest,2025-11-01,Theft from the person,110
Waltham Forest,2025-11-01,Vehicle crime,243
Waltham Forest,2025-11-01,Violence and sexual offences,604
Wandsworth,2025-11-01,Anti-social behaviour,587
Wandsworth,2025-11-01,Bicycle theft,63
Wandsworth,2025-11-01,Burglary,135
Wandsworth,2025-11-01,Criminal damage and arson,115
Wandsworth,2025-11-01,Drugs,82
Wandsworth,2025-11-01,Other crime,36
Wandsworth,2025-11-01,Other theft,246
Wandsworth,2025-11-01,Possession of weapons,9
Wandsworth,2025-11-01,Public order,147
Wandsworth,2025-11-01,Robbery,43
Wandsworth,2025-11-01,Shoplifting,166
Wandsworth,2025-11-01,Theft from the person,140
Wandsworth,2025-11-01,Vehicle crime,228
Wandsworth,2025-11-01,Violence and sexual offences,659
Westminster,2025-11-01,Anti-social behaviour,1029
Westminster,2025-11-01,Bicycle theft,70
Westminster,2025-11-01,Burglary,235
Westminster,2025-11-01,Criminal damage and arson,202
Westminster,2025-11-01,Drugs,269
Westminster,2025-11-01,Other crime,38
Westminster,2025-11-01,Other theft,1516
Westminster,2025-11-01,Possession of weapons,29
Westminster,2025-11-01,Public order,310
Westminster,2025-11-01,Robbery,274
Westminster,2025-11-01,Shoplifting,739
Westminster,2025-11-01,Theft from the person,2375
Westminster,2025-11-01,Vehicle crime,272
Westminster,2025-11-01,Violence and sexual offences,1066
Barking and Dagenham,2025-12-01,Anti-social behaviour,328
Barking and Dagenham,2025-12-01,Bicycle theft,5
Barking and Dagenham,2025-12-01,Burglary,98
Barking and Dagenham,2025-12-01,Criminal damage and arson,131
Barking and Dagenham,2025-12-01,Drugs,124
Barking and Dagenham,2025-12-01,Other crime,21
Barking and Dagenham,2025-12-01,Other theft,133
Barking and Dagenham,2025-12-01,Possession of weapons,7
Barking and Dagenham,2025-12-01,Public order,91
Barking and Dagenham,2025-12-01,Robbery,67
Barking and Dagenham,2025-12-01,Shoplifting,77
Barking and Dagenham,2025-12-01,Theft from the person,65
Barking and Dagenham,2025-12-01,Vehicle crime,165
Barking and Dagenham,2025-12-01,Violence and sexual offences,626
Barnet,2025-12-01,Anti-social behaviour,677
Barnet,2025-12-01,Bicycle theft,10
Barnet,2025-12-01,Burglary,198
Barnet,2025-12-01,Criminal damage and arson,142
Barnet,2025-12-01,Drugs,133
Barnet,2025-12-01,Other crime,29
Barnet,2025-12-01,Other theft,231
Barnet,2025-12-01,Possession of weapons,9
Barnet,2025-12-01,Public order,125
Barnet,2025-12-01,Robbery,73
Barnet,2025-12-01,Shoplifting,286
Barnet,2025-12-01,Theft from the person,67
Barnet,2025-12-01,Vehicle crime,294
Barnet,2025-12-01,Violence and sexual offences,778
Bexley,2025-12-01,Anti-social behaviour,272
Bexley,2025-12-01,Bicycle theft,3
Bexley,2025-12-01,Burglary,63
Bexley,2025-12-01,Criminal damage and arson,133
Bexley,2025-12-01,Drugs,126
Bexley,2025-12-01,Other crime,26
Bexley,2025-12-01,Other theft,84
Bexley,2025-12-01,Possession of weapons,9
Bexley,2025-12-01,Public order,82
Bexley,2025-12-01,Robbery,29
Bexley,2025-12-01,Shoplifting,91
Bexley,2025-12-01,Theft from the person,17
Bexley,2025-12-01,Vehicle crime,149
Bexley,2025-12-01,Violence and sexual offences,505
Brent,2025-12-01,Anti-social behaviour,664
Brent,2025-12-01,Bicycle theft,14
Brent,2025-12-01,Burglary,150
Brent,2025-12-01,Criminal damage and arson,142
Brent,2025-12-01,Drugs,181
Brent,2025-12-01,Other crime,29
Brent,2025-12-01,Other theft,269
Brent,2025-12-01,Possession of weapons,22
Brent,2025-12-01,Public order,166
Brent,2025-12-01,Robbery,113
Brent,2025-12-01,Shoplifting,234
Brent,2025-12-01,Theft from the person,168
Brent,2025-12-01,Vehicle crime,207
Brent,2025-12-01,Violence and sexual offences,832
Bromley,2025-12-01,Anti-social behaviour,421
Bromley,2025-12-01,Bicycle theft,6
Bromley,2025-12-01,Burglary,121
Bromley,2025-12-01,Criminal damage and arson,148
Bromley,2025-12-01,Drugs,125
Bromley,2025-12-01,Other crime,40
Bromley,2025-12-01,Other theft,187
Bromley,2025-12-01,Possession of weapons,10
Bromley,2025-12-01,Public order,124
Bromley,2025-12-01,Robbery,52
Bromley,2025-12-01,Shoplifting,184
Bromley,2025-12-01,Theft from the person,44
Bromley,2025-12-01,Vehicle crime,227
Bromley,2025-12-01,Violence and sexual offences,662
Camden,2025-12-01,Anti-social behaviour,713
Camden,2025-12-01,Bicycle theft,60
Camden,2025-12-01,Burglary,205
Camden,2025-12-01,Criminal damage and arson,120
Camden,2025-12-01,Drugs,144
Camden,2025-12-01,Other crime,23
Camden,2025-12-01,Other theft,639
Camden,2025-12-01,Possession of weapons,8
Camden,2025-12-01,Public order,186
Camden,2025-12-01,Robbery,97
Camden,2025-12-01,Shoplifting,334
Camden,2025-12-01,Theft from the person,556
Camden,2025-12-01,Vehicle crime,184
Camden,2025-12-01,Violence and sexual offences,628
City of London,2025-12-01,Anti-social behaviour,4
City of London,2025-12-01,Bicycle theft,5
City of London,2025-12-01,Burglary,5
City of London,2025-12-01,Criminal damage and arson,6
City of London,2025-12-01,Drugs,8
City of London,2025-12-01,Other theft,57
City of London,2025-12-01,Possession of weapons,1
City of London,2025-12-01,Public order,7
City of London,2025-12-01,Robbery,10
City of London,2025-12-01,Shoplifting,23
City of London,2025-12-01,Theft from the person,39
City of London,2025-12-01,Vehicle crime,8
City of London,2025-12-01,Violence and sexual offences,23
Croydon,2025-12-01,Anti-social behaviour,609
Croydon,2025-12-01,Bicycle theft,18
Croydon,2025-12-01,Burglary,153
Croydon,2025-12-01,Criminal damage and arson,206
Croydon,2025-12-01,Drugs,167
Croydon,2025-12-01,Other crime,30
Croydon,2025-12-01,Other theft,220
Croydon,2025-12-01,Possession of weapons,18
Croydon,2025-12-01,Public order,191
Croydon,2025-12-01,Robbery,86
Croydon,2025-12-01,Shoplifting,226
Croydon,2025-12-01,Theft from the person,56
Croydon,2025-12-01,Vehicle crime,246
Croydon,2025-12-01,Violence and sexual offences,997
Ealing,2025-12-01,Anti-social behaviour,790
Ealing,2025-12-01,Bicycle theft,27
Ealing,2025-12-01,Burglary,196
Ealing,2025-12-01,Criminal damage and arson,178
Ealing,2025-12-01,Drugs,149
Ealing,2025-12-01,Other crime,26
Ealing,2025-12-01,Other theft,245
Ealing,2025-12-01,Possession of weapons,19
Ealing,2025-12-01,Public order,187
Ealing,2025-12-01,Robbery,62
Ealing,2025-12-01,Shoplifting,162
Ealing,2025-12-01,Theft from the person,95
Ealing,2025-12-01,Vehicle crime,338
Ealing,2025-12-01,Violence and sexual offences,896
Enfield,2025-12-01,Anti-social behaviour,590
Enfield,2025-12-01,Bicycle theft,10
Enfield,2025-12-01,Burglary,178
Enfield,2025-12-01,Criminal damage and arson,160
Enfield,2025-12-01,Drugs,143
Enfield,2025-12-01,Other crime,35
Enfield,2025-12-01,Other theft,229
Enfield,2025-12-01,Possession of weapons,14
Enfield,2025-12-01,Public order,136
Enfield,2025-12-01,Robbery,78
Enfield,2025-12-01,Shoplifting,199
Enfield,2025-12-01,Theft from the person,107
Enfield,2025-12-01,Vehicle crime,267
Enfield,2025-12-01,Violence and sexual offences,753
Greenwich,2025-12-01,Anti-social behaviour,442
Greenwich,2025-12-01,Bicycle theft,11
Greenwich,2025-12-01,Burglary,95
Greenwich,2025-12-01,Criminal damage and arson,130
Greenwich,2025-12-01,Drugs,141
Greenwich,2025-12-01,Other crime,32
Greenwich,2025-12-01,Other theft,239
Greenwich,2025-12-01,Possession of weapons,16
Greenwich,2025-12-01,Public order,144
Greenwich,2025-12-01,Robbery,77
Greenwich,2025-12-01,Shoplifting,161
Greenwich,2025-12-01,Theft from the person,77
Greenwich,2025-12-01,Vehicle crime,203
Greenwich,2025-12-01,Violence and sexual offences,861
Hackney,2025-12-01,Anti-social behaviour,538
Hackney,2025-12-01,Bicycle theft,85
Hackney,2025-12-01,Burglary,134
Hackney,2025-12-01,Criminal damage and arson,118
Hackney,2025-12-01,Drugs,183
Hackney,2025-12-01,Other crime,24
Hackney,2025-12-01,Other theft,281
Hackney,2025-12-01,Possession of weapons,22
Hackney,2025-12-01,Public order,162
Hackney,2025-12-01,Robbery,109
Hackney,2025-12-01,Shoplifting,209
Hackney,2025-12-01,Theft from the person,369
Hackney,2025-12-01,Vehicle crime,155
Hackney,2025-12-01,Violence and sexual offences,740
Hammersmith and Fulham,2025-12-01,Anti-social behaviour,410
Hammersmith and Fulham,2025-12-01,Bicycle theft,27
Hammersmith and Fulham,2025-12-01,Burglary,71
Hammersmith and Fulham,2025-12-01,Criminal damage and arson,89
Hammersmith and Fulham,2025-12-01,Drugs,109
Hammersmith and Fulham,2025-12-01,Other crime,23
Hammersmith and Fulham,2025-12-01,Other theft,216
Hammersmith and Fulham,2025-12-01,Possession of weapons,7
Hammersmith and Fulham,2025-12-01,Public order,128
Hammersmith and Fulham,2025-12-01,Robbery,45
Hammersmith and Fulham,2025-12-01,Shoplifting,207
Hammersmith and Fulham,2025-12-01,Theft from the person,88
Hammersmith and Fulham,2025-12-01,Vehicle crime,133
Hammersmith and Fulham,2025-12-01,Violence and sexual offences,518
Haringey,2025-12-01,Anti-social behaviour,568
Haringey,2025-12-01,Bicycle theft,32
Haringey,2025-12-01,Burglary,131
Haringey,2025-12-01,Criminal damage and arson,132
Haringey,2025-12-01,Drugs,160
Haringey,2025-12-01,Other crime,18
Haringey,2025-12-01,Other theft,213
Haringey,2025-12-01,Possession of weapons,15
Haringey,2025-12-01,Public order,129
Haringey,2025-12-01,Robbery,101
Haringey,2025-12-01,Shoplifting,168
Haringey,2025-12-01,Theft from the person,164
Haringey,2025-12-01,Vehicle crime,214
Haringey,2025-12-01,Violence and sexual offences,709
Harrow,2025-12-01,Anti-social behaviour,413
Harrow,2025-12-01,Bicycle theft,9
Harrow,2025-12-01,Burglary,105
Harrow,2025-12-01,Criminal damage and arson,73
Harrow,2025-12-01,Drugs,86
Harrow,2025-12-01,Other crime,11
Harrow,2025-12-01,Other theft,114
Harrow,2025-12-01,Possession of weapons,10
Harrow,2025-12-01,Public order,81
Harrow,2025-12-01,Robbery,35
Harrow,2025-12-01,Shoplifting,141
Harrow,2025-12-01,Theft from the person,62
Harrow,2025-12-01,Vehicle crime,133
Harrow,2025-12-01,Violence and sexual offences,417
Havering,2025-12-01,Anti-social behaviour,380
Havering,2025-12-01,Bicycle theft,6
Havering,2025-12-01,Burglary,91
Havering,2025-12-01,Criminal damage and arson,126
Havering,2025-12-01,Drugs,115
Havering,2025-12-01,Other crime,33
Havering,2025-12-01,Other theft,141
Havering,2025-12-01,Possession of weapons,15
Havering,2025-12-01,Public order,109
Havering,2025-12-01,Robbery,57
Havering,2025-12-01,Shoplifting,169
Havering,2025-12-01,Theft from the person,40
Havering,2025-12-01,Vehicle crime,172
Havering,2025-12-01,Violence and sexual offences,554
Hillingdon,2025-12-01,Anti-social behaviour,670
Hillingdon,2025-12-01,Bicycle theft,16
Hillingdon,2025-12-01,Burglary,116
Hillingdon,2025-12-01,Criminal damage and arson,173
Hillingdon,2025-12-01,Drugs,126
Hillingdon,2025-12-01,Other crime,133
Hillingdon,2025-12-01,Other theft,298
Hillingdon,2025-12-01,Possession of weapons,17
Hillingdon,2025-12-01,Public order,155
Hillingdon,2025-12-01,Robbery,58
Hillingdon,2025-12-01,Shoplifting,253
Hillingdon,2025-12-01,Theft from the person,88
Hillingdon,2025-12-01,Vehicle crime,277
Hillingdon,2025-12-01,Violence and sexual offences,825
Hounslow,2025-12-01,Anti-social behaviour,488
Hounslow,2025-12-01,Bicycle theft,29
Hounslow,2025-12-01,Burglary,107
Hounslow,2025-12-01,Criminal damage and arson,132
Hounslow,2025-12-01,Drugs,109
Hounslow,2025-12-01,Other crime,33
Hounslow,2025-12-01,Other theft,206
Hounslow,2025-12-01,Possession of weapons,19
Hounslow,2025-12-01,Public order,147
Hounslow,2025-12-01,Robbery,45
Hounslow,2025-12-01,Shoplifting,173
Hounslow,2025-12-01,Theft from the person,75
Hounslow,2025-12-01,Vehicle crime,205
Hounslow,2025-12-01,Violence and sexual offences,764
Islington,2025-12-01,Anti-social behaviour,633
Islington,2025-12-01,Bicycle theft,54
Islington,2025-12-01,Burglary,120
Islington,2025-12-01,Criminal damage and arson,98
Islington,2025-12-01,Drugs,184
Islington,2025-12-01,Other crime,28
Islington,2025-12-01,Other theft,376
Islington,2025-12-01,Possession of weapons,10
Islington,2025-12-01,Public order,159
Islington,2025-12-01,Robbery,100
Islington,2025-12-01,Shoplifting,285
Islington,2025-12-01,Theft from the person,252
Islington,2025-12-01,Vehicle crime,147
Islington,2025-12-01,Violence and sexual offences,630
Kensington and Chelsea,2025-12-01,Anti-social behaviour,376
Kensington and Chelsea,2025-12-01,Bicycle theft,19
Kensington and Chelsea,2025-12-01,Burglary,104
Kensington and Chelsea,2025-12-01,Criminal damage and arson,99
Kensington and Chelsea,2025-12-01,Drugs,68
Kensington and Chelsea,2025-12-01,Other crime,12
Kensington and Chelsea,2025-12-01,Other theft,265
Kensington and Chelsea,2025-12-01,Possession of weapons,4
Kensington and Chelsea,2025-12-01,Public order,104
Kensington and Chelsea,2025-12-01,Robbery,40
Kensington and Chelsea,2025-12-01,Shoplifting,238
Kensington and Chelsea,2025-12-01,Theft from the person,143
Kensington and Chelsea,2025-12-01,Vehicle crime,181
Kensington and Chelsea,2025-12-01,Violence and sexual offences,392
Kingston upon Thames,2025-12-01,Anti-social behaviour,230
Kingston upon Thames,2025-12-01,Bicycle theft,20
Kingston upon Thames,2025-12-01,Burglary,41
Kingston upon Thames,2025-12-01,Criminal damage and arson,57
Kingston upon Thames,2025-12-01,Drugs,58
Kingston upon Thames,2025-12-01,Other crime,8
Kingston upon Thames,2025-12-01,Other theft,99
Kingston upon Thames,2025-12-01,Possession of weapons,7
Kingston upon Thames,2025-12-01,Public order,59
Kingston upon Thames,2025-12-01,Robbery,16
Kingston upon Thames,2025-12-01,Shoplifting,138
Kingston upon Thames,2025-12-01,Theft from the person,32
Kingston upon Thames,2025-12-01,Vehicle crime,92
Kingston upon Thames,2025-12-01,Violence and sexual offences,350
Lambeth,2025-12-01,Anti-social behaviour,735
Lambeth,2025-12-01,Bicycle theft,62
Lambeth,2025-12-01,Burglary,185
Lambeth,2025-12-01,Criminal damage and arson,175
Lambeth,2025-12-01,Drugs,144
Lambeth,2025-12-01,Other crime,35
Lambeth,2025-12-01,Other theft,392
Lambeth,2025-12-01,Possession of weapons,27
Lambeth,2025-12-01,Public order,185
Lambeth,2025-12-01,Robbery,136
Lambeth,2025-12-01,Shoplifting,225
Lambeth,2025-12-01,Theft from the person,435
Lambeth,2025-12-01,Vehicle crime,201
Lambeth,2025-12-01,Violence and sexual offences,868
Lewisham,2025-12-01,Anti-social behaviour,482
Lewisham,2025-12-01,Bicycle theft,20
Lewisham,2025-12-01,Burglary,140
Lewisham,2025-12-01,Criminal damage and arson,171
Lewisham,2025-12-01,Drugs,139
Lewisham,2025-12-01,Other crime,34
Lewisham,2025-12-01,Other theft,205
Lewisham,2025-12-01,Possession of weapons,32
Lewisham,2025-12-01,Public order,140
Lewisham,2025-12-01,Robbery,99
Lewisham,2025-12-01,Shoplifting,206
Lewisham,2025-12-01,Theft from the person,95
Lewisham,2025-12-01,Vehicle crime,195
Lewisham,2025-12-01,Violence and sexual offences,851
Merton,2025-12-01,Anti-social behaviour,251
Merton,2025-12-01,Bicycle theft,18
Merton,2025-12-01,Burglary,70
Merton,2025-12-01,Criminal damage and arson,81
Merton,2025-12-01,Drugs,93
Merton,2025-12-01,Other crime,15
Merton,2025-12-01,Other theft,117
Merton,2025-12-01,Possession of weapons,6
Merton,2025-12-01,Public order,81
Merton,2025-12-01,Robbery,34
Merton,2025-12-01,Shoplifting,84
Merton,2025-12-01,Theft from the person,22
Merton,2025-12-01,Vehicle crime,103
Merton,2025-12-01,Violence and sexual offences,438
Newham,2025-12-01,Anti-social behaviour,653
Newham,2025-12-01,Bicycle theft,34
Newham,2025-12-01,Burglary,145
Newham,2025-12-01,Criminal damage and arson,165
Newham,2025-12-01,Drugs,265
Newham,2025-12-01,Other crime,48
Newham,2025-12-01,Other theft,381
Newham,2025-12-01,Possession of weapons,23
Newham,2025-12-01,Public order,157
Newham,2025-12-01,Robbery,152
Newham,2025-12-01,Shoplifting,301
Newham,2025-12-01,Theft from the person,373
Newham,2025-12-01,Vehicle crime,422
Newham,2025-12-01,Violence and sexual offences,966
Redbridge,2025-12-01,Anti-social behaviour,454
Redbridge,2025-12-01,Bicycle theft,14
Redbridge,2025-12-01,Burglary,114
Redbridge,2025-12-01,Criminal damage and arson,121
Redbridge,2025-12-01,Drugs,102
Redbridge,2025-12-01,Other crime,37
Redbridge,2025-12-01,Other theft,179
Redbridge,2025-12-01,Possession of weapons,22
Redbridge,2025-12-01,Public order,118
Redbridge,2025-12-01,Robbery,69
Redbridge,2025-12-01,Shoplifting,211
Redbridge,2025-12-01,Theft from the person,119
Redbridge,2025-12-01,Vehicle crime,220
Redbridge,2025-12-01,Violence and sexual offences,749
Richmond upon Thames,2025-12-01,Anti-social behaviour,213
Richmond upon Thames,2025-12-01,Bicycle theft,9
Richmond upon Thames,2025-12-01,Burglary,47
Richmond upon Thames,2025-12-01,Criminal damage and arson,86
Richmond upon Thames,2025-12-01,Drugs,27
Richmond upon Thames,2025-12-01,Other crime,8
Richmond upon Thames,2025-12-01,Other theft,107
Richmond upon Thames,2025-12-01,Possession of weapons,5
Richmond upon Thames,2025-12-01,Public order,78
Richmond upon Thames,2025-12-01,Robbery,14
Richmond upon Thames,2025-12-01,Shoplifting,82
Richmond upon Thames,2025-12-01,Theft from the person,27
Richmond upon Thames,2025-12-01,Vehicle crime,107
Richmond upon Thames,2025-12-01,Violence and sexual offences,282
Southwark,2025-12-01,Anti-social behaviour,667
Southwark,2025-12-01,Bicycle theft,51
Southwark,2025-12-01,Burglary,213
Southwark,2025-12-01,Criminal damage and arson,159
Southwark,2025-12-01,Drugs,142
Southwark,2025-12-01,Other crime,24
Southwark,2025-12-01,Other theft,447
Southwark,2025-12-01,Possession of weapons,21
Southwark,2025-12-01,Public order,163
Southwark,2025-12-01,Robbery,174
Southwark,2025-12-01,Shoplifting,209
Southwark,2025-12-01,Theft from the person,621
Southwark,2025-12-01,Vehicle crime,167
Southwark,2025-12-01,Violence and sexual offences,774
Sutton,2025-12-01,Anti-social behaviour,236
Sutton,2025-12-01,Bicycle theft,7
Sutton,2025-12-01,Burglary,69
Sutton,2025-12-01,Criminal damage and arson,73
Sutton,2025-12-01,Drugs,62
Sutton,2025-12-01,Other crime,17
Sutton,2025-12-01,Other theft,86
Sutton,2025-12-01,Possession of weapons,9
Sutton,2025-12-01,Public order,91
Sutton,2025-12-01,Robbery,13
Sutton,2025-12-01,Shoplifting,89
Sutton,2025-12-01,Theft from the person,18
Sutton,2025-12-01,Vehicle crime,94
Sutton,2025-12-01,Violence and sexual offences,395
Tower Hamlets,2025-12-01,Anti-social behaviour,693
Tower Hamlets,2025-12-01,Bicycle theft,59
Tower Hamlets,2025-12-01,Burglary,208
Tower Hamlets,2025-12-01,Criminal damage and arson,167
Tower Hamlets,2025-12-01,Drugs,278
Tower Hamlets,2025-12-01,Other crime,36
Tower Hamlets,2025-12-01,Other theft,359
Tower Hamlets,2025-12-01,Possession of weapons,25
Tower Hamlets,2025-12-01,Public order,206
Tower Hamlets,2025-12-01,Robbery,102
Tower Hamlets,2025-12-01,Shoplifting,267
Tower Hamlets,2025-12-01,Theft from the person,258
Tower Hamlets,2025-12-01,Vehicle crime,196
Tower Hamlets,2025-12-01,Violence and sexual offences,953
Waltham Forest,2025-12-01,Anti-social behaviour,474
Waltham Forest,2025-12-01,Bicycle theft,25
Waltham Forest,2025-12-01,Burglary,120
Waltham Forest,2025-12-01,Criminal damage and arson,120
Waltham Forest,2025-12-01,Drugs,156
Waltham Forest,2025-12-01,Other crime,26
Waltham Forest,2025-12-01,Other theft,208
Waltham Forest,2025-12-01,Possession of weapons,20
Waltham Forest,2025-12-01,Public order,127
Waltham Forest,2025-12-01,Robbery,65
Waltham Forest,2025-12-01,Shoplifting,136
Waltham Forest,2025-12-01,Theft from the person,146
Waltham Forest,2025-12-01,Vehicle crime,190
Waltham Forest,2025-12-01,Violence and sexual offences,550
Wandsworth,2025-12-01,Anti-social behaviour,492
Wandsworth,2025-12-01,Bicycle theft,43
Wandsworth,2025-12-01,Burglary,143
Wandsworth,2025-12-01,Criminal damage and arson,122
Wandsworth,2025-12-01,Drugs,80
Wandsworth,2025-12-01,Other crime,23
Wandsworth,2025-12-01,Other theft,258
Wandsworth,2025-12-01,Possession of weapons,15
Wandsworth,2025-12-01,Public order,154
Wandsworth,2025-12-01,Robbery,57
Wandsworth,2025-12-01,Shoplifting,180
Wandsworth,2025-12-01,Theft from the person,104
Wandsworth,2025-12-01,Vehicle crime,224
Wandsworth,2025-12-01,Violence and sexual offences,672
Westminster,2025-12-01,Anti-social behaviour,1135
Westminster,2025-12-01,Bicycle theft,59
Westminster,2025-12-01,Burglary,224
Westminster,2025-12-01,Criminal damage and arson,182
Westminster,2025-12-01,Drugs,233
Westminster,2025-12-01,Other crime,37
Westminster,2025-12-01,Other theft,1668
Westminster,2025-12-01,Possession of weapons,32
Westminster,2025-12-01,Public order,309
Westminster,2025-12-01,Robbery,284
Westminster,2025-12-01,Shoplifting,761
Westminster,2025-12-01,Theft from the person,2469
Westminster,2025-12-01,Vehicle crime,251
Westminster,2025-12-01,Violence and sexual offences,1111
